site_id,date,reason
3,2002-09-30,missing_observed_percent_bleaching
5,2007-07-21,missing_observed_percent_bleaching
13,2013-11-15,missing_observed_percent_bleaching
15,1997-08-10,missing_observed_percent_bleaching
17,2002-05-12,missing_observed_percent_bleaching
18,1997-08-09,missing_observed_percent_bleaching
19,1997-08-19,missing_observed_percent_bleaching
20,2004-10-12,missing_observed_percent_bleaching
25,1998-09-03,missing_observed_percent_bleaching
26,1997-08-28,missing_observed_percent_bleaching
28,1997-08-28,missing_observed_percent_bleaching
28,1998-08-31,missing_observed_percent_bleaching
33,2008-01-15,missing_observed_percent_bleaching
34,2008-01-15,missing_observed_percent_bleaching
35,2007-12-15,missing_observed_percent_bleaching
35,2008-01-15,missing_observed_percent_bleaching
39,2013-06-23,missing_observed_percent_bleaching
39,2016-04-25,missing_observed_percent_bleaching
40,2013-06-23,missing_observed_percent_bleaching
40,2016-04-25,missing_observed_percent_bleaching
41,1997-08-23,missing_observed_percent_bleaching
43,2003-04-12,missing_observed_percent_bleaching
44,2001-05-20,missing_observed_percent_bleaching
51,2002-05-05,missing_observed_percent_bleaching
52,2013-04-15,missing_observed_percent_bleaching
59,2001-04-22,missing_observed_percent_bleaching
59,2007-03-31,missing_observed_percent_bleaching
61,2014-06-14,missing_observed_percent_bleaching
69,2002-06-30,missing_observed_percent_bleaching
72,1997-06-24,missing_observed_percent_bleaching
76,2002-02-16,missing_observed_percent_bleaching
79,2002-02-16,missing_observed_percent_bleaching
87,2007-04-28,missing_observed_percent_bleaching
87,2008-03-29,missing_observed_percent_bleaching
89,1997-08-09,missing_observed_percent_bleaching
96,2008-05-30,missing_observed_percent_bleaching
98,2002-09-29,missing_observed_percent_bleaching
100,2002-09-01,missing_observed_percent_bleaching
101,2002-09-29,missing_observed_percent_bleaching
102,2002-07-06,missing_observed_percent_bleaching
104,2005-03-31,missing_observed_percent_bleaching
106,2002-04-28,missing_observed_percent_bleaching
107,2003-03-29,missing_observed_percent_bleaching
108,2005-09-04,missing_observed_percent_bleaching
109,2014-06-24,missing_observed_percent_bleaching
110,2002-04-27,missing_observed_percent_bleaching
112,2001-09-13,missing_observed_percent_bleaching
113,2002-04-21,missing_observed_percent_bleaching
114,1997-08-09,missing_observed_percent_bleaching
115,1999-07-09,missing_observed_percent_bleaching
117,2010-02-07,missing_observed_percent_bleaching
120,1999-09-10,missing_observed_percent_bleaching
123,2002-04-24,missing_observed_percent_bleaching
124,2001-09-09,missing_observed_percent_bleaching
125,2001-09-09,missing_observed_percent_bleaching
127,1999-08-08,missing_observed_percent_bleaching
128,1997-08-08,missing_observed_percent_bleaching
131,2003-03-11,missing_observed_percent_bleaching
131,2005-02-19,missing_observed_percent_bleaching
132,2005-03-20,missing_observed_percent_bleaching
134,2004-03-16,missing_observed_percent_bleaching
135,2002-03-28,missing_observed_percent_bleaching
135,2003-01-16,missing_observed_percent_bleaching
136,2003-01-16,missing_observed_percent_bleaching
136,2004-03-18,missing_observed_percent_bleaching
137,1999-09-16,missing_observed_percent_bleaching
138,2004-03-26,missing_observed_percent_bleaching
139,2002-04-23,missing_observed_percent_bleaching
139,2005-03-20,missing_observed_percent_bleaching
140,2002-03-27,missing_observed_percent_bleaching
140,2003-01-12,missing_observed_percent_bleaching
141,1998-08-05,missing_observed_percent_bleaching
141,1999-09-12,missing_observed_percent_bleaching
143,1998-08-03,missing_observed_percent_bleaching
143,1999-09-15,missing_observed_percent_bleaching
143,2002-03-27,missing_observed_percent_bleaching
144,2003-04-09,missing_observed_percent_bleaching
145,2003-04-08,missing_observed_percent_bleaching
146,2000-04-02,missing_observed_percent_bleaching
146,2001-05-12,missing_observed_percent_bleaching
147,2002-03-24,missing_observed_percent_bleaching
147,2003-01-13,missing_observed_percent_bleaching
148,1997-08-05,missing_observed_percent_bleaching
149,2002-03-26,missing_observed_percent_bleaching
149,2003-01-13,missing_observed_percent_bleaching
150,2001-03-26,missing_observed_percent_bleaching
152,1999-09-14,missing_observed_percent_bleaching
156,2001-05-05,missing_observed_percent_bleaching
158,2002-01-13,missing_observed_percent_bleaching
159,2002-06-04,missing_observed_percent_bleaching
160,2002-08-30,missing_observed_percent_bleaching
161,2002-03-30,missing_observed_percent_bleaching
162,1999-06-21,missing_observed_percent_bleaching
162,2001-07-28,missing_observed_percent_bleaching
162,2002-08-30,missing_observed_percent_bleaching
163,1998-05-11,missing_observed_percent_bleaching
165,1998-05-13,missing_observed_percent_bleaching
167,2017-03-27,missing_observed_percent_bleaching
168,2017-05-22,missing_observed_percent_bleaching
169,2016-04-19,missing_observed_percent_bleaching
173,2009-12-22,missing_observed_percent_bleaching
174,2009-11-24,missing_observed_percent_bleaching
179,2012-02-15,missing_observed_percent_bleaching
190,2010-02-23,missing_observed_percent_bleaching
194,2017-05-20,missing_observed_percent_bleaching
198,2017-05-21,missing_observed_percent_bleaching
202,2017-05-21,missing_observed_percent_bleaching
207,2017-05-20,missing_observed_percent_bleaching
217,2010-11-16,missing_observed_percent_bleaching
219,2017-06-24,missing_observed_percent_bleaching
231,2012-10-06,missing_observed_percent_bleaching
237,2017-06-24,missing_observed_percent_bleaching
264,2012-08-19,missing_observed_percent_bleaching
297,2015-11-27,missing_observed_percent_bleaching
307,1997-08-22,missing_observed_percent_bleaching
322,1997-07-31,missing_observed_percent_bleaching
326,2000-08-15,missing_observed_percent_bleaching
381,1999-06-02,missing_observed_percent_bleaching
381,2001-07-14,missing_observed_percent_bleaching
381,2002-08-29,missing_observed_percent_bleaching
382,1997-08-09,missing_observed_percent_bleaching
383,2002-01-18,missing_observed_percent_bleaching
384,2002-01-20,missing_observed_percent_bleaching
385,2001-05-06,missing_observed_percent_bleaching
385,2002-08-31,missing_observed_percent_bleaching
386,2002-05-04,missing_observed_percent_bleaching
674,2002-03-15,missing_observed_percent_bleaching
689,1997-07-07,missing_observed_percent_bleaching
1157,2007-08-15,missing_observed_percent_bleaching
1157,2007-09-15,missing_observed_percent_bleaching
1157,2007-11-15,missing_observed_percent_bleaching
1161,2007-11-15,missing_observed_percent_bleaching
1164,2007-12-15,missing_observed_percent_bleaching
1165,2007-12-15,missing_observed_percent_bleaching
1166,2007-12-15,missing_observed_percent_bleaching
1167,2007-12-15,missing_observed_percent_bleaching
1168,2007-12-15,missing_observed_percent_bleaching
1169,2007-12-15,missing_observed_percent_bleaching
1170,2010-12-15,missing_observed_percent_bleaching
1215,1987-09-15,missing_observed_percent_bleaching
1215,1998-03-15,missing_observed_percent_bleaching
1225,1987-06-15,missing_observed_percent_bleaching
1229,1999-07-30,missing_observed_percent_bleaching
1230,1999-07-31,missing_observed_percent_bleaching
1231,2003-05-12,missing_observed_percent_bleaching
1231,2004-05-08,missing_observed_percent_bleaching
1232,2012-05-13,missing_observed_percent_bleaching
1233,2003-05-15,missing_observed_percent_bleaching
1234,1998-06-15,missing_observed_percent_bleaching
1235,1998-06-15,missing_observed_percent_bleaching
1236,1998-06-15,missing_observed_percent_bleaching
1237,1998-06-15,missing_observed_percent_bleaching
1238,2000-06-28,missing_observed_percent_bleaching
1239,2002-06-19,missing_observed_percent_bleaching
1240,2005-07-15,missing_observed_percent_bleaching
1326,1983-09-15,missing_observed_percent_bleaching
1327,1987-09-15,missing_observed_percent_bleaching
1328,1987-09-15,missing_observed_percent_bleaching
1328,1987-10-15,missing_observed_percent_bleaching
1329,2005-09-15,missing_observed_percent_bleaching
1336,2005-11-15,missing_observed_percent_bleaching
1349,1997-07-25,missing_observed_percent_bleaching
1349,1998-06-05,missing_observed_percent_bleaching
1350,1999-08-13,missing_observed_percent_bleaching
1350,2000-07-07,missing_observed_percent_bleaching
1351,2000-07-07,missing_observed_percent_bleaching
1352,1998-06-05,missing_observed_percent_bleaching
1352,1999-08-13,missing_observed_percent_bleaching
1353,1998-05-19,missing_observed_percent_bleaching
1354,1999-08-20,missing_observed_percent_bleaching
1354,2000-07-14,missing_observed_percent_bleaching
1355,1998-08-07,missing_observed_percent_bleaching
1355,1999-08-20,missing_observed_percent_bleaching
1355,2000-07-14,missing_observed_percent_bleaching
1356,1998-08-07,missing_observed_percent_bleaching
1385,2001-04-22,missing_observed_percent_bleaching
1385,2002-01-19,missing_observed_percent_bleaching
1385,2002-04-21,missing_observed_percent_bleaching
1385,2002-08-31,missing_observed_percent_bleaching
1386,2002-08-31,missing_observed_percent_bleaching
1387,2001-04-22,missing_observed_percent_bleaching
1387,2001-09-15,missing_observed_percent_bleaching
1387,2002-08-31,missing_observed_percent_bleaching
1388,1997-08-01,missing_observed_percent_bleaching
1389,2001-04-22,missing_observed_percent_bleaching
1389,2001-09-15,missing_observed_percent_bleaching
1389,2002-08-31,missing_observed_percent_bleaching
1390,2002-04-21,missing_observed_percent_bleaching
1391,2002-05-18,missing_observed_percent_bleaching
1392,2002-01-19,missing_observed_percent_bleaching
1393,2002-05-19,missing_observed_percent_bleaching
1394,1997-08-06,missing_observed_percent_bleaching
1395,1997-08-06,missing_observed_percent_bleaching
1396,2002-05-12,missing_observed_percent_bleaching
1397,2002-01-19,missing_observed_percent_bleaching
1398,2001-04-22,missing_observed_percent_bleaching
1399,2002-01-19,missing_observed_percent_bleaching
1399,2002-05-12,missing_observed_percent_bleaching
1399,2002-08-31,missing_observed_percent_bleaching
1401,1997-07-30,missing_observed_percent_bleaching
1402,1997-08-16,missing_observed_percent_bleaching
1414,2005-09-15,missing_observed_percent_bleaching
1415,2005-09-15,missing_observed_percent_bleaching
1417,1987-11-15,missing_observed_percent_bleaching
1429,2007-05-15,missing_observed_percent_bleaching
1431,1997-05-24,missing_observed_percent_bleaching
1432,2001-08-31,missing_observed_percent_bleaching
1433,1997-08-30,missing_observed_percent_bleaching
1434,1997-06-24,missing_observed_percent_bleaching
1443,2000-07-15,missing_observed_percent_bleaching
1444,2000-07-15,missing_observed_percent_bleaching
1445,2000-07-15,missing_observed_percent_bleaching
1446,2000-07-15,missing_observed_percent_bleaching
1447,2000-07-15,missing_observed_percent_bleaching
1448,2000-07-15,missing_observed_percent_bleaching
1449,2000-07-15,missing_observed_percent_bleaching
1450,2000-07-15,missing_observed_percent_bleaching
1451,2000-07-15,missing_observed_percent_bleaching
1452,2000-07-15,missing_observed_percent_bleaching
1453,2000-07-15,missing_observed_percent_bleaching
1454,2000-07-15,missing_observed_percent_bleaching
1455,2000-07-15,missing_observed_percent_bleaching
1456,2000-07-15,missing_observed_percent_bleaching
1457,2000-07-15,missing_observed_percent_bleaching
1458,2000-07-15,missing_observed_percent_bleaching
1459,2000-07-15,missing_observed_percent_bleaching
1460,2000-07-15,missing_observed_percent_bleaching
1461,2000-07-15,missing_observed_percent_bleaching
1462,2000-07-15,missing_observed_percent_bleaching
1463,2000-07-15,missing_observed_percent_bleaching
1469,2007-12-15,missing_observed_percent_bleaching
1477,2005-08-15,missing_observed_percent_bleaching
1575,1995-09-15,missing_observed_percent_bleaching
1609,1991-07-15,missing_observed_percent_bleaching
1649,2003-08-15,missing_observed_percent_bleaching
1652,2002-03-27,missing_observed_percent_bleaching
1653,2002-03-26,missing_observed_percent_bleaching
1654,2002-03-26,missing_observed_percent_bleaching
1655,2002-03-25,missing_observed_percent_bleaching
1656,2002-03-20,missing_observed_percent_bleaching
1657,2002-03-19,missing_observed_percent_bleaching
1658,2002-03-18,missing_observed_percent_bleaching
1659,2002-03-23,missing_observed_percent_bleaching
1660,2002-03-24,missing_observed_percent_bleaching
1661,2004-12-16,missing_observed_percent_bleaching
1662,2004-12-15,missing_observed_percent_bleaching
1667,2003-01-07,missing_observed_percent_bleaching
1668,2003-01-21,missing_observed_percent_bleaching
1669,2002-09-20,missing_observed_percent_bleaching
1670,2003-02-06,missing_observed_percent_bleaching
1671,2003-02-05,missing_observed_percent_bleaching
1672,2003-02-05,missing_observed_percent_bleaching
1673,2003-02-04,missing_observed_percent_bleaching
1674,2003-03-19,missing_observed_percent_bleaching
1675,2002-11-08,missing_observed_percent_bleaching
1675,2003-03-21,missing_observed_percent_bleaching
1676,2003-03-21,missing_observed_percent_bleaching
1677,2002-11-07,missing_observed_percent_bleaching
1678,2002-11-07,missing_observed_percent_bleaching
1679,2002-11-06,missing_observed_percent_bleaching
1680,2002-11-05,missing_observed_percent_bleaching
1681,2002-11-05,missing_observed_percent_bleaching
1787,2010-11-09,missing_observed_percent_bleaching
1798,2004-05-13,missing_observed_percent_bleaching
1799,2002-06-16,missing_observed_percent_bleaching
1799,2006-05-04,missing_observed_percent_bleaching
1799,2009-05-19,missing_observed_percent_bleaching
1800,1999-08-08,missing_observed_percent_bleaching
1800,2002-06-15,missing_observed_percent_bleaching
1800,2004-05-11,missing_observed_percent_bleaching
1800,2008-05-29,missing_observed_percent_bleaching
1800,2009-05-20,missing_observed_percent_bleaching
1801,2001-07-08,missing_observed_percent_bleaching
1802,1997-08-30,missing_observed_percent_bleaching
1803,2001-06-24,missing_observed_percent_bleaching
1804,2006-08-01,missing_observed_percent_bleaching
1805,2002-06-26,missing_observed_percent_bleaching
1806,1997-08-16,missing_observed_percent_bleaching
1806,1998-07-25,missing_observed_percent_bleaching
1806,1999-08-01,missing_observed_percent_bleaching
1806,2001-06-03,missing_observed_percent_bleaching
1806,2002-06-17,missing_observed_percent_bleaching
1806,2004-05-12,missing_observed_percent_bleaching
1807,1999-08-15,missing_observed_percent_bleaching
1808,1997-08-23,missing_observed_percent_bleaching
1809,2006-05-10,missing_observed_percent_bleaching
1809,2008-05-28,missing_observed_percent_bleaching
1810,1987-08-15,missing_observed_percent_bleaching
1831,2005-10-15,missing_observed_percent_bleaching
1865,1999-06-15,missing_observed_percent_bleaching
1866,1999-06-15,missing_observed_percent_bleaching
1867,1999-06-15,missing_observed_percent_bleaching
1868,1999-06-15,missing_observed_percent_bleaching
1869,1999-06-15,missing_observed_percent_bleaching
1870,1999-06-15,missing_observed_percent_bleaching
1871,1999-06-15,missing_observed_percent_bleaching
1872,1999-06-15,missing_observed_percent_bleaching
1873,1999-06-15,missing_observed_percent_bleaching
1874,1999-06-15,missing_observed_percent_bleaching
1875,2000-06-15,missing_observed_percent_bleaching
1876,2000-06-15,missing_observed_percent_bleaching
1877,2000-06-15,missing_observed_percent_bleaching
1878,2000-06-15,missing_observed_percent_bleaching
1879,2000-06-15,missing_observed_percent_bleaching
1880,2000-06-15,missing_observed_percent_bleaching
1881,2000-06-15,missing_observed_percent_bleaching
1892,1987-09-15,missing_observed_percent_bleaching
1893,1987-09-15,missing_observed_percent_bleaching
1896,1997-08-20,missing_observed_percent_bleaching
1940,2010-05-15,missing_observed_percent_bleaching
1943,2001-04-28,missing_observed_percent_bleaching
1944,2010-05-24,missing_observed_percent_bleaching
1945,2010-05-20,missing_observed_percent_bleaching
1946,2009-08-31,missing_observed_percent_bleaching
1990,2010-05-15,missing_observed_percent_bleaching
2054,1998-07-01,missing_observed_percent_bleaching
2055,1997-07-26,missing_observed_percent_bleaching
2071,2000-11-14,missing_observed_percent_bleaching
2072,2000-11-13,missing_observed_percent_bleaching
2073,2002-01-12,missing_observed_percent_bleaching
2074,2000-11-13,missing_observed_percent_bleaching
2075,2002-01-16,missing_observed_percent_bleaching
2076,2000-11-14,missing_observed_percent_bleaching
2078,2001-07-27,missing_observed_percent_bleaching
2079,1998-09-05,missing_observed_percent_bleaching
2080,1997-08-10,missing_observed_percent_bleaching
2080,1999-07-10,missing_observed_percent_bleaching
2081,1998-08-22,missing_observed_percent_bleaching
2081,2001-06-23,missing_observed_percent_bleaching
2082,2001-09-22,missing_observed_percent_bleaching
2083,2000-09-23,missing_observed_percent_bleaching
2084,1997-07-27,missing_observed_percent_bleaching
2084,1998-09-27,missing_observed_percent_bleaching
2085,2001-08-12,missing_observed_percent_bleaching
2086,2002-09-08,missing_observed_percent_bleaching
2087,2012-09-23,missing_observed_percent_bleaching
2088,2001-08-11,missing_observed_percent_bleaching
2089,2001-09-02,missing_observed_percent_bleaching
2090,2010-08-01,missing_observed_percent_bleaching
2091,2004-07-31,missing_observed_percent_bleaching
2092,1997-08-31,missing_observed_percent_bleaching
2092,2001-06-24,missing_observed_percent_bleaching
2093,1997-08-15,missing_observed_percent_bleaching
2093,1998-09-20,missing_observed_percent_bleaching
2093,2001-10-05,missing_observed_percent_bleaching
2094,2001-09-22,missing_observed_percent_bleaching
2095,2001-08-18,missing_observed_percent_bleaching
2096,2001-08-25,missing_observed_percent_bleaching
2097,2001-10-11,missing_observed_percent_bleaching
2098,2001-10-05,missing_observed_percent_bleaching
2098,2010-08-04,missing_observed_percent_bleaching
2099,2002-08-18,missing_observed_percent_bleaching
2100,2004-08-08,missing_observed_percent_bleaching
2101,2001-09-02,missing_observed_percent_bleaching
2102,2004-09-25,missing_observed_percent_bleaching
2103,1998-09-24,missing_observed_percent_bleaching
2104,1997-06-22,missing_observed_percent_bleaching
2104,1998-08-28,missing_observed_percent_bleaching
2104,2001-09-16,missing_observed_percent_bleaching
2104,2002-08-02,missing_observed_percent_bleaching
2105,2006-09-09,missing_observed_percent_bleaching
2106,2001-07-28,missing_observed_percent_bleaching
2107,2001-09-12,missing_observed_percent_bleaching
2108,2001-09-12,missing_observed_percent_bleaching
2185,1999-09-05,missing_observed_percent_bleaching
2186,1998-09-28,missing_observed_percent_bleaching
2187,1998-09-27,missing_observed_percent_bleaching
2188,1999-09-04,missing_observed_percent_bleaching
2189,1998-04-26,missing_observed_percent_bleaching
2191,1997-08-17,missing_observed_percent_bleaching
2192,1997-08-18,missing_observed_percent_bleaching
2192,1998-08-29,missing_observed_percent_bleaching
2193,1999-07-18,missing_observed_percent_bleaching
2193,2000-09-12,missing_observed_percent_bleaching
2194,1999-07-18,missing_observed_percent_bleaching
2197,2000-09-23,missing_observed_percent_bleaching
2198,2000-09-23,missing_observed_percent_bleaching
2199,1998-09-06,missing_observed_percent_bleaching
2200,2000-09-23,missing_observed_percent_bleaching
2201,2000-09-23,missing_observed_percent_bleaching
2202,1998-09-19,missing_observed_percent_bleaching
2203,2000-09-17,missing_observed_percent_bleaching
2203,2002-12-15,missing_observed_percent_bleaching
2204,1999-09-19,missing_observed_percent_bleaching
2205,2000-09-17,missing_observed_percent_bleaching
2205,2001-12-16,missing_observed_percent_bleaching
2205,2002-12-15,missing_observed_percent_bleaching
2206,1998-09-19,missing_observed_percent_bleaching
2207,2000-09-17,missing_observed_percent_bleaching
2207,2002-12-15,missing_observed_percent_bleaching
2208,2000-09-17,missing_observed_percent_bleaching
2208,2001-12-16,missing_observed_percent_bleaching
2208,2002-12-15,missing_observed_percent_bleaching
2209,1998-09-19,missing_observed_percent_bleaching
2210,1998-09-19,missing_observed_percent_bleaching
2211,1999-09-27,missing_observed_percent_bleaching
2212,2002-12-15,missing_observed_percent_bleaching
2213,1999-09-30,missing_observed_percent_bleaching
2214,2002-12-15,missing_observed_percent_bleaching
2214,2004-12-15,missing_observed_percent_bleaching
2216,2005-06-15,missing_observed_percent_bleaching
2217,2005-07-15,missing_observed_percent_bleaching
2238,1987-08-15,missing_observed_percent_bleaching
2239,1987-08-15,missing_observed_percent_bleaching
2240,2010-08-15,missing_observed_percent_bleaching
2303,1987-11-15,missing_observed_percent_bleaching
2304,2010-11-15,missing_observed_percent_bleaching
2328,1999-05-15,missing_observed_percent_bleaching
2328,2000-05-15,missing_observed_percent_bleaching
2329,1999-05-15,missing_observed_percent_bleaching
2330,2000-04-09,missing_observed_percent_bleaching
2330,2001-10-24,missing_observed_percent_bleaching
2331,2004-04-20,missing_observed_percent_bleaching
2366,2001-08-15,missing_observed_percent_bleaching
2367,2007-08-15,missing_observed_percent_bleaching
2373,2010-03-15,missing_observed_percent_bleaching
2396,1999-11-15,missing_observed_percent_bleaching
2397,1999-11-15,missing_observed_percent_bleaching
2402,1987-03-15,missing_observed_percent_bleaching
2403,1983-06-15,missing_observed_percent_bleaching
2403,1984-06-15,missing_observed_percent_bleaching
2404,1983-06-15,missing_observed_percent_bleaching
2405,1983-06-15,missing_observed_percent_bleaching
2406,1983-06-15,missing_observed_percent_bleaching
2408,1983-06-15,missing_observed_percent_bleaching
2408,1998-06-15,missing_observed_percent_bleaching
2409,1994-06-15,missing_observed_percent_bleaching
2410,1994-06-15,missing_observed_percent_bleaching
2448,2001-03-15,missing_observed_percent_bleaching
2449,2001-03-15,missing_observed_percent_bleaching
2450,2001-03-15,missing_observed_percent_bleaching
2451,2001-03-15,missing_observed_percent_bleaching
2452,2001-03-15,missing_observed_percent_bleaching
2453,2001-03-15,missing_observed_percent_bleaching
2454,2001-03-15,missing_observed_percent_bleaching
2455,2001-03-15,missing_observed_percent_bleaching
2456,2001-03-15,missing_observed_percent_bleaching
2457,2001-03-15,missing_observed_percent_bleaching
2458,2001-03-15,missing_observed_percent_bleaching
2459,2001-03-15,missing_observed_percent_bleaching
2460,2001-03-15,missing_observed_percent_bleaching
2461,2001-03-15,missing_observed_percent_bleaching
2462,2001-03-15,missing_observed_percent_bleaching
2463,2001-03-15,missing_observed_percent_bleaching
2464,2001-03-15,missing_observed_percent_bleaching
2465,2001-03-15,missing_observed_percent_bleaching
2466,2001-03-15,missing_observed_percent_bleaching
2467,2001-03-15,missing_observed_percent_bleaching
2468,2001-03-15,missing_observed_percent_bleaching
2469,2001-03-15,missing_observed_percent_bleaching
2470,2001-03-15,missing_observed_percent_bleaching
2471,2001-03-15,missing_observed_percent_bleaching
2472,2001-03-15,missing_observed_percent_bleaching
2473,2001-03-15,missing_observed_percent_bleaching
2474,2001-03-15,missing_observed_percent_bleaching
2475,2001-03-15,missing_observed_percent_bleaching
2476,2001-03-15,missing_observed_percent_bleaching
2477,2001-03-15,missing_observed_percent_bleaching
2478,2001-03-15,missing_observed_percent_bleaching
2479,2001-03-15,missing_observed_percent_bleaching
2480,2001-03-15,missing_observed_percent_bleaching
2481,2001-03-15,missing_observed_percent_bleaching
2482,2001-03-15,missing_observed_percent_bleaching
2483,2001-03-15,missing_observed_percent_bleaching
2484,2001-03-15,missing_observed_percent_bleaching
2485,2001-03-15,missing_observed_percent_bleaching
2486,2001-03-15,missing_observed_percent_bleaching
2487,2001-03-15,missing_observed_percent_bleaching
2488,2001-03-15,missing_observed_percent_bleaching
2489,2001-03-15,missing_observed_percent_bleaching
2490,2001-03-15,missing_observed_percent_bleaching
2491,2001-03-15,missing_observed_percent_bleaching
2492,2001-03-15,missing_observed_percent_bleaching
2503,2001-05-15,missing_observed_percent_bleaching
2504,2001-05-15,missing_observed_percent_bleaching
2505,2001-05-15,missing_observed_percent_bleaching
2506,2001-05-15,missing_observed_percent_bleaching
2507,2001-05-15,missing_observed_percent_bleaching
2508,2001-05-15,missing_observed_percent_bleaching
2509,2001-05-15,missing_observed_percent_bleaching
2510,2001-05-15,missing_observed_percent_bleaching
2511,2001-05-15,missing_observed_percent_bleaching
2512,2001-05-15,missing_observed_percent_bleaching
2513,2001-05-15,missing_observed_percent_bleaching
2514,2001-05-15,missing_observed_percent_bleaching
2515,2001-05-15,missing_observed_percent_bleaching
2516,2001-05-15,missing_observed_percent_bleaching
2517,2001-05-15,missing_observed_percent_bleaching
2520,2001-04-04,missing_observed_percent_bleaching
2520,2002-02-06,missing_observed_percent_bleaching
2520,2004-07-06,missing_observed_percent_bleaching
2521,2001-02-22,missing_observed_percent_bleaching
2521,2002-02-06,missing_observed_percent_bleaching
2522,1998-06-15,missing_observed_percent_bleaching
2523,1998-06-15,missing_observed_percent_bleaching
2524,2001-06-15,missing_observed_percent_bleaching
2525,2001-06-15,missing_observed_percent_bleaching
2526,2001-06-15,missing_observed_percent_bleaching
2527,2001-06-15,missing_observed_percent_bleaching
2528,2001-06-15,missing_observed_percent_bleaching
2529,2001-06-15,missing_observed_percent_bleaching
2530,2001-06-15,missing_observed_percent_bleaching
2531,2001-06-15,missing_observed_percent_bleaching
2532,2001-06-15,missing_observed_percent_bleaching
2533,2001-06-15,missing_observed_percent_bleaching
2534,2001-06-15,missing_observed_percent_bleaching
2535,2001-06-15,missing_observed_percent_bleaching
2536,2001-06-15,missing_observed_percent_bleaching
2537,2001-06-15,missing_observed_percent_bleaching
2576,2001-08-15,missing_observed_percent_bleaching
2577,2001-08-15,missing_observed_percent_bleaching
2578,2001-08-15,missing_observed_percent_bleaching
2579,2001-08-15,missing_observed_percent_bleaching
2580,2001-08-15,missing_observed_percent_bleaching
2581,2001-08-15,missing_observed_percent_bleaching
2582,2001-08-15,missing_observed_percent_bleaching
2583,2001-08-15,missing_observed_percent_bleaching
2584,2001-08-15,missing_observed_percent_bleaching
2585,2001-08-15,missing_observed_percent_bleaching
2586,2001-08-15,missing_observed_percent_bleaching
2587,2001-08-15,missing_observed_percent_bleaching
2588,2001-08-15,missing_observed_percent_bleaching
2589,2001-08-15,missing_observed_percent_bleaching
2590,2001-08-15,missing_observed_percent_bleaching
2591,2001-08-15,missing_observed_percent_bleaching
2592,2001-08-15,missing_observed_percent_bleaching
2593,2001-08-15,missing_observed_percent_bleaching
2594,2001-08-15,missing_observed_percent_bleaching
2595,2001-08-15,missing_observed_percent_bleaching
2596,2001-08-15,missing_observed_percent_bleaching
2597,2001-08-15,missing_observed_percent_bleaching
2598,2001-08-15,missing_observed_percent_bleaching
2599,2001-08-15,missing_observed_percent_bleaching
2600,2001-08-15,missing_observed_percent_bleaching
2720,2010-05-08,missing_observed_percent_bleaching
2737,2004-07-15,missing_observed_percent_bleaching
2738,2004-07-15,missing_observed_percent_bleaching
2739,2004-07-15,missing_observed_percent_bleaching
2751,2003-08-15,missing_observed_percent_bleaching
2752,2003-08-15,missing_observed_percent_bleaching
2753,2003-08-15,missing_observed_percent_bleaching
2754,2003-08-15,missing_observed_percent_bleaching
2755,2003-08-15,missing_observed_percent_bleaching
2756,2003-08-15,missing_observed_percent_bleaching
2757,2003-08-15,missing_observed_percent_bleaching
2758,2003-08-15,missing_observed_percent_bleaching
2759,2003-08-15,missing_observed_percent_bleaching
2760,2004-08-15,missing_observed_percent_bleaching
2761,2004-08-15,missing_observed_percent_bleaching
2762,2004-08-15,missing_observed_percent_bleaching
2763,2004-08-15,missing_observed_percent_bleaching
2764,2004-08-15,missing_observed_percent_bleaching
2765,2004-08-15,missing_observed_percent_bleaching
2766,2004-08-15,missing_observed_percent_bleaching
2767,1987-09-15,missing_observed_percent_bleaching
2829,2009-12-15,missing_observed_percent_bleaching
2853,1997-03-15,missing_observed_percent_bleaching
2854,1987-03-15,missing_observed_percent_bleaching
2872,2009-05-15,missing_observed_percent_bleaching
2875,2003-09-14,missing_observed_percent_bleaching
2876,2013-04-24,missing_observed_percent_bleaching
2877,2003-05-27,missing_observed_percent_bleaching
2878,2013-04-20,missing_observed_percent_bleaching
2879,2003-05-22,missing_observed_percent_bleaching
2880,2003-09-23,missing_observed_percent_bleaching
2881,2003-09-21,missing_observed_percent_bleaching
2882,2003-09-18,missing_observed_percent_bleaching
2883,2003-09-17,missing_observed_percent_bleaching
2884,2001-06-05,missing_observed_percent_bleaching
2885,2001-06-06,missing_observed_percent_bleaching
2886,2001-06-07,missing_observed_percent_bleaching
2887,2007-09-20,missing_observed_percent_bleaching
2888,2007-03-24,missing_observed_percent_bleaching
2888,2007-09-16,missing_observed_percent_bleaching
2889,2007-03-24,missing_observed_percent_bleaching
2889,2007-09-24,missing_observed_percent_bleaching
2890,2007-03-31,missing_observed_percent_bleaching
2890,2007-09-16,missing_observed_percent_bleaching
2891,1997-08-11,missing_observed_percent_bleaching
2892,1997-08-01,missing_observed_percent_bleaching
2893,1997-08-04,missing_observed_percent_bleaching
2894,1997-08-06,missing_observed_percent_bleaching
2895,1997-08-02,missing_observed_percent_bleaching
2896,2009-03-31,missing_observed_percent_bleaching
2897,1997-08-03,missing_observed_percent_bleaching
2899,2009-03-27,missing_observed_percent_bleaching
2900,1997-07-31,missing_observed_percent_bleaching
2901,1997-08-07,missing_observed_percent_bleaching
2902,2001-08-11,missing_observed_percent_bleaching
2903,2001-08-12,missing_observed_percent_bleaching
2904,2001-08-10,missing_observed_percent_bleaching
2905,1997-07-21,missing_observed_percent_bleaching
2905,1997-08-12,missing_observed_percent_bleaching
2906,1997-07-07,missing_observed_percent_bleaching
2907,1997-06-30,missing_observed_percent_bleaching
2908,1997-06-30,missing_observed_percent_bleaching
2909,1997-07-29,missing_observed_percent_bleaching
2910,1997-07-15,missing_observed_percent_bleaching
2911,2001-08-14,missing_observed_percent_bleaching
2912,1997-07-19,missing_observed_percent_bleaching
2912,1997-08-15,missing_observed_percent_bleaching
2913,2001-08-19,missing_observed_percent_bleaching
2914,1997-07-01,missing_observed_percent_bleaching
2915,1997-07-25,missing_observed_percent_bleaching
2915,1997-08-13,missing_observed_percent_bleaching
2916,1997-08-01,missing_observed_percent_bleaching
2916,2004-09-13,missing_observed_percent_bleaching
2917,2007-05-20,missing_observed_percent_bleaching
2918,2002-06-19,missing_observed_percent_bleaching
2918,2004-09-07,missing_observed_percent_bleaching
2919,1997-07-25,missing_observed_percent_bleaching
2919,2000-06-26,missing_observed_percent_bleaching
2920,2002-06-14,missing_observed_percent_bleaching
2921,1997-07-13,missing_observed_percent_bleaching
2922,1997-07-19,missing_observed_percent_bleaching
2922,1997-08-27,missing_observed_percent_bleaching
2922,2001-09-18,missing_observed_percent_bleaching
2923,1997-07-23,missing_observed_percent_bleaching
2923,2000-06-22,missing_observed_percent_bleaching
2924,2002-06-17,missing_observed_percent_bleaching
2925,2000-06-17,missing_observed_percent_bleaching
2926,1997-06-26,missing_observed_percent_bleaching
2927,1997-07-18,missing_observed_percent_bleaching
2928,2001-09-05,missing_observed_percent_bleaching
2929,2000-06-28,missing_observed_percent_bleaching
2930,1997-08-24,missing_observed_percent_bleaching
2931,2000-06-25,missing_observed_percent_bleaching
2932,2002-06-17,missing_observed_percent_bleaching
2933,1997-07-24,missing_observed_percent_bleaching
2933,1997-08-26,missing_observed_percent_bleaching
2934,2001-09-19,missing_observed_percent_bleaching
2935,1997-06-25,missing_observed_percent_bleaching
2936,1997-07-20,missing_observed_percent_bleaching
2936,2001-09-09,missing_observed_percent_bleaching
2936,2004-09-05,missing_observed_percent_bleaching
2937,1997-09-02,missing_observed_percent_bleaching
2938,2002-06-18,missing_observed_percent_bleaching
2939,1997-07-11,missing_observed_percent_bleaching
2939,2000-06-29,missing_observed_percent_bleaching
2940,1997-08-06,missing_observed_percent_bleaching
2941,1997-05-02,missing_observed_percent_bleaching
2941,1997-08-25,missing_observed_percent_bleaching
2942,2004-09-10,missing_observed_percent_bleaching
2943,2001-09-16,missing_observed_percent_bleaching
2944,1997-06-24,missing_observed_percent_bleaching
2944,1997-07-07,missing_observed_percent_bleaching
2945,1997-08-07,missing_observed_percent_bleaching
2946,2002-06-22,missing_observed_percent_bleaching
2947,1997-06-20,missing_observed_percent_bleaching
2947,1997-07-22,missing_observed_percent_bleaching
2948,1997-07-19,missing_observed_percent_bleaching
2950,2002-06-20,missing_observed_percent_bleaching
2950,2006-07-22,missing_observed_percent_bleaching
2951,2002-06-20,missing_observed_percent_bleaching
2952,2005-08-03,missing_observed_percent_bleaching
2953,2004-05-04,missing_observed_percent_bleaching
2954,1997-07-18,missing_observed_percent_bleaching
2955,1997-07-17,missing_observed_percent_bleaching
2956,1997-07-24,missing_observed_percent_bleaching
2957,1997-07-16,missing_observed_percent_bleaching
3037,2000-04-25,missing_observed_percent_bleaching
3038,2000-04-24,missing_observed_percent_bleaching
3042,2000-03-06,missing_observed_percent_bleaching
3043,2000-02-22,missing_observed_percent_bleaching
3043,2002-02-21,missing_observed_percent_bleaching
3043,2002-09-10,missing_observed_percent_bleaching
3044,2000-03-09,missing_observed_percent_bleaching
3045,2001-07-12,missing_observed_percent_bleaching
3045,2001-10-03,missing_observed_percent_bleaching
3045,2002-05-08,missing_observed_percent_bleaching
3046,2000-03-03,missing_observed_percent_bleaching
3046,2001-10-03,missing_observed_percent_bleaching
3046,2002-09-24,missing_observed_percent_bleaching
3047,2000-02-25,missing_observed_percent_bleaching
3048,2000-02-24,missing_observed_percent_bleaching
3049,2000-02-28,missing_observed_percent_bleaching
3050,2001-06-06,missing_observed_percent_bleaching
3050,2002-04-22,missing_observed_percent_bleaching
3051,2000-03-01,missing_observed_percent_bleaching
3052,2001-09-25,missing_observed_percent_bleaching
3053,2001-09-25,missing_observed_percent_bleaching
3053,2002-10-01,missing_observed_percent_bleaching
3054,2001-10-02,missing_observed_percent_bleaching
3054,2002-09-25,missing_observed_percent_bleaching
3055,2000-03-08,missing_observed_percent_bleaching
3055,2001-09-24,missing_observed_percent_bleaching
3055,2002-02-07,missing_observed_percent_bleaching
3055,2002-06-20,missing_observed_percent_bleaching
3056,2000-03-08,missing_observed_percent_bleaching
3056,2001-07-31,missing_observed_percent_bleaching
3056,2002-01-16,missing_observed_percent_bleaching
3056,2002-03-27,missing_observed_percent_bleaching
3057,2001-10-01,missing_observed_percent_bleaching
3057,2002-09-26,missing_observed_percent_bleaching
3058,2001-09-26,missing_observed_percent_bleaching
3059,2001-09-27,missing_observed_percent_bleaching
3059,2002-09-30,missing_observed_percent_bleaching
3060,2001-09-27,missing_observed_percent_bleaching
3060,2002-09-27,missing_observed_percent_bleaching
3061,2002-10-16,missing_observed_percent_bleaching
3062,2002-09-10,missing_observed_percent_bleaching
3081,2008-01-15,missing_observed_percent_bleaching
3082,2008-01-15,missing_observed_percent_bleaching
3083,2007-10-15,missing_observed_percent_bleaching
3083,2008-01-15,missing_observed_percent_bleaching
3093,1999-06-10,missing_observed_percent_bleaching
3094,1999-06-11,missing_observed_percent_bleaching
3095,1999-06-09,missing_observed_percent_bleaching
3096,1999-08-15,missing_observed_percent_bleaching
3097,2002-03-14,missing_observed_percent_bleaching
3098,1999-06-18,missing_observed_percent_bleaching
3099,1999-06-20,missing_observed_percent_bleaching
3100,1997-07-20,missing_observed_percent_bleaching
3101,2003-07-15,missing_observed_percent_bleaching
3102,2003-07-15,missing_observed_percent_bleaching
3103,2000-02-27,missing_observed_percent_bleaching
3103,2001-12-20,missing_observed_percent_bleaching
3104,2003-06-19,missing_observed_percent_bleaching
3105,2001-12-20,missing_observed_percent_bleaching
3106,2006-05-16,missing_observed_percent_bleaching
3107,2002-09-17,missing_observed_percent_bleaching
3108,2001-08-18,missing_observed_percent_bleaching
3109,2002-09-20,missing_observed_percent_bleaching
3110,2001-08-20,missing_observed_percent_bleaching
3111,2001-08-15,missing_observed_percent_bleaching
3112,2001-10-08,missing_observed_percent_bleaching
3113,2002-09-19,missing_observed_percent_bleaching
3114,2002-09-17,missing_observed_percent_bleaching
3115,2002-09-15,missing_observed_percent_bleaching
3116,2002-09-15,missing_observed_percent_bleaching
3117,2002-09-16,missing_observed_percent_bleaching
3118,1997-09-23,missing_observed_percent_bleaching
3119,2002-08-21,missing_observed_percent_bleaching
3120,2004-11-30,missing_observed_percent_bleaching
3121,2002-08-19,missing_observed_percent_bleaching
3122,2002-08-20,missing_observed_percent_bleaching
3123,2002-09-23,missing_observed_percent_bleaching
3124,2002-09-25,missing_observed_percent_bleaching
3125,2002-09-24,missing_observed_percent_bleaching
3126,2002-09-25,missing_observed_percent_bleaching
3127,2002-09-25,missing_observed_percent_bleaching
3128,2002-09-24,missing_observed_percent_bleaching
3129,1997-07-08,missing_observed_percent_bleaching
3130,2002-06-14,missing_observed_percent_bleaching
3131,2001-11-27,missing_observed_percent_bleaching
3132,2002-03-08,missing_observed_percent_bleaching
3133,2002-03-05,missing_observed_percent_bleaching
3135,2002-03-07,missing_observed_percent_bleaching
3136,2000-04-20,missing_observed_percent_bleaching
3137,2002-03-13,missing_observed_percent_bleaching
3138,2000-04-19,missing_observed_percent_bleaching
3139,2000-04-19,missing_observed_percent_bleaching
3140,2000-04-19,missing_observed_percent_bleaching
3141,2003-01-30,missing_observed_percent_bleaching
3142,2000-04-19,missing_observed_percent_bleaching
3143,2000-04-20,missing_observed_percent_bleaching
3145,2002-03-06,missing_observed_percent_bleaching
3146,2001-12-04,missing_observed_percent_bleaching
3147,2002-09-12,missing_observed_percent_bleaching
3148,2002-09-09,missing_observed_percent_bleaching
3148,2003-10-30,missing_observed_percent_bleaching
3149,2002-07-31,missing_observed_percent_bleaching
3149,2002-11-04,missing_observed_percent_bleaching
3149,2003-01-08,missing_observed_percent_bleaching
3150,2002-09-11,missing_observed_percent_bleaching
3152,2002-03-11,missing_observed_percent_bleaching
3153,2002-01-07,missing_observed_percent_bleaching
3154,2002-03-13,missing_observed_percent_bleaching
3155,2002-03-13,missing_observed_percent_bleaching
3156,2002-09-13,missing_observed_percent_bleaching
3157,2005-03-14,missing_observed_percent_bleaching
3158,2002-01-06,missing_observed_percent_bleaching
3159,2002-01-07,missing_observed_percent_bleaching
3160,2002-02-28,missing_observed_percent_bleaching
3160,2002-07-08,missing_observed_percent_bleaching
3162,1997-07-10,missing_observed_percent_bleaching
3163,1997-09-19,missing_observed_percent_bleaching
3164,1997-09-08,missing_observed_percent_bleaching
3175,1999-03-15,missing_observed_percent_bleaching
3176,1999-03-15,missing_observed_percent_bleaching
3177,1999-03-15,missing_observed_percent_bleaching
3231,1999-09-15,missing_observed_percent_bleaching
3232,1999-10-15,missing_observed_percent_bleaching
3312,2017-04-29,missing_observed_percent_bleaching
3315,2013-06-29,missing_observed_percent_bleaching
3340,2019-02-23,missing_observed_percent_bleaching
3367,2007-11-15,missing_observed_percent_bleaching
3369,2008-11-15,missing_observed_percent_bleaching
3387,2007-12-15,missing_observed_percent_bleaching
3393,2012-01-19,missing_observed_percent_bleaching
3394,2012-01-20,missing_observed_percent_bleaching
3395,2015-12-02,missing_observed_percent_bleaching
3396,2016-06-11,missing_observed_percent_bleaching
3397,2010-11-30,missing_observed_percent_bleaching
3397,2016-09-07,missing_observed_percent_bleaching
3398,2016-06-11,missing_observed_percent_bleaching
3399,2016-06-12,missing_observed_percent_bleaching
3400,2016-06-10,missing_observed_percent_bleaching
3401,2016-09-11,missing_observed_percent_bleaching
3402,2016-03-30,missing_observed_percent_bleaching
3403,2016-03-30,missing_observed_percent_bleaching
3403,2016-06-13,missing_observed_percent_bleaching
3470,2005-04-27,missing_observed_percent_bleaching
3472,1999-02-10,missing_observed_percent_bleaching
3475,1999-10-05,missing_observed_percent_bleaching
3489,1991-03-15,missing_observed_percent_bleaching
3490,2009-03-15,missing_observed_percent_bleaching
3510,1995-09-15,missing_observed_percent_bleaching
3511,1995-09-15,missing_observed_percent_bleaching
3512,1995-09-15,missing_observed_percent_bleaching
3513,1995-09-15,missing_observed_percent_bleaching
3514,1995-09-15,missing_observed_percent_bleaching
3515,1995-09-15,missing_observed_percent_bleaching
3516,1995-09-15,missing_observed_percent_bleaching
3517,1995-09-15,missing_observed_percent_bleaching
3616,2004-05-20,missing_observed_percent_bleaching
3617,2004-05-21,missing_observed_percent_bleaching
3618,2010-09-15,missing_observed_percent_bleaching
3628,2006-09-15,missing_observed_percent_bleaching
3629,2006-09-15,missing_observed_percent_bleaching
3630,2007-09-15,missing_observed_percent_bleaching
3631,2007-09-15,missing_observed_percent_bleaching
3632,2007-09-15,missing_observed_percent_bleaching
3633,2007-09-15,missing_observed_percent_bleaching
3634,2006-10-15,missing_observed_percent_bleaching
3635,2006-10-15,missing_observed_percent_bleaching
3715,2003-08-11,missing_observed_percent_bleaching
3716,2003-08-11,missing_observed_percent_bleaching
3717,2003-07-24,missing_observed_percent_bleaching
3718,2003-07-23,missing_observed_percent_bleaching
3719,1999-12-28,missing_observed_percent_bleaching
3720,1997-08-15,missing_observed_percent_bleaching
3721,1999-03-01,missing_observed_percent_bleaching
3794,2002-02-15,missing_observed_percent_bleaching
3806,2010-05-15,missing_observed_percent_bleaching
3818,1999-05-15,missing_observed_percent_bleaching
3819,1998-06-15,missing_observed_percent_bleaching
3822,2010-07-15,missing_observed_percent_bleaching
3822,2010-10-15,missing_observed_percent_bleaching
3823,2010-07-15,missing_observed_percent_bleaching
3823,2010-10-15,missing_observed_percent_bleaching
3824,2010-07-15,missing_observed_percent_bleaching
3824,2010-10-15,missing_observed_percent_bleaching
3825,2010-07-15,missing_observed_percent_bleaching
3826,2010-07-15,missing_observed_percent_bleaching
3827,2010-07-15,missing_observed_percent_bleaching
3827,2010-10-15,missing_observed_percent_bleaching
3828,2010-07-15,missing_observed_percent_bleaching
3828,2010-10-15,missing_observed_percent_bleaching
3829,2010-07-15,missing_observed_percent_bleaching
3829,2010-10-15,missing_observed_percent_bleaching
3830,2010-07-15,missing_observed_percent_bleaching
3831,2010-07-15,missing_observed_percent_bleaching
3832,2010-07-15,missing_observed_percent_bleaching
3833,2010-10-15,missing_observed_percent_bleaching
3834,2010-10-15,missing_observed_percent_bleaching
3835,2010-10-15,missing_observed_percent_bleaching
3836,1998-11-15,missing_observed_percent_bleaching
3837,2010-11-15,missing_observed_percent_bleaching
3852,1983-05-15,missing_observed_percent_bleaching
3858,1997-07-29,missing_observed_percent_bleaching
3859,2003-05-06,missing_observed_percent_bleaching
3860,2003-05-06,missing_observed_percent_bleaching
3861,2001-07-27,missing_observed_percent_bleaching
3861,2002-06-04,missing_observed_percent_bleaching
3862,2002-06-15,missing_observed_percent_bleaching
3863,2003-06-15,missing_observed_percent_bleaching
3864,2001-07-27,missing_observed_percent_bleaching
3864,2002-06-11,missing_observed_percent_bleaching
3865,2000-09-15,missing_observed_percent_bleaching
3866,2001-07-27,missing_observed_percent_bleaching
3866,2002-07-07,missing_observed_percent_bleaching
3867,2003-08-20,missing_observed_percent_bleaching
3868,2000-09-15,missing_observed_percent_bleaching
3869,2003-04-28,missing_observed_percent_bleaching
3871,2003-04-28,missing_observed_percent_bleaching
3872,2003-04-27,missing_observed_percent_bleaching
3873,1997-08-21,missing_observed_percent_bleaching
3874,2003-04-27,missing_observed_percent_bleaching
3878,2003-05-29,missing_observed_percent_bleaching
3879,2003-05-30,missing_observed_percent_bleaching
3880,2003-05-30,missing_observed_percent_bleaching
3882,2003-05-20,missing_observed_percent_bleaching
3883,2003-05-28,missing_observed_percent_bleaching
3884,2001-07-27,missing_observed_percent_bleaching
3884,2002-05-16,missing_observed_percent_bleaching
3887,2003-07-24,missing_observed_percent_bleaching
3889,2000-09-20,missing_observed_percent_bleaching
3890,2000-09-20,missing_observed_percent_bleaching
3896,2001-07-27,missing_observed_percent_bleaching
3899,1997-08-23,missing_observed_percent_bleaching
3901,2003-05-28,missing_observed_percent_bleaching
3902,2000-05-28,missing_observed_percent_bleaching
3906,1999-08-21,missing_observed_percent_bleaching
3907,1999-08-21,missing_observed_percent_bleaching
3909,1999-08-21,missing_observed_percent_bleaching
3909,2002-04-22,missing_observed_percent_bleaching
3910,2003-05-11,missing_observed_percent_bleaching
3912,2002-09-25,missing_observed_percent_bleaching
3913,2002-09-25,missing_observed_percent_bleaching
3914,2005-11-22,missing_observed_percent_bleaching
3915,2002-09-26,missing_observed_percent_bleaching
3916,2005-11-20,missing_observed_percent_bleaching
3917,2005-11-21,missing_observed_percent_bleaching
3918,2005-11-21,missing_observed_percent_bleaching
3919,2002-09-27,missing_observed_percent_bleaching
3920,2001-11-22,missing_observed_percent_bleaching
3921,2001-11-23,missing_observed_percent_bleaching
3922,2001-11-23,missing_observed_percent_bleaching
3923,2001-12-27,missing_observed_percent_bleaching
3926,2001-11-03,missing_observed_percent_bleaching
3927,1997-07-19,missing_observed_percent_bleaching
3929,2003-03-27,missing_observed_percent_bleaching
3930,1997-07-17,missing_observed_percent_bleaching
3931,2001-05-28,missing_observed_percent_bleaching
3932,2001-05-28,missing_observed_percent_bleaching
3933,2001-05-28,missing_observed_percent_bleaching
3934,1997-08-02,missing_observed_percent_bleaching
3935,2002-04-14,missing_observed_percent_bleaching
3936,2002-04-14,missing_observed_percent_bleaching
3937,2003-03-27,missing_observed_percent_bleaching
3938,2003-03-27,missing_observed_percent_bleaching
3939,2000-09-27,missing_observed_percent_bleaching
3941,2000-07-25,missing_observed_percent_bleaching
3941,2001-09-19,missing_observed_percent_bleaching
3942,2004-08-30,missing_observed_percent_bleaching
3943,1999-09-17,missing_observed_percent_bleaching
3943,2001-07-24,missing_observed_percent_bleaching
3944,2002-09-08,missing_observed_percent_bleaching
3945,2002-09-08,missing_observed_percent_bleaching
3946,2005-08-15,missing_observed_percent_bleaching
3946,2006-10-27,missing_observed_percent_bleaching
3948,2005-08-15,missing_observed_percent_bleaching
3948,2006-10-27,missing_observed_percent_bleaching
3949,2003-09-07,missing_observed_percent_bleaching
3950,2002-10-14,missing_observed_percent_bleaching
3951,2003-09-09,missing_observed_percent_bleaching
3952,2000-07-25,missing_observed_percent_bleaching
3953,1999-09-16,missing_observed_percent_bleaching
3953,2001-07-23,missing_observed_percent_bleaching
3954,2002-09-08,missing_observed_percent_bleaching
3955,2000-09-26,missing_observed_percent_bleaching
3955,2004-08-30,missing_observed_percent_bleaching
3956,1999-09-17,missing_observed_percent_bleaching
3956,2001-07-24,missing_observed_percent_bleaching
3957,2000-08-21,missing_observed_percent_bleaching
3958,2003-09-07,missing_observed_percent_bleaching
3958,2009-11-15,missing_observed_percent_bleaching
3959,2002-09-09,missing_observed_percent_bleaching
3960,1997-06-21,missing_observed_percent_bleaching
3961,1997-06-21,missing_observed_percent_bleaching
3962,2002-09-09,missing_observed_percent_bleaching
3963,2003-09-09,missing_observed_percent_bleaching
3964,2000-09-25,missing_observed_percent_bleaching
3965,1999-09-16,missing_observed_percent_bleaching
3965,2001-07-23,missing_observed_percent_bleaching
3966,2001-10-14,missing_observed_percent_bleaching
3967,2001-10-14,missing_observed_percent_bleaching
3968,2001-07-24,missing_observed_percent_bleaching
3969,2000-09-25,missing_observed_percent_bleaching
3970,2004-08-29,missing_observed_percent_bleaching
3971,2005-08-14,missing_observed_percent_bleaching
3971,2006-10-28,missing_observed_percent_bleaching
3973,1997-06-21,missing_observed_percent_bleaching
3974,1999-09-18,missing_observed_percent_bleaching
3974,2000-09-24,missing_observed_percent_bleaching
3974,2001-07-22,missing_observed_percent_bleaching
3974,2003-09-08,missing_observed_percent_bleaching
3975,2000-07-21,missing_observed_percent_bleaching
3975,2001-07-24,missing_observed_percent_bleaching
3976,1997-06-20,missing_observed_percent_bleaching
3977,2005-08-16,missing_observed_percent_bleaching
3977,2006-10-26,missing_observed_percent_bleaching
3978,2000-08-21,missing_observed_percent_bleaching
3979,1997-06-19,missing_observed_percent_bleaching
3980,2001-07-06,missing_observed_percent_bleaching
3981,2004-08-29,missing_observed_percent_bleaching
3982,2000-07-21,missing_observed_percent_bleaching
3984,2005-08-14,missing_observed_percent_bleaching
3984,2006-10-28,missing_observed_percent_bleaching
3985,2002-09-10,missing_observed_percent_bleaching
3986,2002-09-10,missing_observed_percent_bleaching
3987,2003-09-08,missing_observed_percent_bleaching
3988,1999-09-18,missing_observed_percent_bleaching
3988,2000-09-26,missing_observed_percent_bleaching
3988,2001-07-22,missing_observed_percent_bleaching
3989,1997-06-19,missing_observed_percent_bleaching
3990,2001-09-13,missing_observed_percent_bleaching
3991,2000-07-26,missing_observed_percent_bleaching
3993,2004-08-31,missing_observed_percent_bleaching
3994,2000-08-20,missing_observed_percent_bleaching
3995,2001-07-05,missing_observed_percent_bleaching
3996,2001-07-25,missing_observed_percent_bleaching
3997,2001-08-15,missing_observed_percent_bleaching
3998,2000-07-20,missing_observed_percent_bleaching
3999,2000-07-20,missing_observed_percent_bleaching
4000,2001-09-13,missing_observed_percent_bleaching
4001,2001-07-19,missing_observed_percent_bleaching
4002,2001-07-19,missing_observed_percent_bleaching
4003,1999-09-03,missing_observed_percent_bleaching
4004,2000-07-22,missing_observed_percent_bleaching
4005,1999-09-18,missing_observed_percent_bleaching
4006,2001-11-09,missing_observed_percent_bleaching
4007,2000-07-21,missing_observed_percent_bleaching
4008,2002-11-02,missing_observed_percent_bleaching
4009,2001-08-14,missing_observed_percent_bleaching
4010,2002-11-01,missing_observed_percent_bleaching
4011,1999-09-03,missing_observed_percent_bleaching
4012,2000-07-19,missing_observed_percent_bleaching
4013,2002-11-01,missing_observed_percent_bleaching
4014,2002-11-01,missing_observed_percent_bleaching
4015,2000-07-19,missing_observed_percent_bleaching
4016,2001-08-07,missing_observed_percent_bleaching
4017,2001-09-18,missing_observed_percent_bleaching
4018,2002-12-29,missing_observed_percent_bleaching
4019,2007-04-19,missing_observed_percent_bleaching
4020,2000-08-20,missing_observed_percent_bleaching
4021,2007-04-19,missing_observed_percent_bleaching
4022,2007-04-19,missing_observed_percent_bleaching
4023,1999-10-13,missing_observed_percent_bleaching
4024,2007-04-19,missing_observed_percent_bleaching
4026,2001-07-26,missing_observed_percent_bleaching
4027,2000-07-26,missing_observed_percent_bleaching
4028,2001-09-14,missing_observed_percent_bleaching
4029,2001-07-20,missing_observed_percent_bleaching
4030,2000-07-24,missing_observed_percent_bleaching
4031,2001-07-18,missing_observed_percent_bleaching
4032,1997-06-29,missing_observed_percent_bleaching
4033,2001-07-10,missing_observed_percent_bleaching
4034,2000-07-22,missing_observed_percent_bleaching
4035,2000-07-17,missing_observed_percent_bleaching
4035,2001-06-22,missing_observed_percent_bleaching
4035,2003-04-22,missing_observed_percent_bleaching
4036,2001-06-30,missing_observed_percent_bleaching
4037,2001-06-20,missing_observed_percent_bleaching
4037,2003-04-22,missing_observed_percent_bleaching
4038,2003-05-30,missing_observed_percent_bleaching
4039,2000-07-27,missing_observed_percent_bleaching
4040,2001-08-01,missing_observed_percent_bleaching
4040,2001-09-11,missing_observed_percent_bleaching
4041,2001-06-29,missing_observed_percent_bleaching
4042,2003-05-29,missing_observed_percent_bleaching
4043,2000-08-09,missing_observed_percent_bleaching
4044,2000-08-23,missing_observed_percent_bleaching
4046,2003-04-22,missing_observed_percent_bleaching
4047,2003-04-22,missing_observed_percent_bleaching
4048,2001-08-02,missing_observed_percent_bleaching
4049,2001-07-07,missing_observed_percent_bleaching
4050,2001-08-21,missing_observed_percent_bleaching
4051,2001-06-22,missing_observed_percent_bleaching
4053,2003-05-30,missing_observed_percent_bleaching
4054,2001-08-02,missing_observed_percent_bleaching
4055,2001-08-31,missing_observed_percent_bleaching
4056,2001-09-05,missing_observed_percent_bleaching
4057,2001-09-05,missing_observed_percent_bleaching
4058,2001-07-11,missing_observed_percent_bleaching
4059,1999-10-23,missing_observed_percent_bleaching
4060,2009-08-01,missing_observed_percent_bleaching
4061,2001-08-30,missing_observed_percent_bleaching
4062,2000-08-28,missing_observed_percent_bleaching
4063,2001-09-04,missing_observed_percent_bleaching
4064,2001-08-29,missing_observed_percent_bleaching
4065,2001-08-30,missing_observed_percent_bleaching
4067,2001-08-30,missing_observed_percent_bleaching
4069,2000-11-02,missing_observed_percent_bleaching
4070,2000-11-02,missing_observed_percent_bleaching
4071,2005-12-23,missing_observed_percent_bleaching
4072,2005-12-23,missing_observed_percent_bleaching
4073,2004-12-17,missing_observed_percent_bleaching
4074,2005-12-24,missing_observed_percent_bleaching
4075,2005-12-24,missing_observed_percent_bleaching
4076,2004-12-17,missing_observed_percent_bleaching
4077,2001-12-29,missing_observed_percent_bleaching
4078,2001-12-30,missing_observed_percent_bleaching
4079,2000-11-04,missing_observed_percent_bleaching
4080,2000-11-03,missing_observed_percent_bleaching
4081,2004-12-05,missing_observed_percent_bleaching
4085,2004-06-26,missing_observed_percent_bleaching
4086,2004-06-27,missing_observed_percent_bleaching
4087,2004-06-27,missing_observed_percent_bleaching
4088,2004-07-11,missing_observed_percent_bleaching
4089,2004-07-11,missing_observed_percent_bleaching
4090,1997-07-24,missing_observed_percent_bleaching
4091,2003-06-15,missing_observed_percent_bleaching
4092,2003-06-14,missing_observed_percent_bleaching
4093,2003-06-21,missing_observed_percent_bleaching
4094,2003-06-22,missing_observed_percent_bleaching
4095,1997-07-25,missing_observed_percent_bleaching
4096,1997-08-28,missing_observed_percent_bleaching
4097,1997-08-28,missing_observed_percent_bleaching
4098,1997-08-25,missing_observed_percent_bleaching
4099,2001-05-29,missing_observed_percent_bleaching
4100,2002-05-31,missing_observed_percent_bleaching
4102,2001-05-28,missing_observed_percent_bleaching
4103,2001-05-28,missing_observed_percent_bleaching
4104,2001-05-30,missing_observed_percent_bleaching
4105,2001-05-24,missing_observed_percent_bleaching
4106,2000-05-12,missing_observed_percent_bleaching
4107,2001-05-12,missing_observed_percent_bleaching
4108,2002-10-27,missing_observed_percent_bleaching
4109,2001-12-12,missing_observed_percent_bleaching
4110,2001-12-13,missing_observed_percent_bleaching
4111,2001-12-11,missing_observed_percent_bleaching
4112,2001-12-12,missing_observed_percent_bleaching
4113,2001-12-12,missing_observed_percent_bleaching
4114,2000-10-03,missing_observed_percent_bleaching
4115,2002-04-24,missing_observed_percent_bleaching
4116,2003-05-06,missing_observed_percent_bleaching
4117,2002-04-26,missing_observed_percent_bleaching
4118,2002-02-25,missing_observed_percent_bleaching
4118,2002-09-28,missing_observed_percent_bleaching
4119,2002-03-06,missing_observed_percent_bleaching
4119,2002-09-26,missing_observed_percent_bleaching
4120,2004-08-30,missing_observed_percent_bleaching
4122,1999-06-20,missing_observed_percent_bleaching
4123,1999-06-21,missing_observed_percent_bleaching
4124,1999-06-19,missing_observed_percent_bleaching
4125,1999-06-22,missing_observed_percent_bleaching
4126,2005-12-25,missing_observed_percent_bleaching
4127,2002-03-29,missing_observed_percent_bleaching
4128,2001-11-08,missing_observed_percent_bleaching
4128,2002-03-25,missing_observed_percent_bleaching
4129,2002-03-26,missing_observed_percent_bleaching
4129,2002-09-17,missing_observed_percent_bleaching
4130,2001-11-07,missing_observed_percent_bleaching
4130,2002-03-24,missing_observed_percent_bleaching
4130,2002-09-16,missing_observed_percent_bleaching
4131,2002-03-27,missing_observed_percent_bleaching
4131,2002-09-17,missing_observed_percent_bleaching
4132,2001-11-08,missing_observed_percent_bleaching
4133,2002-03-30,missing_observed_percent_bleaching
4133,2002-09-21,missing_observed_percent_bleaching
4134,2002-03-31,missing_observed_percent_bleaching
4134,2002-09-20,missing_observed_percent_bleaching
4135,2001-03-29,missing_observed_percent_bleaching
4137,2001-04-22,missing_observed_percent_bleaching
4137,2002-10-06,missing_observed_percent_bleaching
4137,2003-05-26,missing_observed_percent_bleaching
4137,2003-10-26,missing_observed_percent_bleaching
4137,2004-05-23,missing_observed_percent_bleaching
4137,2004-10-24,missing_observed_percent_bleaching
4137,2005-04-16,missing_observed_percent_bleaching
4138,1997-08-15,missing_observed_percent_bleaching
4139,2001-04-22,missing_observed_percent_bleaching
4139,2002-10-06,missing_observed_percent_bleaching
4139,2003-05-26,missing_observed_percent_bleaching
4139,2003-10-26,missing_observed_percent_bleaching
4139,2004-05-23,missing_observed_percent_bleaching
4139,2004-10-24,missing_observed_percent_bleaching
4139,2005-04-16,missing_observed_percent_bleaching
4140,1997-08-14,missing_observed_percent_bleaching
4141,2001-04-21,missing_observed_percent_bleaching
4141,2002-10-05,missing_observed_percent_bleaching
4141,2003-05-27,missing_observed_percent_bleaching
4141,2003-10-25,missing_observed_percent_bleaching
4141,2004-05-22,missing_observed_percent_bleaching
4141,2004-10-23,missing_observed_percent_bleaching
4141,2005-04-17,missing_observed_percent_bleaching
4142,1998-09-29,missing_observed_percent_bleaching
4143,1997-08-16,missing_observed_percent_bleaching
4144,2001-04-21,missing_observed_percent_bleaching
4144,2002-10-05,missing_observed_percent_bleaching
4144,2003-05-27,missing_observed_percent_bleaching
4144,2003-10-25,missing_observed_percent_bleaching
4144,2004-05-22,missing_observed_percent_bleaching
4144,2004-10-23,missing_observed_percent_bleaching
4144,2005-04-17,missing_observed_percent_bleaching
4145,1997-07-08,missing_observed_percent_bleaching
4146,2002-09-09,missing_observed_percent_bleaching
4147,2002-10-26,missing_observed_percent_bleaching
4148,2002-10-25,missing_observed_percent_bleaching
4149,2002-10-27,missing_observed_percent_bleaching
4150,2003-08-24,missing_observed_percent_bleaching
4151,2003-08-23,missing_observed_percent_bleaching
4152,2001-06-14,missing_observed_percent_bleaching
4154,2001-03-21,missing_observed_percent_bleaching
4155,1997-07-09,missing_observed_percent_bleaching
4160,2005-10-25,missing_observed_percent_bleaching
4162,2004-05-11,missing_observed_percent_bleaching
4163,2003-04-05,missing_observed_percent_bleaching
4164,2003-04-06,missing_observed_percent_bleaching
4164,2004-05-12,missing_observed_percent_bleaching
4165,2004-05-12,missing_observed_percent_bleaching
4166,1983-04-15,missing_observed_percent_bleaching
4172,2010-05-15,missing_observed_percent_bleaching
4187,2010-07-15,missing_observed_percent_bleaching
4188,2010-07-15,missing_observed_percent_bleaching
4373,2016-04-27,missing_observed_percent_bleaching
4374,1999-06-08,missing_observed_percent_bleaching
4375,2001-04-28,missing_observed_percent_bleaching
4375,2002-11-17,missing_observed_percent_bleaching
4376,2001-04-28,missing_observed_percent_bleaching
4376,2002-11-17,missing_observed_percent_bleaching
4377,2002-11-18,missing_observed_percent_bleaching
4378,2002-11-22,missing_observed_percent_bleaching
4379,2000-08-06,missing_observed_percent_bleaching
4380,2000-08-06,missing_observed_percent_bleaching
4382,2009-10-15,missing_observed_percent_bleaching
4399,1998-09-27,missing_observed_percent_bleaching
4400,1998-09-27,missing_observed_percent_bleaching
4401,1997-07-29,missing_observed_percent_bleaching
4402,1998-09-28,missing_observed_percent_bleaching
4403,2001-06-27,missing_observed_percent_bleaching
4408,2006-02-18,missing_observed_percent_bleaching
4414,2001-08-29,missing_observed_percent_bleaching
4419,2000-10-09,missing_observed_percent_bleaching
4420,2001-07-26,missing_observed_percent_bleaching
4421,1998-12-12,missing_observed_percent_bleaching
4422,2000-06-30,missing_observed_percent_bleaching
4422,2001-07-24,missing_observed_percent_bleaching
4434,2002-02-03,missing_observed_percent_bleaching
4435,2002-01-08,missing_observed_percent_bleaching
4437,2002-02-09,missing_observed_percent_bleaching
4439,2002-02-02,missing_observed_percent_bleaching
4440,2002-01-07,missing_observed_percent_bleaching
4441,2002-02-10,missing_observed_percent_bleaching
4446,2008-06-15,missing_observed_percent_bleaching
4447,1987-07-15,missing_observed_percent_bleaching
4490,2000-08-15,missing_observed_percent_bleaching
4491,2000-08-15,missing_observed_percent_bleaching
4492,2000-08-15,missing_observed_percent_bleaching
4493,2000-08-15,missing_observed_percent_bleaching
4494,2000-08-15,missing_observed_percent_bleaching
4495,2000-08-15,missing_observed_percent_bleaching
4496,2000-08-15,missing_observed_percent_bleaching
4497,2000-08-15,missing_observed_percent_bleaching
4498,2000-08-15,missing_observed_percent_bleaching
4499,2000-08-15,missing_observed_percent_bleaching
4500,2000-08-15,missing_observed_percent_bleaching
4501,2000-08-15,missing_observed_percent_bleaching
4502,2000-08-15,missing_observed_percent_bleaching
4503,2000-08-15,missing_observed_percent_bleaching
4504,2000-08-15,missing_observed_percent_bleaching
4505,2000-08-15,missing_observed_percent_bleaching
4506,2000-08-15,missing_observed_percent_bleaching
4507,2000-08-15,missing_observed_percent_bleaching
4508,2000-08-15,missing_observed_percent_bleaching
4509,2000-08-15,missing_observed_percent_bleaching
4510,2000-08-15,missing_observed_percent_bleaching
4511,2000-08-15,missing_observed_percent_bleaching
5256,1983-06-15,missing_observed_percent_bleaching
5258,2002-10-05,missing_observed_percent_bleaching
5259,1999-09-25,missing_observed_percent_bleaching
5259,2001-11-23,missing_observed_percent_bleaching
5259,2002-11-23,missing_observed_percent_bleaching
5260,2000-02-12,missing_observed_percent_bleaching
5261,1997-08-12,missing_observed_percent_bleaching
5261,1998-06-12,missing_observed_percent_bleaching
5261,1999-06-18,missing_observed_percent_bleaching
5261,2001-06-08,missing_observed_percent_bleaching
5261,2002-07-29,missing_observed_percent_bleaching
5263,2001-06-09,missing_observed_percent_bleaching
5263,2002-06-08,missing_observed_percent_bleaching
5264,2000-06-10,missing_observed_percent_bleaching
5265,1999-07-10,missing_observed_percent_bleaching
5266,2001-06-15,missing_observed_percent_bleaching
5267,2000-06-05,missing_observed_percent_bleaching
5268,1998-06-19,missing_observed_percent_bleaching
5268,1999-06-27,missing_observed_percent_bleaching
5269,2000-06-25,missing_observed_percent_bleaching
5270,1997-08-31,missing_observed_percent_bleaching
5270,1999-09-06,missing_observed_percent_bleaching
5270,2000-09-06,missing_observed_percent_bleaching
5271,2001-07-01,missing_observed_percent_bleaching
5272,2001-07-01,missing_observed_percent_bleaching
5273,2001-07-03,missing_observed_percent_bleaching
5274,2009-06-15,missing_observed_percent_bleaching
5275,2000-09-06,missing_observed_percent_bleaching
5278,2002-12-08,missing_observed_percent_bleaching
5281,1999-09-29,missing_observed_percent_bleaching
5281,2000-09-28,missing_observed_percent_bleaching
5281,2001-10-02,missing_observed_percent_bleaching
5281,2002-09-19,missing_observed_percent_bleaching
5282,1998-06-21,missing_observed_percent_bleaching
5283,1999-09-28,missing_observed_percent_bleaching
5283,2000-09-27,missing_observed_percent_bleaching
5284,2001-10-13,missing_observed_percent_bleaching
5285,2001-10-13,missing_observed_percent_bleaching
5286,2002-05-24,missing_observed_percent_bleaching
5286,2002-10-05,missing_observed_percent_bleaching
5287,2001-05-12,missing_observed_percent_bleaching
5288,2006-12-20,missing_observed_percent_bleaching
5289,1999-06-05,missing_observed_percent_bleaching
5290,2006-08-27,missing_observed_percent_bleaching
5291,1998-06-13,missing_observed_percent_bleaching
5291,2001-10-13,missing_observed_percent_bleaching
5292,2000-09-17,missing_observed_percent_bleaching
5292,2002-08-24,missing_observed_percent_bleaching
5293,2001-07-15,missing_observed_percent_bleaching
5294,2000-10-06,missing_observed_percent_bleaching
5294,2001-06-20,missing_observed_percent_bleaching
5294,2002-06-15,missing_observed_percent_bleaching
5295,2000-11-24,missing_observed_percent_bleaching
5296,2001-11-24,missing_observed_percent_bleaching
5297,2002-11-23,missing_observed_percent_bleaching
5298,2002-06-22,missing_observed_percent_bleaching
5299,2001-09-12,missing_observed_percent_bleaching
5299,2002-11-17,missing_observed_percent_bleaching
5300,2001-05-17,missing_observed_percent_bleaching
5301,2001-05-17,missing_observed_percent_bleaching
5302,2006-11-04,missing_observed_percent_bleaching
5303,2006-11-04,missing_observed_percent_bleaching
5304,2002-07-28,missing_observed_percent_bleaching
5305,2000-05-27,missing_observed_percent_bleaching
5305,2004-06-06,missing_observed_percent_bleaching
5305,2006-06-17,missing_observed_percent_bleaching
5306,2000-05-27,missing_observed_percent_bleaching
5306,2004-06-05,missing_observed_percent_bleaching
5306,2006-06-18,missing_observed_percent_bleaching
5307,1998-08-08,missing_observed_percent_bleaching
5307,2005-07-24,missing_observed_percent_bleaching
5308,1998-08-08,missing_observed_percent_bleaching
5309,2006-09-09,missing_observed_percent_bleaching
5310,2001-09-23,missing_observed_percent_bleaching
5310,2002-06-23,missing_observed_percent_bleaching
5310,2002-09-29,missing_observed_percent_bleaching
5311,2001-09-23,missing_observed_percent_bleaching
5311,2002-06-23,missing_observed_percent_bleaching
5311,2002-09-29,missing_observed_percent_bleaching
5414,2004-11-15,missing_observed_percent_bleaching
5445,2010-05-24,missing_observed_percent_bleaching
5446,2009-06-10,missing_observed_percent_bleaching
5457,2003-08-18,missing_observed_percent_bleaching
5465,2001-10-18,missing_observed_percent_bleaching
5470,2001-10-30,missing_observed_percent_bleaching
5471,2001-10-27,missing_observed_percent_bleaching
5479,2009-04-15,missing_observed_percent_bleaching
5480,2010-04-15,missing_observed_percent_bleaching
5517,2010-05-15,missing_observed_percent_bleaching
5545,2008-03-16,missing_observed_percent_bleaching
5576,1997-07-15,missing_observed_percent_bleaching
5578,1997-07-23,missing_observed_percent_bleaching
5579,1997-07-27,missing_observed_percent_bleaching
5580,1997-07-29,missing_observed_percent_bleaching
5583,1997-07-18,missing_observed_percent_bleaching
5584,2000-10-23,missing_observed_percent_bleaching
5596,1997-09-01,missing_observed_percent_bleaching
5598,1997-09-01,missing_observed_percent_bleaching
5611,1998-09-27,missing_observed_percent_bleaching
5612,1999-09-15,missing_observed_percent_bleaching
5614,1999-09-14,missing_observed_percent_bleaching
5615,1998-09-29,missing_observed_percent_bleaching
5623,1998-10-04,missing_observed_percent_bleaching
5623,1999-09-19,missing_observed_percent_bleaching
5624,1998-10-01,missing_observed_percent_bleaching
5624,1999-09-16,missing_observed_percent_bleaching
5626,1998-09-23,missing_observed_percent_bleaching
5627,1998-09-23,missing_observed_percent_bleaching
5628,1998-09-23,missing_observed_percent_bleaching
5629,1998-09-22,missing_observed_percent_bleaching
5630,1998-09-23,missing_observed_percent_bleaching
5631,1998-09-22,missing_observed_percent_bleaching
5632,1998-09-21,missing_observed_percent_bleaching
5634,1998-09-21,missing_observed_percent_bleaching
5635,1998-09-22,missing_observed_percent_bleaching
5636,1998-09-22,missing_observed_percent_bleaching
5639,1998-09-21,missing_observed_percent_bleaching
5641,1998-09-21,missing_observed_percent_bleaching
5648,1998-09-20,missing_observed_percent_bleaching
5651,1998-09-15,missing_observed_percent_bleaching
5652,1998-09-20,missing_observed_percent_bleaching
5653,1998-09-15,missing_observed_percent_bleaching
5655,1998-09-18,missing_observed_percent_bleaching
5657,1998-09-18,missing_observed_percent_bleaching
5658,1998-09-17,missing_observed_percent_bleaching
5661,1998-09-14,missing_observed_percent_bleaching
5662,1998-09-17,missing_observed_percent_bleaching
5665,1998-09-14,missing_observed_percent_bleaching
5680,2000-09-14,missing_observed_percent_bleaching
5681,1997-07-18,missing_observed_percent_bleaching
5681,1998-07-04,missing_observed_percent_bleaching
5682,2000-09-14,missing_observed_percent_bleaching
5683,2000-09-11,missing_observed_percent_bleaching
5687,1997-07-19,missing_observed_percent_bleaching
5687,1998-07-05,missing_observed_percent_bleaching
5691,2000-09-12,missing_observed_percent_bleaching
5693,1997-07-19,missing_observed_percent_bleaching
5693,1998-07-04,missing_observed_percent_bleaching
5696,2000-09-13,missing_observed_percent_bleaching
5697,2000-09-09,missing_observed_percent_bleaching
5698,1997-07-18,missing_observed_percent_bleaching
5699,2000-09-10,missing_observed_percent_bleaching
5700,1998-07-05,missing_observed_percent_bleaching
5716,2009-06-27,missing_observed_percent_bleaching
5719,2009-07-25,missing_observed_percent_bleaching
5723,2009-07-17,missing_observed_percent_bleaching
5726,2013-09-26,missing_observed_percent_bleaching
5745,2009-07-12,missing_observed_percent_bleaching
5749,2009-07-15,missing_observed_percent_bleaching
5750,2009-07-11,missing_observed_percent_bleaching
5751,2009-07-15,missing_observed_percent_bleaching
5752,2009-04-14,missing_observed_percent_bleaching
5753,2009-07-13,missing_observed_percent_bleaching
5754,2009-07-14,missing_observed_percent_bleaching
5755,2009-07-13,missing_observed_percent_bleaching
5756,2009-07-11,missing_observed_percent_bleaching
5757,2000-06-20,missing_observed_percent_bleaching
5758,2000-05-31,missing_observed_percent_bleaching
5759,2000-08-10,missing_observed_percent_bleaching
5760,2000-08-21,missing_observed_percent_bleaching
5761,2000-08-15,missing_observed_percent_bleaching
5762,2000-06-06,missing_observed_percent_bleaching
5763,2000-06-08,missing_observed_percent_bleaching
5764,1999-09-10,missing_observed_percent_bleaching
5765,1999-08-22,missing_observed_percent_bleaching
5765,2000-06-09,missing_observed_percent_bleaching
5766,2000-09-07,missing_observed_percent_bleaching
5767,1999-09-06,missing_observed_percent_bleaching
5768,2000-08-22,missing_observed_percent_bleaching
5769,2000-06-16,missing_observed_percent_bleaching
5770,2000-06-09,missing_observed_percent_bleaching
5771,2000-05-31,missing_observed_percent_bleaching
5771,2000-06-01,missing_observed_percent_bleaching
5772,2000-08-30,missing_observed_percent_bleaching
5773,2000-06-06,missing_observed_percent_bleaching
5774,2000-08-11,missing_observed_percent_bleaching
5775,2003-06-17,missing_observed_percent_bleaching
5776,2010-04-15,missing_observed_percent_bleaching
5776,2010-06-15,missing_observed_percent_bleaching
5776,2010-07-15,missing_observed_percent_bleaching
5777,2010-04-15,missing_observed_percent_bleaching
5777,2010-05-15,missing_observed_percent_bleaching
5777,2010-07-15,missing_observed_percent_bleaching
5787,2002-05-15,missing_observed_percent_bleaching
5788,2010-05-15,missing_observed_percent_bleaching
5788,2010-07-15,missing_observed_percent_bleaching
5794,2009-06-15,missing_observed_percent_bleaching
5795,2010-06-15,missing_observed_percent_bleaching
5809,2008-08-15,missing_observed_percent_bleaching
6047,2017-12-18,missing_observed_percent_bleaching
6051,2017-12-18,missing_observed_percent_bleaching
6137,1997-07-31,missing_observed_percent_bleaching
6137,1997-08-09,missing_observed_percent_bleaching
6138,1997-08-08,missing_observed_percent_bleaching
6139,1997-08-09,missing_observed_percent_bleaching
6140,1997-08-05,missing_observed_percent_bleaching
6141,1997-08-18,missing_observed_percent_bleaching
6142,1997-08-20,missing_observed_percent_bleaching
6145,1997-08-15,missing_observed_percent_bleaching
6149,2016-07-14,missing_observed_percent_bleaching
6151,1998-07-14,missing_observed_percent_bleaching
6152,1998-07-05,missing_observed_percent_bleaching
6153,1998-07-08,missing_observed_percent_bleaching
6154,1998-07-11,missing_observed_percent_bleaching
6155,1998-07-07,missing_observed_percent_bleaching
6156,1998-07-10,missing_observed_percent_bleaching
6157,1997-07-05,missing_observed_percent_bleaching
6158,1997-07-28,missing_observed_percent_bleaching
6159,1997-07-30,missing_observed_percent_bleaching
6160,1997-08-03,missing_observed_percent_bleaching
6161,1997-07-31,missing_observed_percent_bleaching
6163,1997-08-06,missing_observed_percent_bleaching
6166,1997-08-05,missing_observed_percent_bleaching
6167,1997-08-07,missing_observed_percent_bleaching
6168,1997-08-03,missing_observed_percent_bleaching
6169,1997-08-03,missing_observed_percent_bleaching
6172,2001-09-13,missing_observed_percent_bleaching
6174,2001-11-11,missing_observed_percent_bleaching
6177,2001-09-25,missing_observed_percent_bleaching
6178,2001-09-07,missing_observed_percent_bleaching
6179,2001-09-16,missing_observed_percent_bleaching
6180,1997-08-10,missing_observed_percent_bleaching
6181,1997-08-05,missing_observed_percent_bleaching
6182,1997-08-05,missing_observed_percent_bleaching
6183,1997-07-31,missing_observed_percent_bleaching
6183,1997-08-06,missing_observed_percent_bleaching
6184,1997-08-04,missing_observed_percent_bleaching
6185,1997-07-29,missing_observed_percent_bleaching
6186,1997-07-30,missing_observed_percent_bleaching
6187,2001-08-14,missing_observed_percent_bleaching
6188,1997-08-05,missing_observed_percent_bleaching
6189,1997-08-03,missing_observed_percent_bleaching
6190,1997-08-01,missing_observed_percent_bleaching
6191,1997-08-06,missing_observed_percent_bleaching
6223,1987-07-15,missing_observed_percent_bleaching
6224,1987-07-15,missing_observed_percent_bleaching
6287,2005-02-15,missing_observed_percent_bleaching
6288,2002-11-09,missing_observed_percent_bleaching
6289,2002-11-12,missing_observed_percent_bleaching
6290,2002-11-13,missing_observed_percent_bleaching
6292,2002-08-07,missing_observed_percent_bleaching
6295,1993-05-15,missing_observed_percent_bleaching
6301,2002-11-15,missing_observed_percent_bleaching
6302,2002-11-15,missing_observed_percent_bleaching
6306,2006-01-15,missing_observed_percent_bleaching
6307,2006-01-15,missing_observed_percent_bleaching
6308,2006-01-15,missing_observed_percent_bleaching
6309,2006-01-15,missing_observed_percent_bleaching
6310,2006-01-15,missing_observed_percent_bleaching
6310,2006-12-15,missing_observed_percent_bleaching
6311,2006-01-15,missing_observed_percent_bleaching
6312,2006-01-15,missing_observed_percent_bleaching
6314,2006-07-15,missing_observed_percent_bleaching
6315,2006-07-15,missing_observed_percent_bleaching
6316,2006-07-15,missing_observed_percent_bleaching
6317,2006-07-15,missing_observed_percent_bleaching
6322,2010-04-15,missing_observed_percent_bleaching
6323,2009-01-15,missing_observed_percent_bleaching
6324,2009-01-15,missing_observed_percent_bleaching
6325,1999-09-28,missing_observed_percent_bleaching
6325,2000-09-17,missing_observed_percent_bleaching
6326,1999-09-27,missing_observed_percent_bleaching
6326,2000-04-22,missing_observed_percent_bleaching
6329,1999-09-24,missing_observed_percent_bleaching
6330,1999-09-22,missing_observed_percent_bleaching
6331,1999-09-20,missing_observed_percent_bleaching
6332,2001-06-16,missing_observed_percent_bleaching
6333,2002-10-12,missing_observed_percent_bleaching
6335,2001-06-16,missing_observed_percent_bleaching
6337,1999-09-17,missing_observed_percent_bleaching
6371,1989-05-15,missing_observed_percent_bleaching
6379,1986-07-15,missing_observed_percent_bleaching
6379,1987-02-15,missing_observed_percent_bleaching
6384,2010-05-15,missing_observed_percent_bleaching
6498,1997-07-18,missing_observed_percent_bleaching
6499,1997-07-22,missing_observed_percent_bleaching
6500,1997-07-26,missing_observed_percent_bleaching
6501,2000-09-19,missing_observed_percent_bleaching
6501,2001-06-12,missing_observed_percent_bleaching
6502,1997-07-28,missing_observed_percent_bleaching
6503,2007-01-21,missing_observed_percent_bleaching
6505,2002-07-31,missing_observed_percent_bleaching
6505,2002-08-10,missing_observed_percent_bleaching
6507,1997-07-31,missing_observed_percent_bleaching
6508,1997-08-01,missing_observed_percent_bleaching
6509,1997-08-05,missing_observed_percent_bleaching
6510,1997-08-03,missing_observed_percent_bleaching
6511,2000-04-22,missing_observed_percent_bleaching
6511,2000-09-27,missing_observed_percent_bleaching
6512,2000-09-27,missing_observed_percent_bleaching
6513,2007-03-24,missing_observed_percent_bleaching
6514,2011-12-22,missing_observed_percent_bleaching
6515,2011-06-18,missing_observed_percent_bleaching
6558,2003-09-15,missing_observed_percent_bleaching
6559,2009-09-15,missing_observed_percent_bleaching
6618,2001-11-22,missing_observed_percent_bleaching
6627,2002-10-21,missing_observed_percent_bleaching
6628,2002-10-23,missing_observed_percent_bleaching
6629,1997-07-30,missing_observed_percent_bleaching
6630,2002-10-28,missing_observed_percent_bleaching
6631,2001-12-19,missing_observed_percent_bleaching
6632,2002-04-16,missing_observed_percent_bleaching
6633,2002-10-29,missing_observed_percent_bleaching
6634,2002-10-31,missing_observed_percent_bleaching
6635,2002-10-30,missing_observed_percent_bleaching
6636,2002-11-04,missing_observed_percent_bleaching
6637,2002-11-05,missing_observed_percent_bleaching
6638,2002-11-07,missing_observed_percent_bleaching
6642,1999-03-15,missing_observed_percent_bleaching
6651,2010-06-15,missing_observed_percent_bleaching
6672,2001-12-12,missing_observed_percent_bleaching
6673,2013-04-12,missing_observed_percent_bleaching
6674,2001-02-05,missing_observed_percent_bleaching
6675,2001-02-06,missing_observed_percent_bleaching
6676,2001-02-08,missing_observed_percent_bleaching
6677,2001-02-12,missing_observed_percent_bleaching
6695,2008-11-15,missing_observed_percent_bleaching
6696,1998-08-15,missing_observed_percent_bleaching
6697,2013-10-23,missing_observed_percent_bleaching
6700,1998-08-08,missing_observed_percent_bleaching
6700,2000-04-21,missing_observed_percent_bleaching
6701,2008-03-21,missing_observed_percent_bleaching
6702,2002-01-15,missing_observed_percent_bleaching
6702,2002-04-17,missing_observed_percent_bleaching
6702,2002-07-03,missing_observed_percent_bleaching
6702,2002-10-02,missing_observed_percent_bleaching
6702,2003-01-10,missing_observed_percent_bleaching
6703,2002-01-14,missing_observed_percent_bleaching
6703,2002-04-18,missing_observed_percent_bleaching
6703,2002-07-07,missing_observed_percent_bleaching
6703,2002-09-30,missing_observed_percent_bleaching
6703,2003-01-06,missing_observed_percent_bleaching
6704,2002-01-11,missing_observed_percent_bleaching
6704,2002-04-17,missing_observed_percent_bleaching
6704,2002-07-04,missing_observed_percent_bleaching
6704,2002-10-03,missing_observed_percent_bleaching
6704,2003-01-10,missing_observed_percent_bleaching
6705,2000-07-29,missing_observed_percent_bleaching
6705,2001-06-03,missing_observed_percent_bleaching
6705,2002-09-07,missing_observed_percent_bleaching
6706,1998-08-09,missing_observed_percent_bleaching
6707,2001-08-25,missing_observed_percent_bleaching
6708,1997-08-17,missing_observed_percent_bleaching
6708,1998-08-22,missing_observed_percent_bleaching
6709,2008-11-23,missing_observed_percent_bleaching
6710,1998-08-16,missing_observed_percent_bleaching
6710,2000-04-15,missing_observed_percent_bleaching
6711,2000-04-09,missing_observed_percent_bleaching
6711,2008-03-02,missing_observed_percent_bleaching
6711,2008-11-16,missing_observed_percent_bleaching
6712,2006-04-09,missing_observed_percent_bleaching
6727,1987-10-15,missing_observed_percent_bleaching
6773,2005-12-06,missing_observed_percent_bleaching
6773,2012-01-21,missing_observed_percent_bleaching
6773,2013-02-20,missing_observed_percent_bleaching
6773,2014-02-25,missing_observed_percent_bleaching
6773,2015-03-22,missing_observed_percent_bleaching
6774,1998-10-04,missing_observed_percent_bleaching
6775,2012-01-21,missing_observed_percent_bleaching
6775,2013-02-20,missing_observed_percent_bleaching
6775,2014-02-25,missing_observed_percent_bleaching
6775,2015-03-22,missing_observed_percent_bleaching
6776,2001-12-06,missing_observed_percent_bleaching
6776,2003-10-17,missing_observed_percent_bleaching
6776,2006-04-07,missing_observed_percent_bleaching
6776,2012-01-05,missing_observed_percent_bleaching
6776,2013-02-03,missing_observed_percent_bleaching
6776,2014-03-16,missing_observed_percent_bleaching
6776,2015-01-13,missing_observed_percent_bleaching
6777,1998-09-20,missing_observed_percent_bleaching
6778,1998-09-20,missing_observed_percent_bleaching
6779,1998-10-04,missing_observed_percent_bleaching
6780,2012-01-21,missing_observed_percent_bleaching
6780,2013-02-20,missing_observed_percent_bleaching
6781,1998-10-04,missing_observed_percent_bleaching
6782,2013-01-13,missing_observed_percent_bleaching
6782,2014-03-21,missing_observed_percent_bleaching
6782,2015-03-07,missing_observed_percent_bleaching
6783,2013-01-12,missing_observed_percent_bleaching
6783,2014-03-21,missing_observed_percent_bleaching
6783,2015-03-08,missing_observed_percent_bleaching
6784,2013-01-12,missing_observed_percent_bleaching
6784,2014-03-20,missing_observed_percent_bleaching
6784,2015-03-07,missing_observed_percent_bleaching
6785,2012-01-15,missing_observed_percent_bleaching
6785,2013-03-31,missing_observed_percent_bleaching
6785,2014-05-03,missing_observed_percent_bleaching
6785,2015-04-22,missing_observed_percent_bleaching
6786,2012-01-15,missing_observed_percent_bleaching
6786,2013-03-31,missing_observed_percent_bleaching
6786,2014-05-03,missing_observed_percent_bleaching
6786,2015-04-22,missing_observed_percent_bleaching
6787,2012-03-30,missing_observed_percent_bleaching
6787,2013-03-24,missing_observed_percent_bleaching
6787,2014-01-01,missing_observed_percent_bleaching
6787,2015-01-18,missing_observed_percent_bleaching
6788,2012-03-30,missing_observed_percent_bleaching
6788,2013-03-24,missing_observed_percent_bleaching
6788,2014-01-01,missing_observed_percent_bleaching
6788,2015-01-18,missing_observed_percent_bleaching
6789,2012-03-30,missing_observed_percent_bleaching
6789,2013-03-24,missing_observed_percent_bleaching
6789,2013-12-22,missing_observed_percent_bleaching
6789,2015-01-18,missing_observed_percent_bleaching
6790,2012-03-29,missing_observed_percent_bleaching
6790,2013-03-23,missing_observed_percent_bleaching
6790,2013-12-21,missing_observed_percent_bleaching
6790,2015-01-17,missing_observed_percent_bleaching
6791,2012-03-29,missing_observed_percent_bleaching
6791,2014-01-01,missing_observed_percent_bleaching
6791,2015-01-17,missing_observed_percent_bleaching
6792,2012-04-05,missing_observed_percent_bleaching
6792,2013-04-10,missing_observed_percent_bleaching
6792,2014-04-16,missing_observed_percent_bleaching
6792,2015-04-16,missing_observed_percent_bleaching
6793,2005-11-03,missing_observed_percent_bleaching
6793,2012-04-05,missing_observed_percent_bleaching
6793,2013-04-10,missing_observed_percent_bleaching
6793,2014-04-16,missing_observed_percent_bleaching
6793,2015-04-16,missing_observed_percent_bleaching
6794,2013-01-16,missing_observed_percent_bleaching
6794,2014-01-24,missing_observed_percent_bleaching
6794,2015-02-25,missing_observed_percent_bleaching
6795,2013-01-16,missing_observed_percent_bleaching
6795,2014-01-24,missing_observed_percent_bleaching
6795,2015-02-24,missing_observed_percent_bleaching
6796,2012-04-03,missing_observed_percent_bleaching
6796,2013-04-09,missing_observed_percent_bleaching
6796,2014-04-15,missing_observed_percent_bleaching
6796,2015-04-15,missing_observed_percent_bleaching
6797,2012-04-03,missing_observed_percent_bleaching
6797,2013-04-09,missing_observed_percent_bleaching
6797,2014-04-15,missing_observed_percent_bleaching
6797,2015-04-15,missing_observed_percent_bleaching
6798,2013-01-17,missing_observed_percent_bleaching
6798,2014-01-23,missing_observed_percent_bleaching
6798,2015-02-25,missing_observed_percent_bleaching
6799,2005-11-06,missing_observed_percent_bleaching
6799,2012-04-04,missing_observed_percent_bleaching
6799,2013-04-11,missing_observed_percent_bleaching
6799,2014-04-17,missing_observed_percent_bleaching
6799,2015-04-14,missing_observed_percent_bleaching
6800,2012-04-04,missing_observed_percent_bleaching
6800,2013-04-11,missing_observed_percent_bleaching
6800,2014-04-17,missing_observed_percent_bleaching
6800,2015-04-14,missing_observed_percent_bleaching
6801,2005-11-06,missing_observed_percent_bleaching
6801,2012-04-04,missing_observed_percent_bleaching
6801,2013-04-11,missing_observed_percent_bleaching
6801,2014-04-17,missing_observed_percent_bleaching
6801,2015-04-14,missing_observed_percent_bleaching
6802,2012-03-17,missing_observed_percent_bleaching
6802,2013-03-19,missing_observed_percent_bleaching
6802,2014-03-24,missing_observed_percent_bleaching
6803,2013-01-15,missing_observed_percent_bleaching
6803,2014-01-22,missing_observed_percent_bleaching
6803,2015-01-11,missing_observed_percent_bleaching
6804,2012-03-17,missing_observed_percent_bleaching
6804,2013-03-19,missing_observed_percent_bleaching
6804,2014-03-24,missing_observed_percent_bleaching
6804,2015-02-23,missing_observed_percent_bleaching
6805,2012-03-17,missing_observed_percent_bleaching
6805,2013-03-19,missing_observed_percent_bleaching
6805,2014-03-24,missing_observed_percent_bleaching
6805,2015-02-23,missing_observed_percent_bleaching
6806,2013-01-14,missing_observed_percent_bleaching
6806,2014-01-21,missing_observed_percent_bleaching
6806,2015-01-10,missing_observed_percent_bleaching
6807,2013-01-14,missing_observed_percent_bleaching
6807,2014-01-21,missing_observed_percent_bleaching
6807,2015-01-10,missing_observed_percent_bleaching
6808,2012-03-18,missing_observed_percent_bleaching
6808,2013-05-19,missing_observed_percent_bleaching
6808,2014-03-01,missing_observed_percent_bleaching
6809,2012-03-18,missing_observed_percent_bleaching
6809,2013-05-18,missing_observed_percent_bleaching
6809,2014-03-01,missing_observed_percent_bleaching
6810,2012-03-18,missing_observed_percent_bleaching
6810,2013-05-18,missing_observed_percent_bleaching
6810,2014-03-02,missing_observed_percent_bleaching
6811,1998-09-27,missing_observed_percent_bleaching
6812,2012-01-14,missing_observed_percent_bleaching
6812,2013-04-21,missing_observed_percent_bleaching
6812,2014-03-31,missing_observed_percent_bleaching
6812,2015-04-30,missing_observed_percent_bleaching
6813,2013-03-10,missing_observed_percent_bleaching
6813,2014-01-31,missing_observed_percent_bleaching
6813,2015-03-03,missing_observed_percent_bleaching
6814,1998-09-05,missing_observed_percent_bleaching
6815,2014-04-10,missing_observed_percent_bleaching
6815,2015-02-26,missing_observed_percent_bleaching
6816,2013-05-13,missing_observed_percent_bleaching
6816,2014-01-31,missing_observed_percent_bleaching
6816,2015-03-05,missing_observed_percent_bleaching
6817,2013-03-10,missing_observed_percent_bleaching
6817,2014-01-31,missing_observed_percent_bleaching
6817,2015-03-03,missing_observed_percent_bleaching
6818,1998-09-06,missing_observed_percent_bleaching
6819,2001-12-06,missing_observed_percent_bleaching
6819,2012-01-04,missing_observed_percent_bleaching
6819,2012-12-29,missing_observed_percent_bleaching
6819,2014-03-15,missing_observed_percent_bleaching
6819,2015-01-15,missing_observed_percent_bleaching
6820,1997-09-01,missing_observed_percent_bleaching
6820,1998-09-26,missing_observed_percent_bleaching
6821,2013-04-26,missing_observed_percent_bleaching
6821,2014-02-07,missing_observed_percent_bleaching
6821,2015-02-18,missing_observed_percent_bleaching
6822,2013-04-26,missing_observed_percent_bleaching
6822,2014-02-07,missing_observed_percent_bleaching
6822,2015-02-19,missing_observed_percent_bleaching
6823,2014-03-26,missing_observed_percent_bleaching
6823,2015-03-18,missing_observed_percent_bleaching
6824,1998-09-06,missing_observed_percent_bleaching
6825,1998-09-10,missing_observed_percent_bleaching
6825,2012-01-08,missing_observed_percent_bleaching
6825,2013-02-28,missing_observed_percent_bleaching
6825,2014-01-01,missing_observed_percent_bleaching
6825,2014-12-20,missing_observed_percent_bleaching
6826,2013-04-26,missing_observed_percent_bleaching
6826,2014-02-07,missing_observed_percent_bleaching
6826,2015-02-19,missing_observed_percent_bleaching
6827,2014-02-27,missing_observed_percent_bleaching
6827,2015-02-25,missing_observed_percent_bleaching
6828,1998-09-10,missing_observed_percent_bleaching
6828,2012-01-08,missing_observed_percent_bleaching
6828,2012-12-20,missing_observed_percent_bleaching
6828,2014-01-01,missing_observed_percent_bleaching
6828,2014-12-20,missing_observed_percent_bleaching
6829,2013-02-24,missing_observed_percent_bleaching
6829,2014-04-02,missing_observed_percent_bleaching
6829,2015-03-26,missing_observed_percent_bleaching
6830,1998-10-03,missing_observed_percent_bleaching
6831,2001-12-07,missing_observed_percent_bleaching
6831,2012-01-05,missing_observed_percent_bleaching
6831,2012-12-29,missing_observed_percent_bleaching
6831,2014-03-15,missing_observed_percent_bleaching
6831,2015-01-15,missing_observed_percent_bleaching
6832,1997-09-01,missing_observed_percent_bleaching
6832,1998-09-26,missing_observed_percent_bleaching
6833,2013-02-24,missing_observed_percent_bleaching
6833,2014-04-02,missing_observed_percent_bleaching
6833,2015-03-26,missing_observed_percent_bleaching
6834,2001-12-05,missing_observed_percent_bleaching
6834,2012-01-04,missing_observed_percent_bleaching
6834,2013-02-03,missing_observed_percent_bleaching
6834,2014-03-16,missing_observed_percent_bleaching
6834,2015-01-13,missing_observed_percent_bleaching
6835,2014-02-27,missing_observed_percent_bleaching
6835,2015-02-25,missing_observed_percent_bleaching
6836,1997-09-02,missing_observed_percent_bleaching
6836,1998-09-26,missing_observed_percent_bleaching
6837,2001-12-05,missing_observed_percent_bleaching
6837,2012-01-04,missing_observed_percent_bleaching
6837,2013-02-03,missing_observed_percent_bleaching
6837,2014-03-16,missing_observed_percent_bleaching
6837,2015-01-13,missing_observed_percent_bleaching
6838,1998-09-06,missing_observed_percent_bleaching
6839,1998-09-19,missing_observed_percent_bleaching
6840,2014-03-26,missing_observed_percent_bleaching
6840,2015-02-26,missing_observed_percent_bleaching
6841,2014-02-28,missing_observed_percent_bleaching
6841,2015-03-18,missing_observed_percent_bleaching
6842,1998-09-19,missing_observed_percent_bleaching
6843,1998-10-03,missing_observed_percent_bleaching
6844,1998-09-20,missing_observed_percent_bleaching
6845,2001-12-07,missing_observed_percent_bleaching
6845,2012-01-05,missing_observed_percent_bleaching
6845,2012-12-29,missing_observed_percent_bleaching
6845,2014-02-21,missing_observed_percent_bleaching
6845,2015-01-15,missing_observed_percent_bleaching
6846,1998-09-20,missing_observed_percent_bleaching
6847,2013-02-24,missing_observed_percent_bleaching
6847,2014-04-02,missing_observed_percent_bleaching
6847,2015-03-25,missing_observed_percent_bleaching
6848,1998-10-03,missing_observed_percent_bleaching
6849,1983-03-15,missing_observed_percent_bleaching
6868,2003-06-15,missing_observed_percent_bleaching
6869,2003-06-15,missing_observed_percent_bleaching
6870,2003-06-15,missing_observed_percent_bleaching
6871,2003-06-15,missing_observed_percent_bleaching
6872,2003-06-15,missing_observed_percent_bleaching
6879,1990-08-15,missing_observed_percent_bleaching
6934,2000-06-01,missing_observed_percent_bleaching
6934,2001-08-30,missing_observed_percent_bleaching
6935,2000-06-01,missing_observed_percent_bleaching
6935,2001-08-30,missing_observed_percent_bleaching
6936,1997-08-05,missing_observed_percent_bleaching
6937,1997-08-07,missing_observed_percent_bleaching
6937,2000-05-30,missing_observed_percent_bleaching
6937,2001-08-29,missing_observed_percent_bleaching
6938,2002-04-03,missing_observed_percent_bleaching
6974,1997-06-29,missing_observed_percent_bleaching
6975,1997-06-29,missing_observed_percent_bleaching
6975,1998-09-26,missing_observed_percent_bleaching
6976,1985-10-15,missing_observed_percent_bleaching
7023,2002-06-15,missing_observed_percent_bleaching
7024,2002-06-15,missing_observed_percent_bleaching
7025,2002-06-15,missing_observed_percent_bleaching
7026,2002-06-15,missing_observed_percent_bleaching
7027,2002-06-15,missing_observed_percent_bleaching
7028,2002-06-15,missing_observed_percent_bleaching
7029,2002-06-15,missing_observed_percent_bleaching
7030,2002-06-15,missing_observed_percent_bleaching
7031,2002-06-15,missing_observed_percent_bleaching
7032,2002-06-15,missing_observed_percent_bleaching
7033,2002-06-15,missing_observed_percent_bleaching
7034,2002-06-15,missing_observed_percent_bleaching
7035,2002-06-15,missing_observed_percent_bleaching
7036,2002-06-15,missing_observed_percent_bleaching
7037,2002-06-15,missing_observed_percent_bleaching
7038,2005-07-15,missing_observed_percent_bleaching
7047,2006-08-15,missing_observed_percent_bleaching
7085,2002-07-23,missing_observed_percent_bleaching
7086,2002-07-23,missing_observed_percent_bleaching
7087,2002-07-25,missing_observed_percent_bleaching
7088,2002-07-24,missing_observed_percent_bleaching
7089,2002-07-26,missing_observed_percent_bleaching
7090,1998-07-15,missing_observed_percent_bleaching
7090,1999-04-24,missing_observed_percent_bleaching
7091,2000-03-17,missing_observed_percent_bleaching
7092,2000-03-19,missing_observed_percent_bleaching
7093,2000-03-19,missing_observed_percent_bleaching
7094,1998-07-16,missing_observed_percent_bleaching
7095,2000-03-17,missing_observed_percent_bleaching
7096,2000-03-18,missing_observed_percent_bleaching
7099,1999-05-25,missing_observed_percent_bleaching
7100,1999-05-25,missing_observed_percent_bleaching
7101,1999-05-24,missing_observed_percent_bleaching
7102,1999-05-26,missing_observed_percent_bleaching
7103,1999-05-26,missing_observed_percent_bleaching
7104,2002-08-15,missing_observed_percent_bleaching
7105,2002-08-04,missing_observed_percent_bleaching
7106,2002-08-06,missing_observed_percent_bleaching
7107,2002-08-12,missing_observed_percent_bleaching
7108,1999-08-27,missing_observed_percent_bleaching
7109,2001-03-30,missing_observed_percent_bleaching
7109,2002-07-30,missing_observed_percent_bleaching
7109,2002-08-16,missing_observed_percent_bleaching
7110,1999-05-28,missing_observed_percent_bleaching
7111,1999-08-28,missing_observed_percent_bleaching
7112,1999-08-28,missing_observed_percent_bleaching
7113,1999-05-27,missing_observed_percent_bleaching
7114,1999-05-27,missing_observed_percent_bleaching
7115,1999-08-26,missing_observed_percent_bleaching
7117,1999-08-29,missing_observed_percent_bleaching
7118,1998-06-06,missing_observed_percent_bleaching
7119,2002-06-12,missing_observed_percent_bleaching
7120,1998-06-05,missing_observed_percent_bleaching
7155,1998-09-12,missing_observed_percent_bleaching
7155,1999-08-21,missing_observed_percent_bleaching
7155,2000-05-13,missing_observed_percent_bleaching
7155,2001-08-04,missing_observed_percent_bleaching
7155,2002-10-05,missing_observed_percent_bleaching
7156,1999-08-21,missing_observed_percent_bleaching
7156,2000-05-13,missing_observed_percent_bleaching
7156,2001-08-04,missing_observed_percent_bleaching
7156,2002-10-05,missing_observed_percent_bleaching
7157,2001-08-04,missing_observed_percent_bleaching
7158,2002-09-21,missing_observed_percent_bleaching
7159,2001-07-28,missing_observed_percent_bleaching
7160,2000-09-16,missing_observed_percent_bleaching
7161,2000-09-16,missing_observed_percent_bleaching
7162,1997-08-06,missing_observed_percent_bleaching
7163,2001-07-28,missing_observed_percent_bleaching
7164,2001-12-04,missing_observed_percent_bleaching
7165,2001-03-19,missing_observed_percent_bleaching
7166,1997-08-11,missing_observed_percent_bleaching
7166,1999-06-29,missing_observed_percent_bleaching
7167,1997-08-07,missing_observed_percent_bleaching
7167,2001-03-15,missing_observed_percent_bleaching
7168,1999-06-30,missing_observed_percent_bleaching
7169,1999-06-25,missing_observed_percent_bleaching
7169,2001-03-16,missing_observed_percent_bleaching
7170,1998-09-18,missing_observed_percent_bleaching
7171,1998-09-17,missing_observed_percent_bleaching
7172,1998-09-17,missing_observed_percent_bleaching
7173,1998-09-16,missing_observed_percent_bleaching
7174,1998-09-16,missing_observed_percent_bleaching
7175,1998-09-15,missing_observed_percent_bleaching
7176,1998-09-15,missing_observed_percent_bleaching
7180,2006-11-29,missing_observed_percent_bleaching
7181,2002-05-28,missing_observed_percent_bleaching
7182,2002-05-28,missing_observed_percent_bleaching
7183,2002-10-06,missing_observed_percent_bleaching
7184,2002-02-13,missing_observed_percent_bleaching
7185,2002-11-03,missing_observed_percent_bleaching
7186,2002-10-17,missing_observed_percent_bleaching
7187,2002-10-11,missing_observed_percent_bleaching
7188,2002-10-17,missing_observed_percent_bleaching
7188,2004-06-07,missing_observed_percent_bleaching
7189,2002-09-24,missing_observed_percent_bleaching
7190,2002-09-19,missing_observed_percent_bleaching
7191,2002-10-01,missing_observed_percent_bleaching
7192,2001-08-11,missing_observed_percent_bleaching
7193,2002-10-05,missing_observed_percent_bleaching
7195,2002-06-05,missing_observed_percent_bleaching
7196,2006-08-26,missing_observed_percent_bleaching
7197,2006-08-26,missing_observed_percent_bleaching
7198,1998-08-28,missing_observed_percent_bleaching
7199,1998-08-29,missing_observed_percent_bleaching
7200,1998-08-28,missing_observed_percent_bleaching
7202,1999-08-22,missing_observed_percent_bleaching
7203,2000-08-09,missing_observed_percent_bleaching
7204,1999-07-22,missing_observed_percent_bleaching
7204,2000-08-03,missing_observed_percent_bleaching
7205,2014-03-18,missing_observed_percent_bleaching
7206,2016-04-26,missing_observed_percent_bleaching
7216,2000-07-15,missing_observed_percent_bleaching
7712,2018-01-17,missing_observed_percent_bleaching
7716,2004-10-14,missing_observed_percent_bleaching
7718,2002-05-31,missing_observed_percent_bleaching
7719,1999-05-25,missing_observed_percent_bleaching
7719,2000-09-02,missing_observed_percent_bleaching
7719,2001-02-17,missing_observed_percent_bleaching
7720,2009-10-22,missing_observed_percent_bleaching
7720,2010-02-13,missing_observed_percent_bleaching
7721,1999-06-08,missing_observed_percent_bleaching
7721,2001-02-17,missing_observed_percent_bleaching
7722,2006-01-16,missing_observed_percent_bleaching
7723,2009-10-21,missing_observed_percent_bleaching
7723,2010-02-13,missing_observed_percent_bleaching
7724,2000-08-24,missing_observed_percent_bleaching
7725,2009-10-22,missing_observed_percent_bleaching
7725,2010-02-13,missing_observed_percent_bleaching
7726,1999-05-13,missing_observed_percent_bleaching
7727,1999-05-06,missing_observed_percent_bleaching
7739,2005-04-24,missing_observed_percent_bleaching
7762,1999-02-21,missing_observed_percent_bleaching
7763,1999-02-21,missing_observed_percent_bleaching
7764,1999-06-16,missing_observed_percent_bleaching
7765,1999-06-09,missing_observed_percent_bleaching
7766,1999-03-02,missing_observed_percent_bleaching
7767,1999-03-02,missing_observed_percent_bleaching
7768,1999-02-22,missing_observed_percent_bleaching
7769,1999-06-08,missing_observed_percent_bleaching
7770,1999-02-22,missing_observed_percent_bleaching
7771,1999-06-08,missing_observed_percent_bleaching
7772,1999-02-18,missing_observed_percent_bleaching
7773,1999-02-20,missing_observed_percent_bleaching
7774,1999-02-27,missing_observed_percent_bleaching
7775,1999-02-20,missing_observed_percent_bleaching
7776,1999-02-17,missing_observed_percent_bleaching
7777,1999-06-07,missing_observed_percent_bleaching
7778,1999-06-07,missing_observed_percent_bleaching
7793,1998-02-15,missing_observed_percent_bleaching
7798,2001-10-15,missing_observed_percent_bleaching
7802,1997-08-26,missing_observed_percent_bleaching
7803,1997-09-01,missing_observed_percent_bleaching
7804,1997-08-25,missing_observed_percent_bleaching
7805,1997-08-24,missing_observed_percent_bleaching
7806,1997-08-29,missing_observed_percent_bleaching
7807,1997-08-30,missing_observed_percent_bleaching
7838,2013-08-02,missing_observed_percent_bleaching
7840,2005-10-20,missing_observed_percent_bleaching
7841,2007-07-10,missing_observed_percent_bleaching
7842,2009-04-22,missing_observed_percent_bleaching
7843,2007-05-03,missing_observed_percent_bleaching
7844,2008-07-25,missing_observed_percent_bleaching
7907,2001-07-21,missing_observed_percent_bleaching
7908,2000-10-06,missing_observed_percent_bleaching
7909,2002-04-27,missing_observed_percent_bleaching
7910,2000-12-08,missing_observed_percent_bleaching
7911,2001-08-04,missing_observed_percent_bleaching
7912,2001-09-29,missing_observed_percent_bleaching
7913,2001-04-26,missing_observed_percent_bleaching
7913,2001-07-14,missing_observed_percent_bleaching
7914,2000-03-15,missing_observed_percent_bleaching
7943,2010-05-15,missing_observed_percent_bleaching
7957,2007-04-15,missing_observed_percent_bleaching
7966,2004-12-14,missing_observed_percent_bleaching
7978,1997-08-14,missing_observed_percent_bleaching
7979,1997-08-13,missing_observed_percent_bleaching
7980,1997-08-13,missing_observed_percent_bleaching
7982,1997-08-13,missing_observed_percent_bleaching
7983,2009-09-26,missing_observed_percent_bleaching
7984,1998-09-04,missing_observed_percent_bleaching
7986,2010-06-26,missing_observed_percent_bleaching
7987,2009-09-25,missing_observed_percent_bleaching
7988,2009-09-26,missing_observed_percent_bleaching
7992,1998-09-03,missing_observed_percent_bleaching
7995,2010-06-26,missing_observed_percent_bleaching
7996,2010-06-26,missing_observed_percent_bleaching
7999,2009-09-01,missing_observed_percent_bleaching
8000,1998-06-23,missing_observed_percent_bleaching
8001,1998-06-22,missing_observed_percent_bleaching
8003,2009-09-01,missing_observed_percent_bleaching
8007,2009-09-01,missing_observed_percent_bleaching
8009,1997-07-16,missing_observed_percent_bleaching
8011,1997-07-17,missing_observed_percent_bleaching
8011,1998-09-08,missing_observed_percent_bleaching
8012,1997-07-16,missing_observed_percent_bleaching
8012,1998-09-07,missing_observed_percent_bleaching
8013,2009-07-25,missing_observed_percent_bleaching
8015,2009-07-25,missing_observed_percent_bleaching
8019,2009-08-29,missing_observed_percent_bleaching
8021,2009-08-29,missing_observed_percent_bleaching
8023,2009-08-24,missing_observed_percent_bleaching
8024,2009-08-23,missing_observed_percent_bleaching
8030,1997-07-27,missing_observed_percent_bleaching
8032,1997-07-28,missing_observed_percent_bleaching
8033,1997-08-16,missing_observed_percent_bleaching
8034,1997-08-16,missing_observed_percent_bleaching
8035,1997-08-13,missing_observed_percent_bleaching
8039,2009-05-23,missing_observed_percent_bleaching
8042,2009-05-23,missing_observed_percent_bleaching
8045,2009-06-13,missing_observed_percent_bleaching
8049,2009-06-13,missing_observed_percent_bleaching
8050,1987-09-15,missing_observed_percent_bleaching
8087,1997-08-14,missing_observed_percent_bleaching
8088,1998-08-26,missing_observed_percent_bleaching
8089,1997-08-13,missing_observed_percent_bleaching
8090,1998-08-27,missing_observed_percent_bleaching
8093,1998-09-20,missing_observed_percent_bleaching
8094,1999-09-25,missing_observed_percent_bleaching
8111,2003-04-15,missing_observed_percent_bleaching
8130,1993-09-15,missing_observed_percent_bleaching
8151,2008-02-15,missing_observed_percent_bleaching
8151,2008-04-15,missing_observed_percent_bleaching
8151,2010-05-15,missing_observed_percent_bleaching
8156,1994-03-15,missing_observed_percent_bleaching
8171,2001-02-27,missing_observed_percent_bleaching
8172,1998-07-05,missing_observed_percent_bleaching
8173,2001-02-26,missing_observed_percent_bleaching
8174,2000-04-16,missing_observed_percent_bleaching
8175,2001-02-26,missing_observed_percent_bleaching
8176,2000-04-16,missing_observed_percent_bleaching
8177,2001-02-27,missing_observed_percent_bleaching
8178,1999-12-11,missing_observed_percent_bleaching
8179,2001-07-29,missing_observed_percent_bleaching
8180,2001-01-09,missing_observed_percent_bleaching
8181,2001-03-04,missing_observed_percent_bleaching
8182,2000-03-15,missing_observed_percent_bleaching
8183,2001-01-09,missing_observed_percent_bleaching
8184,2000-04-18,missing_observed_percent_bleaching
8185,2001-02-25,missing_observed_percent_bleaching
8186,1998-06-14,missing_observed_percent_bleaching
8187,2001-02-24,missing_observed_percent_bleaching
8188,2001-02-24,missing_observed_percent_bleaching
8189,2001-02-25,missing_observed_percent_bleaching
8190,2001-09-09,missing_observed_percent_bleaching
8191,2001-03-03,missing_observed_percent_bleaching
8192,2001-03-03,missing_observed_percent_bleaching
8193,2001-09-09,missing_observed_percent_bleaching
8194,2001-03-03,missing_observed_percent_bleaching
8195,2001-03-03,missing_observed_percent_bleaching
8196,1999-03-29,missing_observed_percent_bleaching
8197,2001-03-19,missing_observed_percent_bleaching
8198,1999-03-29,missing_observed_percent_bleaching
8199,2001-03-19,missing_observed_percent_bleaching
8200,1999-03-20,missing_observed_percent_bleaching
8201,2001-03-16,missing_observed_percent_bleaching
8202,2001-03-16,missing_observed_percent_bleaching
8203,2000-04-20,missing_observed_percent_bleaching
8204,1999-03-28,missing_observed_percent_bleaching
8205,2001-03-17,missing_observed_percent_bleaching
8206,2001-03-17,missing_observed_percent_bleaching
8207,2001-03-18,missing_observed_percent_bleaching
8208,2001-03-18,missing_observed_percent_bleaching
8209,1999-03-28,missing_observed_percent_bleaching
8210,2001-03-18,missing_observed_percent_bleaching
8211,2001-03-19,missing_observed_percent_bleaching
8212,2001-03-19,missing_observed_percent_bleaching
8214,2001-04-08,missing_observed_percent_bleaching
8215,2001-04-07,missing_observed_percent_bleaching
8216,2001-04-07,missing_observed_percent_bleaching
8217,2001-04-05,missing_observed_percent_bleaching
8218,2001-04-04,missing_observed_percent_bleaching
8219,2001-04-04,missing_observed_percent_bleaching
8220,2001-04-08,missing_observed_percent_bleaching
8221,2001-04-08,missing_observed_percent_bleaching
8222,2001-04-05,missing_observed_percent_bleaching
8223,2001-04-07,missing_observed_percent_bleaching
8224,2001-04-06,missing_observed_percent_bleaching
8225,2001-04-06,missing_observed_percent_bleaching
8226,2001-04-06,missing_observed_percent_bleaching
8227,2001-04-07,missing_observed_percent_bleaching
8228,2001-04-09,missing_observed_percent_bleaching
8229,2001-04-09,missing_observed_percent_bleaching
8230,2001-04-09,missing_observed_percent_bleaching
8231,2001-04-10,missing_observed_percent_bleaching
8232,1999-07-27,missing_observed_percent_bleaching
8233,1999-08-01,missing_observed_percent_bleaching
8234,1999-07-13,missing_observed_percent_bleaching
8237,1999-08-02,missing_observed_percent_bleaching
8239,2006-03-21,missing_observed_percent_bleaching
8240,2006-03-22,missing_observed_percent_bleaching
8244,2001-10-13,missing_observed_percent_bleaching
8245,2001-10-13,missing_observed_percent_bleaching
8246,2001-10-13,missing_observed_percent_bleaching
8247,2001-10-13,missing_observed_percent_bleaching
8248,2000-04-25,missing_observed_percent_bleaching
8249,2003-11-01,missing_observed_percent_bleaching
8250,2001-04-29,missing_observed_percent_bleaching
8251,2001-04-29,missing_observed_percent_bleaching
8262,2010-05-15,missing_observed_percent_bleaching
8262,2010-06-15,missing_observed_percent_bleaching
8341,2002-01-16,missing_observed_percent_bleaching
8342,2002-08-15,missing_observed_percent_bleaching
8387,2005-10-15,missing_observed_percent_bleaching
8388,2005-10-15,missing_observed_percent_bleaching
8426,1987-11-15,missing_observed_percent_bleaching
8429,2005-02-26,missing_observed_percent_bleaching
8476,1999-08-15,missing_observed_percent_bleaching
8477,1999-08-15,missing_observed_percent_bleaching
8478,1999-08-15,missing_observed_percent_bleaching
8479,1999-08-15,missing_observed_percent_bleaching
8480,1999-08-15,missing_observed_percent_bleaching
8481,1999-08-15,missing_observed_percent_bleaching
8482,1999-08-15,missing_observed_percent_bleaching
8483,1999-08-15,missing_observed_percent_bleaching
8484,1999-08-15,missing_observed_percent_bleaching
8485,1999-08-15,missing_observed_percent_bleaching
8486,1999-08-15,missing_observed_percent_bleaching
8487,1999-08-15,missing_observed_percent_bleaching
8488,1999-08-15,missing_observed_percent_bleaching
8489,1999-08-15,missing_observed_percent_bleaching
8490,1999-08-15,missing_observed_percent_bleaching
8491,1999-08-15,missing_observed_percent_bleaching
8492,1999-08-15,missing_observed_percent_bleaching
8493,1999-08-15,missing_observed_percent_bleaching
8494,1999-08-15,missing_observed_percent_bleaching
8495,1999-08-15,missing_observed_percent_bleaching
8496,1999-08-15,missing_observed_percent_bleaching
8500,1987-12-15,missing_observed_percent_bleaching
8514,2002-08-15,missing_observed_percent_bleaching
8515,2009-08-15,missing_observed_percent_bleaching
8536,2006-12-15,missing_observed_percent_bleaching
8539,2006-01-15,missing_observed_percent_bleaching
8539,2006-05-15,missing_observed_percent_bleaching
8540,2006-01-15,missing_observed_percent_bleaching
8541,2006-01-15,missing_observed_percent_bleaching
8563,2006-12-15,missing_observed_percent_bleaching
8566,2006-02-15,missing_observed_percent_bleaching
8567,2006-02-15,missing_observed_percent_bleaching
8568,2006-02-15,missing_observed_percent_bleaching
8569,2006-02-15,missing_observed_percent_bleaching
8597,1987-09-15,missing_observed_percent_bleaching
8597,1998-03-15,missing_observed_percent_bleaching
8657,2010-04-15,missing_observed_percent_bleaching
8674,2003-05-15,missing_observed_percent_bleaching
8675,2003-05-15,missing_observed_percent_bleaching
8676,2003-05-15,missing_observed_percent_bleaching
8677,2003-05-15,missing_observed_percent_bleaching
8678,2003-05-15,missing_observed_percent_bleaching
8679,2003-05-15,missing_observed_percent_bleaching
8680,2009-05-15,missing_observed_percent_bleaching
8681,1998-08-30,missing_observed_percent_bleaching
8681,2001-11-30,missing_observed_percent_bleaching
8682,1999-09-28,missing_observed_percent_bleaching
8683,1998-08-30,missing_observed_percent_bleaching
8684,1999-09-26,missing_observed_percent_bleaching
8684,2001-12-01,missing_observed_percent_bleaching
8685,1997-09-24,missing_observed_percent_bleaching
8685,1998-08-30,missing_observed_percent_bleaching
8685,1999-09-26,missing_observed_percent_bleaching
8685,2001-12-01,missing_observed_percent_bleaching
8688,2002-05-17,missing_observed_percent_bleaching
8691,2004-05-21,missing_observed_percent_bleaching
8692,2008-05-24,missing_observed_percent_bleaching
8693,2008-05-22,missing_observed_percent_bleaching
8694,2008-05-22,missing_observed_percent_bleaching
8696,2002-05-15,missing_observed_percent_bleaching
8698,2002-05-15,missing_observed_percent_bleaching
8699,2002-05-14,missing_observed_percent_bleaching
8700,2002-05-14,missing_observed_percent_bleaching
8702,2002-05-15,missing_observed_percent_bleaching
8703,2002-05-15,missing_observed_percent_bleaching
8704,2008-05-25,missing_observed_percent_bleaching
8707,2008-07-12,missing_observed_percent_bleaching
8708,1998-08-29,missing_observed_percent_bleaching
8709,1998-08-29,missing_observed_percent_bleaching
8710,1998-08-29,missing_observed_percent_bleaching
8711,2008-07-25,missing_observed_percent_bleaching
8712,2008-08-22,missing_observed_percent_bleaching
8713,2001-08-15,missing_observed_percent_bleaching
8713,2003-12-27,missing_observed_percent_bleaching
8714,2001-10-18,missing_observed_percent_bleaching
8715,2001-11-17,missing_observed_percent_bleaching
8717,2003-08-27,missing_observed_percent_bleaching
8718,2010-04-11,missing_observed_percent_bleaching
8719,2004-04-03,missing_observed_percent_bleaching
8720,1998-06-13,missing_observed_percent_bleaching
8721,2001-12-15,missing_observed_percent_bleaching
8722,2001-04-22,missing_observed_percent_bleaching
8723,2001-04-22,missing_observed_percent_bleaching
8724,2004-05-01,missing_observed_percent_bleaching
8724,2004-11-21,missing_observed_percent_bleaching
8725,2002-02-09,missing_observed_percent_bleaching
8726,2002-02-10,missing_observed_percent_bleaching
8727,2001-05-26,missing_observed_percent_bleaching
8728,2004-08-21,missing_observed_percent_bleaching
8729,2001-03-11,missing_observed_percent_bleaching
8730,2003-10-11,missing_observed_percent_bleaching
8731,2001-09-29,missing_observed_percent_bleaching
8732,2001-09-08,missing_observed_percent_bleaching
8733,2001-07-08,missing_observed_percent_bleaching
8734,2004-07-24,missing_observed_percent_bleaching
8735,2003-10-05,missing_observed_percent_bleaching
8736,2004-10-14,missing_observed_percent_bleaching
8738,2004-08-01,missing_observed_percent_bleaching
8739,1997-06-14,missing_observed_percent_bleaching
8740,1998-06-20,missing_observed_percent_bleaching
8740,2000-05-06,missing_observed_percent_bleaching
8741,1999-08-21,missing_observed_percent_bleaching
8743,1997-08-19,missing_observed_percent_bleaching
8744,1997-08-15,missing_observed_percent_bleaching
8745,1997-08-06,missing_observed_percent_bleaching
8746,1998-08-02,missing_observed_percent_bleaching
8747,1998-08-02,missing_observed_percent_bleaching
8748,1997-08-28,missing_observed_percent_bleaching
8749,1997-07-12,missing_observed_percent_bleaching
8750,1997-08-16,missing_observed_percent_bleaching
8751,1997-06-07,missing_observed_percent_bleaching
8751,1998-07-18,missing_observed_percent_bleaching
8752,1998-07-18,missing_observed_percent_bleaching
8753,1997-07-19,missing_observed_percent_bleaching
8753,1998-07-19,missing_observed_percent_bleaching
8754,1998-07-19,missing_observed_percent_bleaching
8755,1997-08-13,missing_observed_percent_bleaching
8755,1998-08-16,missing_observed_percent_bleaching
8756,1997-06-27,missing_observed_percent_bleaching
8756,1998-07-01,missing_observed_percent_bleaching
8757,1999-08-30,missing_observed_percent_bleaching
8758,1998-02-28,missing_observed_percent_bleaching
8759,1997-08-02,missing_observed_percent_bleaching
8760,1997-08-09,missing_observed_percent_bleaching
8760,1998-07-01,missing_observed_percent_bleaching
8761,1997-06-14,missing_observed_percent_bleaching
8761,1998-07-18,missing_observed_percent_bleaching
8762,1997-07-20,missing_observed_percent_bleaching
8762,1998-07-15,missing_observed_percent_bleaching
8763,1999-08-25,missing_observed_percent_bleaching
8764,1997-08-09,missing_observed_percent_bleaching
8765,1999-08-30,missing_observed_percent_bleaching
8766,1997-08-03,missing_observed_percent_bleaching
8766,1998-07-18,missing_observed_percent_bleaching
8767,2003-06-15,missing_observed_percent_bleaching
8768,1997-07-05,missing_observed_percent_bleaching
8768,1998-08-01,missing_observed_percent_bleaching
8769,2003-06-15,missing_observed_percent_bleaching
8770,2003-06-15,missing_observed_percent_bleaching
8771,2003-06-15,missing_observed_percent_bleaching
8772,1999-06-21,missing_observed_percent_bleaching
8773,2003-06-15,missing_observed_percent_bleaching
8774,1997-06-18,missing_observed_percent_bleaching
8774,1998-06-21,missing_observed_percent_bleaching
8775,2003-06-15,missing_observed_percent_bleaching
8776,2003-06-15,missing_observed_percent_bleaching
8777,2003-06-15,missing_observed_percent_bleaching
8778,2003-06-15,missing_observed_percent_bleaching
8779,2003-06-15,missing_observed_percent_bleaching
8780,2003-06-15,missing_observed_percent_bleaching
8781,2005-06-15,missing_observed_percent_bleaching
8782,2001-06-12,missing_observed_percent_bleaching
8783,2001-06-19,missing_observed_percent_bleaching
8784,1997-06-28,missing_observed_percent_bleaching
8786,2001-06-16,missing_observed_percent_bleaching
8786,2001-07-25,missing_observed_percent_bleaching
8787,1997-08-12,missing_observed_percent_bleaching
8787,1998-06-19,missing_observed_percent_bleaching
8787,2001-06-11,missing_observed_percent_bleaching
8790,1997-08-22,missing_observed_percent_bleaching
8793,1998-03-15,missing_observed_percent_bleaching
8794,1999-06-20,missing_observed_percent_bleaching
8794,2001-06-17,missing_observed_percent_bleaching
8795,1998-06-20,missing_observed_percent_bleaching
8798,1999-09-05,missing_observed_percent_bleaching
8799,1997-08-29,missing_observed_percent_bleaching
8804,1997-08-14,missing_observed_percent_bleaching
8806,2001-03-10,missing_observed_percent_bleaching
8807,2001-03-31,missing_observed_percent_bleaching
8808,2001-12-09,missing_observed_percent_bleaching
8809,2001-01-14,missing_observed_percent_bleaching
8812,2003-07-15,missing_observed_percent_bleaching
8813,2003-07-15,missing_observed_percent_bleaching
8814,2003-07-15,missing_observed_percent_bleaching
8815,1998-08-01,missing_observed_percent_bleaching
8815,2000-08-19,missing_observed_percent_bleaching
8815,2001-09-22,missing_observed_percent_bleaching
8816,2008-07-15,missing_observed_percent_bleaching
8817,1997-08-24,missing_observed_percent_bleaching
8987,2005-08-15,missing_observed_percent_bleaching
8988,1987-08-15,missing_observed_percent_bleaching
8989,1987-08-15,missing_observed_percent_bleaching
8991,2005-08-15,missing_observed_percent_bleaching
8992,2009-08-15,missing_observed_percent_bleaching
9199,1996-09-15,missing_observed_percent_bleaching
9200,2006-09-15,missing_observed_percent_bleaching
9201,2006-09-15,missing_observed_percent_bleaching
9202,1987-09-15,missing_observed_percent_bleaching
9203,1987-09-15,missing_observed_percent_bleaching
9204,1987-09-15,missing_observed_percent_bleaching
9205,1987-09-15,missing_observed_percent_bleaching
9206,1987-09-15,missing_observed_percent_bleaching
9207,1987-09-15,missing_observed_percent_bleaching
9208,2003-09-15,missing_observed_percent_bleaching
9209,2003-09-15,missing_observed_percent_bleaching
9210,2003-09-15,missing_observed_percent_bleaching
9211,2003-09-15,missing_observed_percent_bleaching
9212,2003-09-15,missing_observed_percent_bleaching
9213,2003-09-15,missing_observed_percent_bleaching
9214,2004-09-15,missing_observed_percent_bleaching
9215,2004-09-15,missing_observed_percent_bleaching
9216,2005-09-15,missing_observed_percent_bleaching
9217,2010-09-15,missing_observed_percent_bleaching
9332,1987-10-15,missing_observed_percent_bleaching
9333,2003-10-15,missing_observed_percent_bleaching
9334,2003-10-15,missing_observed_percent_bleaching
9335,2004-10-15,missing_observed_percent_bleaching
9336,2004-10-15,missing_observed_percent_bleaching
9337,2007-10-15,missing_observed_percent_bleaching
9356,1986-11-15,missing_observed_percent_bleaching
9357,1986-11-15,missing_observed_percent_bleaching
9517,1998-03-15,missing_observed_percent_bleaching
9560,1999-10-15,missing_observed_percent_bleaching
9561,1999-10-15,missing_observed_percent_bleaching
9562,1999-10-15,missing_observed_percent_bleaching
9574,2002-06-26,missing_observed_percent_bleaching
9575,1998-10-18,missing_observed_percent_bleaching
9575,2000-06-22,missing_observed_percent_bleaching
9575,2001-09-10,missing_observed_percent_bleaching
9575,2002-06-24,missing_observed_percent_bleaching
9576,1999-07-20,missing_observed_percent_bleaching
9576,2000-06-14,missing_observed_percent_bleaching
9576,2001-08-09,missing_observed_percent_bleaching
9576,2002-06-19,missing_observed_percent_bleaching
9577,1998-10-17,missing_observed_percent_bleaching
9578,1998-10-20,missing_observed_percent_bleaching
9578,1999-07-22,missing_observed_percent_bleaching
9578,2000-06-18,missing_observed_percent_bleaching
9578,2001-09-09,missing_observed_percent_bleaching
9578,2002-06-25,missing_observed_percent_bleaching
9579,2000-06-20,missing_observed_percent_bleaching
9579,2001-10-05,missing_observed_percent_bleaching
9579,2002-06-21,missing_observed_percent_bleaching
9580,1998-10-19,missing_observed_percent_bleaching
9581,1999-07-17,missing_observed_percent_bleaching
9581,2000-06-19,missing_observed_percent_bleaching
9581,2001-10-09,missing_observed_percent_bleaching
9581,2002-06-24,missing_observed_percent_bleaching
9582,1998-10-18,missing_observed_percent_bleaching
9583,2000-06-21,missing_observed_percent_bleaching
9583,2002-06-20,missing_observed_percent_bleaching
9584,1999-07-21,missing_observed_percent_bleaching
9584,2000-06-13,missing_observed_percent_bleaching
9584,2001-07-09,missing_observed_percent_bleaching
9584,2002-06-19,missing_observed_percent_bleaching
9585,1998-05-07,missing_observed_percent_bleaching
9586,1998-05-09,missing_observed_percent_bleaching
9587,1998-10-16,missing_observed_percent_bleaching
9588,2002-12-03,missing_observed_percent_bleaching
9589,2002-03-12,missing_observed_percent_bleaching
9590,2002-12-04,missing_observed_percent_bleaching
9591,2002-12-04,missing_observed_percent_bleaching
9592,2002-11-30,missing_observed_percent_bleaching
9593,2002-11-30,missing_observed_percent_bleaching
9594,2002-11-29,missing_observed_percent_bleaching
9595,2002-11-29,missing_observed_percent_bleaching
9596,2007-12-22,missing_observed_percent_bleaching
9596,2009-10-26,missing_observed_percent_bleaching
9596,2010-05-26,missing_observed_percent_bleaching
9597,2007-12-19,missing_observed_percent_bleaching
9597,2009-10-24,missing_observed_percent_bleaching
9597,2010-05-27,missing_observed_percent_bleaching
9598,2002-04-10,missing_observed_percent_bleaching
9598,2003-04-22,missing_observed_percent_bleaching
9598,2007-12-20,missing_observed_percent_bleaching
9598,2009-10-23,missing_observed_percent_bleaching
9598,2010-05-26,missing_observed_percent_bleaching
9599,2007-12-19,missing_observed_percent_bleaching
9599,2009-10-24,missing_observed_percent_bleaching
9600,2002-04-11,missing_observed_percent_bleaching
9600,2003-04-23,missing_observed_percent_bleaching
9600,2007-07-22,missing_observed_percent_bleaching
9600,2009-10-26,missing_observed_percent_bleaching
9600,2010-05-25,missing_observed_percent_bleaching
9601,2002-04-10,missing_observed_percent_bleaching
9601,2003-04-22,missing_observed_percent_bleaching
9601,2007-12-20,missing_observed_percent_bleaching
9601,2009-10-23,missing_observed_percent_bleaching
9601,2010-05-27,missing_observed_percent_bleaching
9602,2007-12-18,missing_observed_percent_bleaching
9602,2009-10-25,missing_observed_percent_bleaching
9602,2010-05-25,missing_observed_percent_bleaching
9603,2002-04-11,missing_observed_percent_bleaching
9603,2003-04-23,missing_observed_percent_bleaching
9603,2007-12-17,missing_observed_percent_bleaching
9603,2009-10-25,missing_observed_percent_bleaching
9603,2010-05-22,missing_observed_percent_bleaching
9604,2002-04-12,missing_observed_percent_bleaching
9604,2003-04-24,missing_observed_percent_bleaching
9604,2007-12-22,missing_observed_percent_bleaching
9604,2009-10-27,missing_observed_percent_bleaching
9604,2010-05-22,missing_observed_percent_bleaching
9605,2007-12-23,missing_observed_percent_bleaching
9605,2009-10-27,missing_observed_percent_bleaching
9605,2010-05-22,missing_observed_percent_bleaching
9606,2002-04-12,missing_observed_percent_bleaching
9606,2003-04-24,missing_observed_percent_bleaching
9607,2010-05-23,missing_observed_percent_bleaching
9612,1998-09-26,missing_observed_percent_bleaching
9613,2001-10-29,missing_observed_percent_bleaching
9614,2001-10-30,missing_observed_percent_bleaching
9615,1998-09-26,missing_observed_percent_bleaching
9616,2001-07-21,missing_observed_percent_bleaching
9617,2007-06-30,missing_observed_percent_bleaching
9617,2008-07-22,missing_observed_percent_bleaching
9617,2009-06-12,missing_observed_percent_bleaching
9617,2010-06-07,missing_observed_percent_bleaching
9617,2011-05-18,missing_observed_percent_bleaching
9618,2007-06-30,missing_observed_percent_bleaching
9618,2008-07-22,missing_observed_percent_bleaching
9618,2009-06-12,missing_observed_percent_bleaching
9618,2010-06-07,missing_observed_percent_bleaching
9618,2011-05-18,missing_observed_percent_bleaching
9619,2002-05-22,missing_observed_percent_bleaching
9619,2007-06-26,missing_observed_percent_bleaching
9619,2008-07-23,missing_observed_percent_bleaching
9619,2009-06-13,missing_observed_percent_bleaching
9619,2010-06-08,missing_observed_percent_bleaching
9619,2011-05-22,missing_observed_percent_bleaching
9620,2002-05-22,missing_observed_percent_bleaching
9620,2007-06-26,missing_observed_percent_bleaching
9620,2008-07-23,missing_observed_percent_bleaching
9620,2009-06-13,missing_observed_percent_bleaching
9620,2010-06-08,missing_observed_percent_bleaching
9620,2011-05-22,missing_observed_percent_bleaching
9621,2007-06-27,missing_observed_percent_bleaching
9621,2008-07-26,missing_observed_percent_bleaching
9621,2009-04-16,missing_observed_percent_bleaching
9621,2010-06-09,missing_observed_percent_bleaching
9621,2011-05-20,missing_observed_percent_bleaching
9622,2001-04-29,missing_observed_percent_bleaching
9622,2002-05-23,missing_observed_percent_bleaching
9623,2002-05-23,missing_observed_percent_bleaching
9623,2007-06-27,missing_observed_percent_bleaching
9623,2008-07-26,missing_observed_percent_bleaching
9623,2009-04-16,missing_observed_percent_bleaching
9623,2010-06-09,missing_observed_percent_bleaching
9623,2011-05-20,missing_observed_percent_bleaching
9624,2002-05-24,missing_observed_percent_bleaching
9624,2007-06-28,missing_observed_percent_bleaching
9624,2008-07-24,missing_observed_percent_bleaching
9624,2009-06-14,missing_observed_percent_bleaching
9624,2010-06-10,missing_observed_percent_bleaching
9624,2011-05-24,missing_observed_percent_bleaching
9625,2001-04-28,missing_observed_percent_bleaching
9625,2002-05-24,missing_observed_percent_bleaching
9625,2007-06-28,missing_observed_percent_bleaching
9625,2008-07-24,missing_observed_percent_bleaching
9625,2009-06-14,missing_observed_percent_bleaching
9625,2010-06-10,missing_observed_percent_bleaching
9625,2011-05-24,missing_observed_percent_bleaching
9626,2007-06-29,missing_observed_percent_bleaching
9626,2008-07-25,missing_observed_percent_bleaching
9626,2009-06-15,missing_observed_percent_bleaching
9626,2010-06-11,missing_observed_percent_bleaching
9626,2011-05-23,missing_observed_percent_bleaching
9627,2007-06-29,missing_observed_percent_bleaching
9627,2008-07-25,missing_observed_percent_bleaching
9627,2009-06-15,missing_observed_percent_bleaching
9627,2010-06-11,missing_observed_percent_bleaching
9627,2011-05-23,missing_observed_percent_bleaching
9628,2002-08-09,missing_observed_percent_bleaching
9629,2002-08-07,missing_observed_percent_bleaching
9630,2002-08-07,missing_observed_percent_bleaching
9631,2002-08-08,missing_observed_percent_bleaching
9632,2002-08-09,missing_observed_percent_bleaching
9633,1999-04-08,missing_observed_percent_bleaching
9633,2000-10-05,missing_observed_percent_bleaching
9633,2001-10-04,missing_observed_percent_bleaching
9633,2002-08-06,missing_observed_percent_bleaching
9634,2007-07-17,missing_observed_percent_bleaching
9635,2007-07-18,missing_observed_percent_bleaching
9635,2008-05-08,missing_observed_percent_bleaching
9635,2009-07-27,missing_observed_percent_bleaching
9635,2010-06-15,missing_observed_percent_bleaching
9636,1999-04-09,missing_observed_percent_bleaching
9636,2000-10-05,missing_observed_percent_bleaching
9636,2002-08-06,missing_observed_percent_bleaching
9637,2009-07-28,missing_observed_percent_bleaching
9637,2010-06-14,missing_observed_percent_bleaching
9638,2007-07-16,missing_observed_percent_bleaching
9638,2008-05-09,missing_observed_percent_bleaching
9639,2007-07-18,missing_observed_percent_bleaching
9639,2008-05-08,missing_observed_percent_bleaching
9640,2007-07-16,missing_observed_percent_bleaching
9641,2001-04-12,missing_observed_percent_bleaching
9641,2002-08-08,missing_observed_percent_bleaching
9641,2007-07-20,missing_observed_percent_bleaching
9641,2008-05-10,missing_observed_percent_bleaching
9641,2009-07-26,missing_observed_percent_bleaching
9641,2010-06-14,missing_observed_percent_bleaching
9642,2007-07-21,missing_observed_percent_bleaching
9642,2009-07-27,missing_observed_percent_bleaching
9642,2010-06-15,missing_observed_percent_bleaching
9643,2007-07-21,missing_observed_percent_bleaching
9643,2009-07-24,missing_observed_percent_bleaching
9643,2010-06-03,missing_observed_percent_bleaching
9644,2007-07-18,missing_observed_percent_bleaching
9644,2008-05-10,missing_observed_percent_bleaching
9644,2009-07-24,missing_observed_percent_bleaching
9644,2010-06-03,missing_observed_percent_bleaching
9645,2007-07-19,missing_observed_percent_bleaching
9646,2009-07-23,missing_observed_percent_bleaching
9646,2010-06-05,missing_observed_percent_bleaching
9647,1998-09-05,missing_observed_percent_bleaching
9648,1998-09-30,missing_observed_percent_bleaching
9648,1999-04-14,missing_observed_percent_bleaching
9649,2007-07-19,missing_observed_percent_bleaching
9650,2000-10-04,missing_observed_percent_bleaching
9651,1998-09-30,missing_observed_percent_bleaching
9652,2009-07-23,missing_observed_percent_bleaching
9652,2010-06-05,missing_observed_percent_bleaching
9653,2000-10-04,missing_observed_percent_bleaching
9654,1999-04-13,missing_observed_percent_bleaching
9655,2009-07-25,missing_observed_percent_bleaching
9655,2010-06-04,missing_observed_percent_bleaching
9656,2002-04-29,missing_observed_percent_bleaching
9657,2002-04-30,missing_observed_percent_bleaching
9658,1999-04-16,missing_observed_percent_bleaching
9659,1999-04-15,missing_observed_percent_bleaching
9660,2001-03-30,missing_observed_percent_bleaching
9661,2001-09-08,missing_observed_percent_bleaching
9661,2002-09-07,missing_observed_percent_bleaching
9662,2002-09-07,missing_observed_percent_bleaching
9663,2002-09-09,missing_observed_percent_bleaching
9664,2002-09-08,missing_observed_percent_bleaching
9665,2002-09-08,missing_observed_percent_bleaching
9666,2005-06-01,missing_observed_percent_bleaching
9667,2005-06-01,missing_observed_percent_bleaching
9668,2005-06-04,missing_observed_percent_bleaching
9669,2005-06-02,missing_observed_percent_bleaching
9670,2005-06-04,missing_observed_percent_bleaching
9671,2005-06-02,missing_observed_percent_bleaching
9672,2005-06-03,missing_observed_percent_bleaching
9673,2005-06-03,missing_observed_percent_bleaching
9674,2005-06-05,missing_observed_percent_bleaching
9675,2005-06-05,missing_observed_percent_bleaching
9676,2005-06-06,missing_observed_percent_bleaching
9677,2005-06-07,missing_observed_percent_bleaching
9678,2005-06-07,missing_observed_percent_bleaching
9679,2005-06-06,missing_observed_percent_bleaching
9680,2005-06-06,missing_observed_percent_bleaching
9681,2005-06-07,missing_observed_percent_bleaching
9682,2005-06-08,missing_observed_percent_bleaching
9683,2005-06-08,missing_observed_percent_bleaching
9685,2003-09-27,missing_observed_percent_bleaching
9686,2003-09-28,missing_observed_percent_bleaching
9777,1998-11-10,missing_observed_percent_bleaching
9778,2001-10-23,missing_observed_percent_bleaching
9779,2001-10-20,missing_observed_percent_bleaching
15446,2019-05-28,missing_observed_percent_bleaching
15456,2019-05-16,missing_observed_percent_bleaching
15457,2019-05-29,missing_observed_percent_bleaching
2068,1980-06-15,missing_hotspot_like
2069,1980-06-15,missing_hotspot_like
2336,2007-08-15,missing_hotspot_like
2367,2007-08-15,missing_hotspot_like
2643,2003-10-15,missing_hotspot_like
2853,1997-03-15,missing_hotspot_like
3015,2019-12-31,missing_hotspot_like
3024,2019-12-29,missing_hotspot_like
3031,2019-12-27,missing_hotspot_like
3036,2008-06-18,missing_hotspot_like
3210,2000-04-15,missing_hotspot_like
3568,2020-03-08,missing_hotspot_like
3571,2020-03-15,missing_hotspot_like
3573,2020-03-08,missing_hotspot_like
3577,2020-03-12,missing_hotspot_like
3579,2020-03-12,missing_hotspot_like
3580,2020-03-15,missing_hotspot_like
3582,2020-03-23,missing_hotspot_like
3583,2020-03-20,missing_hotspot_like
3584,2020-05-30,missing_hotspot_like
3585,2020-05-13,missing_hotspot_like
3586,2020-05-18,missing_hotspot_like
3591,2020-05-30,missing_hotspot_like
3595,2020-05-20,missing_hotspot_like
3596,2020-05-12,missing_hotspot_like
3597,2020-05-13,missing_hotspot_like
3600,2020-05-27,missing_hotspot_like
3601,2020-05-27,missing_hotspot_like
3661,2013-08-22,missing_hotspot_like
3795,1998-04-15,missing_hotspot_like
3825,2010-07-15,missing_hotspot_like
3877,2020-03-17,missing_hotspot_like
3886,2020-02-08,missing_hotspot_like
3886,2020-03-14,missing_hotspot_like
4215,2020-03-17,missing_hotspot_like
4216,2020-02-12,missing_hotspot_like
4334,2005-12-25,missing_hotspot_like
6371,1989-05-15,missing_hotspot_like
6558,2003-09-15,missing_hotspot_like
7208,1999-06-15,missing_hotspot_like
7752,2001-02-15,missing_hotspot_like
8050,1987-09-15,missing_hotspot_like
8313,2020-01-16,missing_hotspot_like
8563,2006-12-15,missing_hotspot_like
8927,2005-08-15,missing_hotspot_like
9294,2001-10-15,missing_hotspot_like
9563,1987-11-15,missing_hotspot_like
9631,2002-08-08,missing_hotspot_like
15443,2020-03-17,missing_hotspot_like
15444,2020-03-17,missing_hotspot_like
15444,2020-08-15,missing_hotspot_like
15445,2020-03-17,missing_hotspot_like
15445,2020-08-15,missing_hotspot_like
15446,2020-01-04,missing_hotspot_like
15457,2020-02-04,missing_hotspot_like
15458,2020-02-13,missing_hotspot_like
15501,2020-02-26,missing_hotspot_like
15517,2020-02-19,missing_hotspot_like
15524,2019-12-30,missing_hotspot_like
15535,2019-12-29,missing_hotspot_like
15673,2020-01-08,missing_hotspot_like
15735,2020-01-24,missing_hotspot_like
2068,1980-06-15,missing_dhw_like
2069,1980-06-15,missing_dhw_like
2336,2007-08-15,missing_dhw_like
2367,2007-08-15,missing_dhw_like
2643,2003-10-15,missing_dhw_like
2853,1997-03-15,missing_dhw_like
3015,2019-12-31,missing_dhw_like
3024,2019-12-29,missing_dhw_like
3031,2019-12-27,missing_dhw_like
3036,2008-06-18,missing_dhw_like
3210,2000-04-15,missing_dhw_like
3568,2020-03-08,missing_dhw_like
3571,2020-03-15,missing_dhw_like
3573,2020-03-08,missing_dhw_like
3577,2020-03-12,missing_dhw_like
3579,2020-03-12,missing_dhw_like
3580,2020-03-15,missing_dhw_like
3582,2020-03-23,missing_dhw_like
3583,2020-03-20,missing_dhw_like
3584,2020-05-30,missing_dhw_like
3585,2020-05-13,missing_dhw_like
3586,2020-05-18,missing_dhw_like
3591,2020-05-30,missing_dhw_like
3595,2020-05-20,missing_dhw_like
3596,2020-05-12,missing_dhw_like
3597,2020-05-13,missing_dhw_like
3600,2020-05-27,missing_dhw_like
3601,2020-05-27,missing_dhw_like
3661,2013-08-22,missing_dhw_like
3795,1998-04-15,missing_dhw_like
3825,2010-07-15,missing_dhw_like
3877,2020-03-17,missing_dhw_like
3886,2020-02-08,missing_dhw_like
3886,2020-03-14,missing_dhw_like
4215,2020-03-17,missing_dhw_like
4216,2020-02-12,missing_dhw_like
4334,2005-12-25,missing_dhw_like
6371,1989-05-15,missing_dhw_like
6558,2003-09-15,missing_dhw_like
7208,1999-06-15,missing_dhw_like
7752,2001-02-15,missing_dhw_like
8050,1987-09-15,missing_dhw_like
8313,2020-01-16,missing_dhw_like
8563,2006-12-15,missing_dhw_like
8927,2005-08-15,missing_dhw_like
9294,2001-10-15,missing_dhw_like
9563,1987-11-15,missing_dhw_like
9631,2002-08-08,missing_dhw_like
15443,2020-03-17,missing_dhw_like
15444,2020-03-17,missing_dhw_like
15444,2020-08-15,missing_dhw_like
15445,2020-03-17,missing_dhw_like
15445,2020-08-15,missing_dhw_like
15446,2020-01-04,missing_dhw_like
15457,2020-02-04,missing_dhw_like
15458,2020-02-13,missing_dhw_like
15501,2020-02-26,missing_dhw_like
15517,2020-02-19,missing_dhw_like
15524,2019-12-30,missing_dhw_like
15535,2019-12-29,missing_dhw_like
15673,2020-01-08,missing_dhw_like
15735,2020-01-24,missing_dhw_like
1,2005-10-15,comment_derived_percent_bleaching
23,2007-11-15,comment_derived_percent_bleaching
27,2006-01-15,comment_derived_percent_bleaching
29,1998-02-15,comment_derived_percent_bleaching
46,1998-02-15,comment_derived_percent_bleaching
47,1998-02-15,comment_derived_percent_bleaching
58,1998-02-15,comment_derived_percent_bleaching
62,2002-02-15,comment_derived_percent_bleaching
63,1998-02-15,comment_derived_percent_bleaching
64,1998-02-15,comment_derived_percent_bleaching
65,1998-02-15,comment_derived_percent_bleaching
66,1998-02-15,comment_derived_percent_bleaching
68,2002-03-15,comment_derived_percent_bleaching
70,2002-03-15,comment_derived_percent_bleaching
71,2002-03-15,comment_derived_percent_bleaching
73,2002-03-15,comment_derived_percent_bleaching
74,2002-03-15,comment_derived_percent_bleaching
75,2002-03-15,comment_derived_percent_bleaching
77,2002-03-15,comment_derived_percent_bleaching
78,2002-03-15,comment_derived_percent_bleaching
80,2002-03-15,comment_derived_percent_bleaching
81,2002-03-15,comment_derived_percent_bleaching
83,2002-03-15,comment_derived_percent_bleaching
84,2002-03-15,comment_derived_percent_bleaching
85,2002-03-15,comment_derived_percent_bleaching
86,2002-03-15,comment_derived_percent_bleaching
91,1998-02-15,comment_derived_percent_bleaching
92,1998-02-15,comment_derived_percent_bleaching
93,1998-02-15,comment_derived_percent_bleaching
94,1998-02-15,comment_derived_percent_bleaching
95,1998-02-15,comment_derived_percent_bleaching
95,1998-05-15,comment_derived_percent_bleaching
95,1999-03-15,comment_derived_percent_bleaching
118,2005-03-15,comment_derived_percent_bleaching
121,1998-03-15,comment_derived_percent_bleaching
121,1998-04-15,comment_derived_percent_bleaching
133,2006-03-15,comment_derived_percent_bleaching
153,1998-03-15,comment_derived_percent_bleaching
154,1998-03-15,comment_derived_percent_bleaching
155,2006-03-15,comment_derived_percent_bleaching
157,2006-03-15,comment_derived_percent_bleaching
164,2006-03-15,comment_derived_percent_bleaching
172,2006-03-15,comment_derived_percent_bleaching
177,1999-03-15,comment_derived_percent_bleaching
178,1999-03-15,comment_derived_percent_bleaching
183,2002-03-15,comment_derived_percent_bleaching
184,2002-03-15,comment_derived_percent_bleaching
185,2002-03-15,comment_derived_percent_bleaching
187,2002-03-15,comment_derived_percent_bleaching
189,2002-03-15,comment_derived_percent_bleaching
191,2002-03-15,comment_derived_percent_bleaching
193,2002-03-15,comment_derived_percent_bleaching
195,2002-03-15,comment_derived_percent_bleaching
196,2002-03-15,comment_derived_percent_bleaching
197,2002-03-15,comment_derived_percent_bleaching
199,2002-03-15,comment_derived_percent_bleaching
200,2002-03-15,comment_derived_percent_bleaching
201,2002-03-15,comment_derived_percent_bleaching
203,2002-03-15,comment_derived_percent_bleaching
205,2002-03-15,comment_derived_percent_bleaching
206,2002-03-15,comment_derived_percent_bleaching
208,2002-03-15,comment_derived_percent_bleaching
209,2002-03-15,comment_derived_percent_bleaching
211,2002-03-15,comment_derived_percent_bleaching
212,2002-03-15,comment_derived_percent_bleaching
214,2002-03-15,comment_derived_percent_bleaching
216,2002-03-15,comment_derived_percent_bleaching
218,2002-03-15,comment_derived_percent_bleaching
220,2002-03-15,comment_derived_percent_bleaching
222,2002-03-15,comment_derived_percent_bleaching
223,2002-03-15,comment_derived_percent_bleaching
224,2002-03-15,comment_derived_percent_bleaching
226,2002-03-15,comment_derived_percent_bleaching
228,2002-03-15,comment_derived_percent_bleaching
229,2002-03-15,comment_derived_percent_bleaching
230,2002-03-15,comment_derived_percent_bleaching
232,2002-03-15,comment_derived_percent_bleaching
233,2002-03-15,comment_derived_percent_bleaching
234,2002-03-15,comment_derived_percent_bleaching
235,2002-03-15,comment_derived_percent_bleaching
236,2002-03-15,comment_derived_percent_bleaching
238,2002-03-15,comment_derived_percent_bleaching
240,2002-03-15,comment_derived_percent_bleaching
241,2002-03-15,comment_derived_percent_bleaching
242,2002-03-15,comment_derived_percent_bleaching
243,2002-03-15,comment_derived_percent_bleaching
245,2002-03-15,comment_derived_percent_bleaching
246,2002-03-15,comment_derived_percent_bleaching
247,2002-03-15,comment_derived_percent_bleaching
248,2002-03-15,comment_derived_percent_bleaching
250,2002-03-15,comment_derived_percent_bleaching
251,2002-03-15,comment_derived_percent_bleaching
252,2002-03-15,comment_derived_percent_bleaching
253,2002-03-15,comment_derived_percent_bleaching
255,2002-03-15,comment_derived_percent_bleaching
257,2002-03-15,comment_derived_percent_bleaching
259,2002-03-15,comment_derived_percent_bleaching
261,2002-03-15,comment_derived_percent_bleaching
263,2002-03-15,comment_derived_percent_bleaching
265,2002-03-15,comment_derived_percent_bleaching
266,2002-03-15,comment_derived_percent_bleaching
268,2002-03-15,comment_derived_percent_bleaching
270,2002-03-15,comment_derived_percent_bleaching
272,2002-03-15,comment_derived_percent_bleaching
273,2002-03-15,comment_derived_percent_bleaching
274,2002-03-15,comment_derived_percent_bleaching
276,2002-03-15,comment_derived_percent_bleaching
277,2002-03-15,comment_derived_percent_bleaching
279,2002-03-15,comment_derived_percent_bleaching
280,2002-03-15,comment_derived_percent_bleaching
282,2002-03-15,comment_derived_percent_bleaching
283,2002-03-15,comment_derived_percent_bleaching
285,2002-03-15,comment_derived_percent_bleaching
286,2002-03-15,comment_derived_percent_bleaching
288,2002-03-15,comment_derived_percent_bleaching
289,2002-03-15,comment_derived_percent_bleaching
291,2002-03-15,comment_derived_percent_bleaching
292,2002-03-15,comment_derived_percent_bleaching
294,2002-03-15,comment_derived_percent_bleaching
296,2002-03-15,comment_derived_percent_bleaching
298,2002-03-15,comment_derived_percent_bleaching
300,2002-03-15,comment_derived_percent_bleaching
301,2002-03-15,comment_derived_percent_bleaching
303,2002-03-15,comment_derived_percent_bleaching
305,2002-03-15,comment_derived_percent_bleaching
306,2002-03-15,comment_derived_percent_bleaching
308,2002-03-15,comment_derived_percent_bleaching
309,2002-03-15,comment_derived_percent_bleaching
311,2002-03-15,comment_derived_percent_bleaching
313,2002-03-15,comment_derived_percent_bleaching
315,2002-03-15,comment_derived_percent_bleaching
316,2002-03-15,comment_derived_percent_bleaching
318,2002-03-15,comment_derived_percent_bleaching
320,2002-03-15,comment_derived_percent_bleaching
321,2002-03-15,comment_derived_percent_bleaching
323,2002-03-15,comment_derived_percent_bleaching
324,2002-03-15,comment_derived_percent_bleaching
325,2002-03-15,comment_derived_percent_bleaching
327,2002-03-15,comment_derived_percent_bleaching
328,2002-03-15,comment_derived_percent_bleaching
329,2002-03-15,comment_derived_percent_bleaching
330,2002-03-15,comment_derived_percent_bleaching
331,2002-03-15,comment_derived_percent_bleaching
332,2002-03-15,comment_derived_percent_bleaching
333,2002-03-15,comment_derived_percent_bleaching
334,2002-03-15,comment_derived_percent_bleaching
335,2002-03-15,comment_derived_percent_bleaching
336,2002-03-15,comment_derived_percent_bleaching
337,2002-03-15,comment_derived_percent_bleaching
338,2002-03-15,comment_derived_percent_bleaching
339,2002-03-15,comment_derived_percent_bleaching
340,2002-03-15,comment_derived_percent_bleaching
341,2002-03-15,comment_derived_percent_bleaching
342,2002-03-15,comment_derived_percent_bleaching
343,2002-03-15,comment_derived_percent_bleaching
344,2002-03-15,comment_derived_percent_bleaching
345,2002-03-15,comment_derived_percent_bleaching
346,2002-03-15,comment_derived_percent_bleaching
347,2002-03-15,comment_derived_percent_bleaching
348,2002-03-15,comment_derived_percent_bleaching
349,2002-03-15,comment_derived_percent_bleaching
350,2002-03-15,comment_derived_percent_bleaching
351,2002-03-15,comment_derived_percent_bleaching
352,2002-03-15,comment_derived_percent_bleaching
353,2002-03-15,comment_derived_percent_bleaching
354,2002-03-15,comment_derived_percent_bleaching
355,2002-03-15,comment_derived_percent_bleaching
356,2002-03-15,comment_derived_percent_bleaching
357,2002-03-15,comment_derived_percent_bleaching
358,2002-03-15,comment_derived_percent_bleaching
359,2002-03-15,comment_derived_percent_bleaching
360,2002-03-15,comment_derived_percent_bleaching
361,2002-03-15,comment_derived_percent_bleaching
362,2002-03-15,comment_derived_percent_bleaching
363,2002-03-15,comment_derived_percent_bleaching
364,2002-03-15,comment_derived_percent_bleaching
365,2002-03-15,comment_derived_percent_bleaching
366,2002-03-15,comment_derived_percent_bleaching
367,2002-03-15,comment_derived_percent_bleaching
368,2002-03-15,comment_derived_percent_bleaching
369,2002-03-15,comment_derived_percent_bleaching
370,2002-03-15,comment_derived_percent_bleaching
371,2002-03-15,comment_derived_percent_bleaching
372,2002-03-15,comment_derived_percent_bleaching
373,2002-03-15,comment_derived_percent_bleaching
374,2002-03-15,comment_derived_percent_bleaching
375,2002-03-15,comment_derived_percent_bleaching
376,2002-03-15,comment_derived_percent_bleaching
377,2002-03-15,comment_derived_percent_bleaching
378,2002-03-15,comment_derived_percent_bleaching
379,2002-03-15,comment_derived_percent_bleaching
390,1998-03-15,comment_derived_percent_bleaching
391,1998-03-15,comment_derived_percent_bleaching
392,1998-03-15,comment_derived_percent_bleaching
393,1998-03-15,comment_derived_percent_bleaching
394,1998-03-15,comment_derived_percent_bleaching
395,1999-03-15,comment_derived_percent_bleaching
396,2002-03-15,comment_derived_percent_bleaching
397,2002-03-15,comment_derived_percent_bleaching
398,2002-03-15,comment_derived_percent_bleaching
399,2002-03-15,comment_derived_percent_bleaching
400,2002-03-15,comment_derived_percent_bleaching
401,2002-03-15,comment_derived_percent_bleaching
402,2002-03-15,comment_derived_percent_bleaching
403,2002-03-15,comment_derived_percent_bleaching
404,2002-03-15,comment_derived_percent_bleaching
405,2002-03-15,comment_derived_percent_bleaching
406,2002-03-15,comment_derived_percent_bleaching
407,2002-03-15,comment_derived_percent_bleaching
408,2002-03-15,comment_derived_percent_bleaching
409,2002-03-15,comment_derived_percent_bleaching
410,2002-03-15,comment_derived_percent_bleaching
411,2002-03-15,comment_derived_percent_bleaching
412,2002-03-15,comment_derived_percent_bleaching
413,2002-03-15,comment_derived_percent_bleaching
414,2002-03-15,comment_derived_percent_bleaching
415,2002-03-15,comment_derived_percent_bleaching
416,2002-03-15,comment_derived_percent_bleaching
417,2002-03-15,comment_derived_percent_bleaching
418,2002-03-15,comment_derived_percent_bleaching
419,2002-03-15,comment_derived_percent_bleaching
420,2002-03-15,comment_derived_percent_bleaching
421,2002-03-15,comment_derived_percent_bleaching
422,2002-03-15,comment_derived_percent_bleaching
423,2002-03-15,comment_derived_percent_bleaching
424,2002-03-15,comment_derived_percent_bleaching
425,2002-03-15,comment_derived_percent_bleaching
426,2002-03-15,comment_derived_percent_bleaching
427,2002-03-15,comment_derived_percent_bleaching
428,2002-03-15,comment_derived_percent_bleaching
429,2002-03-15,comment_derived_percent_bleaching
430,2002-03-15,comment_derived_percent_bleaching
431,2002-03-15,comment_derived_percent_bleaching
432,2002-03-15,comment_derived_percent_bleaching
433,2002-03-15,comment_derived_percent_bleaching
434,2002-03-15,comment_derived_percent_bleaching
435,2002-03-15,comment_derived_percent_bleaching
436,2002-03-15,comment_derived_percent_bleaching
437,2002-03-15,comment_derived_percent_bleaching
438,2002-03-15,comment_derived_percent_bleaching
439,2002-03-15,comment_derived_percent_bleaching
440,2002-03-15,comment_derived_percent_bleaching
441,2002-03-15,comment_derived_percent_bleaching
442,2002-03-15,comment_derived_percent_bleaching
443,2002-03-15,comment_derived_percent_bleaching
444,2002-03-15,comment_derived_percent_bleaching
445,2002-03-15,comment_derived_percent_bleaching
446,2002-03-15,comment_derived_percent_bleaching
447,2002-03-15,comment_derived_percent_bleaching
448,2002-03-15,comment_derived_percent_bleaching
449,2002-03-15,comment_derived_percent_bleaching
450,2002-03-15,comment_derived_percent_bleaching
451,2002-03-15,comment_derived_percent_bleaching
452,2002-03-15,comment_derived_percent_bleaching
453,2002-03-15,comment_derived_percent_bleaching
454,2002-03-15,comment_derived_percent_bleaching
455,2002-03-15,comment_derived_percent_bleaching
456,2002-03-15,comment_derived_percent_bleaching
457,2002-03-15,comment_derived_percent_bleaching
458,2002-03-15,comment_derived_percent_bleaching
459,2002-03-15,comment_derived_percent_bleaching
460,2002-03-15,comment_derived_percent_bleaching
461,2002-03-15,comment_derived_percent_bleaching
462,2002-03-15,comment_derived_percent_bleaching
463,2002-03-15,comment_derived_percent_bleaching
464,2002-03-15,comment_derived_percent_bleaching
465,2002-03-15,comment_derived_percent_bleaching
466,2002-03-15,comment_derived_percent_bleaching
467,2002-03-15,comment_derived_percent_bleaching
468,2002-03-15,comment_derived_percent_bleaching
469,2002-03-15,comment_derived_percent_bleaching
470,2002-03-15,comment_derived_percent_bleaching
471,2002-03-15,comment_derived_percent_bleaching
472,2002-03-15,comment_derived_percent_bleaching
473,2002-03-15,comment_derived_percent_bleaching
474,2002-03-15,comment_derived_percent_bleaching
475,2002-03-15,comment_derived_percent_bleaching
476,2002-03-15,comment_derived_percent_bleaching
477,2002-03-15,comment_derived_percent_bleaching
478,2002-03-15,comment_derived_percent_bleaching
479,2002-03-15,comment_derived_percent_bleaching
480,2002-03-15,comment_derived_percent_bleaching
481,2002-03-15,comment_derived_percent_bleaching
482,2002-03-15,comment_derived_percent_bleaching
483,2002-03-15,comment_derived_percent_bleaching
484,2002-03-15,comment_derived_percent_bleaching
485,2002-03-15,comment_derived_percent_bleaching
486,2002-03-15,comment_derived_percent_bleaching
487,2002-03-15,comment_derived_percent_bleaching
488,2002-03-15,comment_derived_percent_bleaching
489,2002-03-15,comment_derived_percent_bleaching
490,2002-03-15,comment_derived_percent_bleaching
491,2002-03-15,comment_derived_percent_bleaching
492,2002-03-15,comment_derived_percent_bleaching
493,2002-03-15,comment_derived_percent_bleaching
494,2002-03-15,comment_derived_percent_bleaching
495,2002-03-15,comment_derived_percent_bleaching
496,2002-03-15,comment_derived_percent_bleaching
497,2002-03-15,comment_derived_percent_bleaching
507,1998-03-15,comment_derived_percent_bleaching
508,2002-03-15,comment_derived_percent_bleaching
509,2002-03-15,comment_derived_percent_bleaching
510,2002-03-15,comment_derived_percent_bleaching
511,2002-03-15,comment_derived_percent_bleaching
512,2002-03-15,comment_derived_percent_bleaching
513,2002-03-15,comment_derived_percent_bleaching
514,2002-03-15,comment_derived_percent_bleaching
515,2002-03-15,comment_derived_percent_bleaching
516,2002-03-15,comment_derived_percent_bleaching
517,2002-03-15,comment_derived_percent_bleaching
518,2002-03-15,comment_derived_percent_bleaching
519,2002-03-15,comment_derived_percent_bleaching
520,2002-03-15,comment_derived_percent_bleaching
521,2002-03-15,comment_derived_percent_bleaching
522,2002-03-15,comment_derived_percent_bleaching
523,2002-03-15,comment_derived_percent_bleaching
524,2002-03-15,comment_derived_percent_bleaching
525,2002-03-15,comment_derived_percent_bleaching
526,2002-03-15,comment_derived_percent_bleaching
527,2002-03-15,comment_derived_percent_bleaching
528,2002-03-15,comment_derived_percent_bleaching
529,2002-03-15,comment_derived_percent_bleaching
530,2002-03-15,comment_derived_percent_bleaching
531,2002-03-15,comment_derived_percent_bleaching
532,2002-03-15,comment_derived_percent_bleaching
533,2002-03-15,comment_derived_percent_bleaching
534,2002-03-15,comment_derived_percent_bleaching
535,2002-03-15,comment_derived_percent_bleaching
536,2002-03-15,comment_derived_percent_bleaching
537,2002-03-15,comment_derived_percent_bleaching
538,2002-03-15,comment_derived_percent_bleaching
539,2002-03-15,comment_derived_percent_bleaching
540,2002-03-15,comment_derived_percent_bleaching
541,2002-03-15,comment_derived_percent_bleaching
542,2002-03-15,comment_derived_percent_bleaching
543,2002-03-15,comment_derived_percent_bleaching
544,2002-03-15,comment_derived_percent_bleaching
545,2002-03-15,comment_derived_percent_bleaching
546,2002-03-15,comment_derived_percent_bleaching
547,2002-03-15,comment_derived_percent_bleaching
548,2002-03-15,comment_derived_percent_bleaching
549,2002-03-15,comment_derived_percent_bleaching
550,2002-03-15,comment_derived_percent_bleaching
551,2002-03-15,comment_derived_percent_bleaching
552,2002-03-15,comment_derived_percent_bleaching
553,2002-03-15,comment_derived_percent_bleaching
554,2002-03-15,comment_derived_percent_bleaching
555,2002-03-15,comment_derived_percent_bleaching
556,2002-03-15,comment_derived_percent_bleaching
557,2002-03-15,comment_derived_percent_bleaching
558,2002-03-15,comment_derived_percent_bleaching
559,2002-03-15,comment_derived_percent_bleaching
560,2002-03-15,comment_derived_percent_bleaching
561,2002-03-15,comment_derived_percent_bleaching
562,2002-03-15,comment_derived_percent_bleaching
563,2002-03-15,comment_derived_percent_bleaching
564,2002-03-15,comment_derived_percent_bleaching
565,2002-03-15,comment_derived_percent_bleaching
566,2002-03-15,comment_derived_percent_bleaching
567,2002-03-15,comment_derived_percent_bleaching
568,2002-03-15,comment_derived_percent_bleaching
569,2002-03-15,comment_derived_percent_bleaching
570,2002-03-15,comment_derived_percent_bleaching
571,2002-03-15,comment_derived_percent_bleaching
572,2002-03-15,comment_derived_percent_bleaching
573,2002-03-15,comment_derived_percent_bleaching
574,2002-03-15,comment_derived_percent_bleaching
575,2002-03-15,comment_derived_percent_bleaching
576,2002-03-15,comment_derived_percent_bleaching
577,2002-03-15,comment_derived_percent_bleaching
578,2002-03-15,comment_derived_percent_bleaching
579,2002-03-15,comment_derived_percent_bleaching
580,2002-03-15,comment_derived_percent_bleaching
581,2002-03-15,comment_derived_percent_bleaching
582,2002-03-15,comment_derived_percent_bleaching
583,2002-03-15,comment_derived_percent_bleaching
584,2002-03-15,comment_derived_percent_bleaching
585,2002-03-15,comment_derived_percent_bleaching
586,2002-03-15,comment_derived_percent_bleaching
587,2002-03-15,comment_derived_percent_bleaching
588,2002-03-15,comment_derived_percent_bleaching
589,2002-03-15,comment_derived_percent_bleaching
590,2002-03-15,comment_derived_percent_bleaching
591,2002-03-15,comment_derived_percent_bleaching
592,2002-03-15,comment_derived_percent_bleaching
593,2002-03-15,comment_derived_percent_bleaching
594,2002-03-15,comment_derived_percent_bleaching
595,2002-03-15,comment_derived_percent_bleaching
596,2002-03-15,comment_derived_percent_bleaching
597,2002-03-15,comment_derived_percent_bleaching
598,2002-03-15,comment_derived_percent_bleaching
599,2002-03-15,comment_derived_percent_bleaching
600,2002-03-15,comment_derived_percent_bleaching
601,2002-03-15,comment_derived_percent_bleaching
602,2002-03-15,comment_derived_percent_bleaching
603,2002-03-15,comment_derived_percent_bleaching
604,2002-03-15,comment_derived_percent_bleaching
605,2002-03-15,comment_derived_percent_bleaching
606,2002-03-15,comment_derived_percent_bleaching
617,1998-04-15,comment_derived_percent_bleaching
618,1998-04-15,comment_derived_percent_bleaching
619,1998-04-15,comment_derived_percent_bleaching
620,1998-04-15,comment_derived_percent_bleaching
621,1998-04-15,comment_derived_percent_bleaching
622,1992-04-15,comment_derived_percent_bleaching
623,1998-04-15,comment_derived_percent_bleaching
624,1998-04-15,comment_derived_percent_bleaching
625,1998-04-15,comment_derived_percent_bleaching
626,1998-04-15,comment_derived_percent_bleaching
627,1998-04-15,comment_derived_percent_bleaching
628,1998-04-15,comment_derived_percent_bleaching
629,1998-04-15,comment_derived_percent_bleaching
630,1998-04-15,comment_derived_percent_bleaching
631,1998-04-15,comment_derived_percent_bleaching
632,1998-04-15,comment_derived_percent_bleaching
633,1998-04-15,comment_derived_percent_bleaching
634,1998-04-15,comment_derived_percent_bleaching
635,1998-04-15,comment_derived_percent_bleaching
636,1998-04-15,comment_derived_percent_bleaching
637,1998-04-15,comment_derived_percent_bleaching
638,1998-04-15,comment_derived_percent_bleaching
639,1998-04-15,comment_derived_percent_bleaching
640,1998-04-15,comment_derived_percent_bleaching
641,1998-04-15,comment_derived_percent_bleaching
642,1998-04-15,comment_derived_percent_bleaching
643,1998-04-15,comment_derived_percent_bleaching
644,1998-04-15,comment_derived_percent_bleaching
645,1998-04-15,comment_derived_percent_bleaching
646,1998-04-15,comment_derived_percent_bleaching
647,1998-04-15,comment_derived_percent_bleaching
648,1998-04-15,comment_derived_percent_bleaching
649,1998-04-15,comment_derived_percent_bleaching
650,1998-04-15,comment_derived_percent_bleaching
651,1998-04-15,comment_derived_percent_bleaching
652,1998-04-15,comment_derived_percent_bleaching
653,1998-04-15,comment_derived_percent_bleaching
654,1998-04-15,comment_derived_percent_bleaching
655,1998-04-15,comment_derived_percent_bleaching
656,1998-04-15,comment_derived_percent_bleaching
657,1998-04-15,comment_derived_percent_bleaching
658,1998-04-15,comment_derived_percent_bleaching
659,1998-04-15,comment_derived_percent_bleaching
660,1998-04-15,comment_derived_percent_bleaching
661,1998-04-15,comment_derived_percent_bleaching
662,1998-04-15,comment_derived_percent_bleaching
663,1998-04-15,comment_derived_percent_bleaching
664,1998-04-15,comment_derived_percent_bleaching
665,1998-04-15,comment_derived_percent_bleaching
688,2004-03-15,comment_derived_percent_bleaching
690,2002-03-15,comment_derived_percent_bleaching
691,2001-03-15,comment_derived_percent_bleaching
692,2001-03-15,comment_derived_percent_bleaching
693,2001-03-15,comment_derived_percent_bleaching
696,2002-03-15,comment_derived_percent_bleaching
699,1998-03-15,comment_derived_percent_bleaching
702,1998-04-15,comment_derived_percent_bleaching
703,1998-04-15,comment_derived_percent_bleaching
704,1998-04-15,comment_derived_percent_bleaching
705,1998-04-15,comment_derived_percent_bleaching
706,1998-04-15,comment_derived_percent_bleaching
707,1998-04-15,comment_derived_percent_bleaching
708,1998-04-15,comment_derived_percent_bleaching
709,1998-04-15,comment_derived_percent_bleaching
710,1998-04-15,comment_derived_percent_bleaching
711,1998-04-15,comment_derived_percent_bleaching
712,1998-04-15,comment_derived_percent_bleaching
713,1998-04-15,comment_derived_percent_bleaching
714,1998-04-15,comment_derived_percent_bleaching
715,1998-04-15,comment_derived_percent_bleaching
716,1998-04-15,comment_derived_percent_bleaching
717,1998-04-15,comment_derived_percent_bleaching
718,1998-04-15,comment_derived_percent_bleaching
719,1998-04-15,comment_derived_percent_bleaching
720,1998-04-15,comment_derived_percent_bleaching
721,1998-04-15,comment_derived_percent_bleaching
722,1998-04-15,comment_derived_percent_bleaching
723,1998-04-15,comment_derived_percent_bleaching
724,1998-04-15,comment_derived_percent_bleaching
725,1998-04-15,comment_derived_percent_bleaching
726,1998-04-15,comment_derived_percent_bleaching
727,1998-04-15,comment_derived_percent_bleaching
728,1998-04-15,comment_derived_percent_bleaching
729,1998-04-15,comment_derived_percent_bleaching
730,1998-04-15,comment_derived_percent_bleaching
731,1998-04-15,comment_derived_percent_bleaching
732,1998-04-15,comment_derived_percent_bleaching
733,1998-04-15,comment_derived_percent_bleaching
734,1998-04-15,comment_derived_percent_bleaching
735,1998-04-15,comment_derived_percent_bleaching
736,1998-04-15,comment_derived_percent_bleaching
737,1998-04-15,comment_derived_percent_bleaching
738,1998-04-15,comment_derived_percent_bleaching
739,1998-04-15,comment_derived_percent_bleaching
740,1998-04-15,comment_derived_percent_bleaching
741,1998-04-15,comment_derived_percent_bleaching
742,1998-04-15,comment_derived_percent_bleaching
743,1998-04-15,comment_derived_percent_bleaching
744,1998-04-15,comment_derived_percent_bleaching
745,1998-04-15,comment_derived_percent_bleaching
746,1998-04-15,comment_derived_percent_bleaching
747,1998-04-15,comment_derived_percent_bleaching
748,1998-04-15,comment_derived_percent_bleaching
749,1998-04-15,comment_derived_percent_bleaching
750,1998-04-15,comment_derived_percent_bleaching
751,1998-04-15,comment_derived_percent_bleaching
752,1998-04-15,comment_derived_percent_bleaching
753,1998-04-15,comment_derived_percent_bleaching
754,1998-04-15,comment_derived_percent_bleaching
755,1998-04-15,comment_derived_percent_bleaching
756,1998-04-15,comment_derived_percent_bleaching
757,1998-04-15,comment_derived_percent_bleaching
758,1998-04-15,comment_derived_percent_bleaching
759,1998-04-15,comment_derived_percent_bleaching
760,1998-04-15,comment_derived_percent_bleaching
761,1998-04-15,comment_derived_percent_bleaching
762,1998-04-15,comment_derived_percent_bleaching
763,1998-04-15,comment_derived_percent_bleaching
764,1998-04-15,comment_derived_percent_bleaching
765,1998-04-15,comment_derived_percent_bleaching
766,1998-04-15,comment_derived_percent_bleaching
767,1998-04-15,comment_derived_percent_bleaching
768,1998-04-15,comment_derived_percent_bleaching
769,1998-04-15,comment_derived_percent_bleaching
770,1998-04-15,comment_derived_percent_bleaching
771,1998-04-15,comment_derived_percent_bleaching
777,1998-04-15,comment_derived_percent_bleaching
778,1998-04-15,comment_derived_percent_bleaching
779,1998-04-15,comment_derived_percent_bleaching
780,1998-04-15,comment_derived_percent_bleaching
781,1998-04-15,comment_derived_percent_bleaching
782,1998-04-15,comment_derived_percent_bleaching
783,1998-04-15,comment_derived_percent_bleaching
784,1998-04-15,comment_derived_percent_bleaching
785,1998-04-15,comment_derived_percent_bleaching
786,1998-04-15,comment_derived_percent_bleaching
787,1998-04-15,comment_derived_percent_bleaching
788,1998-04-15,comment_derived_percent_bleaching
789,1998-04-15,comment_derived_percent_bleaching
790,1998-04-15,comment_derived_percent_bleaching
791,1998-04-15,comment_derived_percent_bleaching
792,1998-04-15,comment_derived_percent_bleaching
793,1998-04-15,comment_derived_percent_bleaching
794,1998-04-15,comment_derived_percent_bleaching
795,1998-04-15,comment_derived_percent_bleaching
796,1998-04-15,comment_derived_percent_bleaching
797,1998-04-15,comment_derived_percent_bleaching
798,1998-04-15,comment_derived_percent_bleaching
799,1998-04-15,comment_derived_percent_bleaching
800,1998-04-15,comment_derived_percent_bleaching
801,1998-04-15,comment_derived_percent_bleaching
802,1998-04-15,comment_derived_percent_bleaching
803,1998-04-15,comment_derived_percent_bleaching
804,1998-04-15,comment_derived_percent_bleaching
805,1998-04-15,comment_derived_percent_bleaching
806,1998-04-15,comment_derived_percent_bleaching
807,1998-04-15,comment_derived_percent_bleaching
808,1998-04-15,comment_derived_percent_bleaching
809,1998-04-15,comment_derived_percent_bleaching
810,1998-04-15,comment_derived_percent_bleaching
811,1998-04-15,comment_derived_percent_bleaching
812,1998-04-15,comment_derived_percent_bleaching
813,1998-04-15,comment_derived_percent_bleaching
814,1998-04-15,comment_derived_percent_bleaching
815,1998-04-15,comment_derived_percent_bleaching
816,1998-04-15,comment_derived_percent_bleaching
817,1998-04-15,comment_derived_percent_bleaching
818,1998-04-15,comment_derived_percent_bleaching
819,1998-04-15,comment_derived_percent_bleaching
820,1998-04-15,comment_derived_percent_bleaching
821,1998-04-15,comment_derived_percent_bleaching
822,1998-04-15,comment_derived_percent_bleaching
823,1998-04-15,comment_derived_percent_bleaching
824,1998-04-15,comment_derived_percent_bleaching
825,1998-04-15,comment_derived_percent_bleaching
826,1998-04-15,comment_derived_percent_bleaching
827,1998-04-15,comment_derived_percent_bleaching
828,1998-04-15,comment_derived_percent_bleaching
829,1998-04-15,comment_derived_percent_bleaching
830,1998-04-15,comment_derived_percent_bleaching
831,1998-04-15,comment_derived_percent_bleaching
832,1998-04-15,comment_derived_percent_bleaching
833,1998-04-15,comment_derived_percent_bleaching
834,1998-04-15,comment_derived_percent_bleaching
835,1998-04-15,comment_derived_percent_bleaching
836,1998-04-15,comment_derived_percent_bleaching
837,1998-04-15,comment_derived_percent_bleaching
838,1998-04-15,comment_derived_percent_bleaching
839,1998-04-15,comment_derived_percent_bleaching
840,1998-04-15,comment_derived_percent_bleaching
841,1998-04-15,comment_derived_percent_bleaching
842,1998-04-15,comment_derived_percent_bleaching
843,1998-04-15,comment_derived_percent_bleaching
844,1998-04-15,comment_derived_percent_bleaching
845,1998-04-15,comment_derived_percent_bleaching
846,1998-04-15,comment_derived_percent_bleaching
847,1998-04-15,comment_derived_percent_bleaching
848,1998-04-15,comment_derived_percent_bleaching
849,1998-04-15,comment_derived_percent_bleaching
850,1998-04-15,comment_derived_percent_bleaching
851,1998-04-15,comment_derived_percent_bleaching
852,1998-04-15,comment_derived_percent_bleaching
853,1998-04-15,comment_derived_percent_bleaching
854,1998-04-15,comment_derived_percent_bleaching
855,1998-04-15,comment_derived_percent_bleaching
856,1998-04-15,comment_derived_percent_bleaching
857,1998-04-15,comment_derived_percent_bleaching
858,1998-04-15,comment_derived_percent_bleaching
859,1998-04-15,comment_derived_percent_bleaching
860,1998-04-15,comment_derived_percent_bleaching
861,1998-04-15,comment_derived_percent_bleaching
862,1998-04-15,comment_derived_percent_bleaching
863,1998-04-15,comment_derived_percent_bleaching
864,1998-04-15,comment_derived_percent_bleaching
865,1998-04-15,comment_derived_percent_bleaching
866,1998-04-15,comment_derived_percent_bleaching
867,1998-04-15,comment_derived_percent_bleaching
868,1998-04-15,comment_derived_percent_bleaching
869,1998-04-15,comment_derived_percent_bleaching
870,1998-04-15,comment_derived_percent_bleaching
871,1998-04-15,comment_derived_percent_bleaching
872,1998-04-15,comment_derived_percent_bleaching
873,1998-04-15,comment_derived_percent_bleaching
874,1998-04-15,comment_derived_percent_bleaching
875,1998-04-15,comment_derived_percent_bleaching
876,1998-04-15,comment_derived_percent_bleaching
877,1998-04-15,comment_derived_percent_bleaching
878,1998-04-15,comment_derived_percent_bleaching
879,1998-04-15,comment_derived_percent_bleaching
880,1998-04-15,comment_derived_percent_bleaching
881,1998-04-15,comment_derived_percent_bleaching
882,1998-04-15,comment_derived_percent_bleaching
883,1998-04-15,comment_derived_percent_bleaching
884,1998-04-15,comment_derived_percent_bleaching
885,1998-04-15,comment_derived_percent_bleaching
888,1998-04-15,comment_derived_percent_bleaching
889,1998-04-15,comment_derived_percent_bleaching
890,1998-04-15,comment_derived_percent_bleaching
891,1998-04-15,comment_derived_percent_bleaching
892,1998-04-15,comment_derived_percent_bleaching
893,1998-04-15,comment_derived_percent_bleaching
894,1998-04-15,comment_derived_percent_bleaching
895,1998-04-15,comment_derived_percent_bleaching
896,1998-04-15,comment_derived_percent_bleaching
897,1998-04-15,comment_derived_percent_bleaching
898,1998-04-15,comment_derived_percent_bleaching
899,1998-04-15,comment_derived_percent_bleaching
900,1998-04-15,comment_derived_percent_bleaching
901,1998-04-15,comment_derived_percent_bleaching
902,1998-04-15,comment_derived_percent_bleaching
903,1998-04-15,comment_derived_percent_bleaching
904,1998-04-15,comment_derived_percent_bleaching
905,1998-04-15,comment_derived_percent_bleaching
906,1998-04-15,comment_derived_percent_bleaching
907,1998-04-15,comment_derived_percent_bleaching
908,1998-04-15,comment_derived_percent_bleaching
909,1998-04-15,comment_derived_percent_bleaching
910,1998-04-15,comment_derived_percent_bleaching
911,1998-04-15,comment_derived_percent_bleaching
912,1998-04-15,comment_derived_percent_bleaching
913,1998-04-15,comment_derived_percent_bleaching
914,1998-04-15,comment_derived_percent_bleaching
915,1998-04-15,comment_derived_percent_bleaching
916,1998-04-15,comment_derived_percent_bleaching
917,1998-04-15,comment_derived_percent_bleaching
918,1998-04-15,comment_derived_percent_bleaching
919,1998-04-15,comment_derived_percent_bleaching
920,1998-04-15,comment_derived_percent_bleaching
921,1998-04-15,comment_derived_percent_bleaching
922,1998-04-15,comment_derived_percent_bleaching
923,1998-04-15,comment_derived_percent_bleaching
924,1998-04-15,comment_derived_percent_bleaching
925,1998-04-15,comment_derived_percent_bleaching
926,1998-04-15,comment_derived_percent_bleaching
927,1998-04-15,comment_derived_percent_bleaching
928,1998-04-15,comment_derived_percent_bleaching
929,1998-04-15,comment_derived_percent_bleaching
930,1998-04-15,comment_derived_percent_bleaching
931,1998-04-15,comment_derived_percent_bleaching
932,1998-04-15,comment_derived_percent_bleaching
933,1998-04-15,comment_derived_percent_bleaching
934,1998-04-15,comment_derived_percent_bleaching
935,1998-04-15,comment_derived_percent_bleaching
936,1998-04-15,comment_derived_percent_bleaching
937,1998-04-15,comment_derived_percent_bleaching
938,1998-04-15,comment_derived_percent_bleaching
939,1998-04-15,comment_derived_percent_bleaching
940,1998-04-15,comment_derived_percent_bleaching
941,1998-04-15,comment_derived_percent_bleaching
942,1998-04-15,comment_derived_percent_bleaching
943,1998-04-15,comment_derived_percent_bleaching
944,1998-04-15,comment_derived_percent_bleaching
945,1998-04-15,comment_derived_percent_bleaching
946,1998-04-15,comment_derived_percent_bleaching
947,1998-04-15,comment_derived_percent_bleaching
948,1998-04-15,comment_derived_percent_bleaching
949,1998-04-15,comment_derived_percent_bleaching
950,1998-04-15,comment_derived_percent_bleaching
951,1998-04-15,comment_derived_percent_bleaching
952,1998-04-15,comment_derived_percent_bleaching
953,1998-04-15,comment_derived_percent_bleaching
954,1998-04-15,comment_derived_percent_bleaching
955,1998-04-15,comment_derived_percent_bleaching
956,1998-04-15,comment_derived_percent_bleaching
957,1998-04-15,comment_derived_percent_bleaching
958,1998-04-15,comment_derived_percent_bleaching
959,1998-04-15,comment_derived_percent_bleaching
960,1998-04-15,comment_derived_percent_bleaching
961,1998-04-15,comment_derived_percent_bleaching
962,1998-04-15,comment_derived_percent_bleaching
963,1998-04-15,comment_derived_percent_bleaching
964,1998-04-15,comment_derived_percent_bleaching
965,1998-04-15,comment_derived_percent_bleaching
966,1998-04-15,comment_derived_percent_bleaching
967,1998-04-15,comment_derived_percent_bleaching
968,1998-04-15,comment_derived_percent_bleaching
969,1998-04-15,comment_derived_percent_bleaching
970,1998-04-15,comment_derived_percent_bleaching
971,1998-04-15,comment_derived_percent_bleaching
972,1998-04-15,comment_derived_percent_bleaching
973,1998-04-15,comment_derived_percent_bleaching
974,1998-04-15,comment_derived_percent_bleaching
975,1998-04-15,comment_derived_percent_bleaching
976,1998-04-15,comment_derived_percent_bleaching
977,1998-04-15,comment_derived_percent_bleaching
978,1998-04-15,comment_derived_percent_bleaching
979,1998-04-15,comment_derived_percent_bleaching
980,1998-04-15,comment_derived_percent_bleaching
981,1998-04-15,comment_derived_percent_bleaching
982,1998-04-15,comment_derived_percent_bleaching
983,1998-04-15,comment_derived_percent_bleaching
984,1998-04-15,comment_derived_percent_bleaching
985,1998-04-15,comment_derived_percent_bleaching
986,1998-04-15,comment_derived_percent_bleaching
987,1998-04-15,comment_derived_percent_bleaching
988,1998-04-15,comment_derived_percent_bleaching
989,1998-04-15,comment_derived_percent_bleaching
990,1998-04-15,comment_derived_percent_bleaching
991,1998-04-15,comment_derived_percent_bleaching
992,1998-04-15,comment_derived_percent_bleaching
993,1998-04-15,comment_derived_percent_bleaching
994,1998-04-15,comment_derived_percent_bleaching
995,1998-04-15,comment_derived_percent_bleaching
996,1998-04-15,comment_derived_percent_bleaching
997,1998-04-15,comment_derived_percent_bleaching
998,1998-04-15,comment_derived_percent_bleaching
999,1998-04-15,comment_derived_percent_bleaching
1000,1998-04-15,comment_derived_percent_bleaching
1001,1998-04-15,comment_derived_percent_bleaching
1002,1998-04-15,comment_derived_percent_bleaching
1003,1998-04-15,comment_derived_percent_bleaching
1004,1998-04-15,comment_derived_percent_bleaching
1005,1998-04-15,comment_derived_percent_bleaching
1006,1998-04-15,comment_derived_percent_bleaching
1007,1998-04-15,comment_derived_percent_bleaching
1008,1998-04-15,comment_derived_percent_bleaching
1009,1998-04-15,comment_derived_percent_bleaching
1010,2006-05-15,comment_derived_percent_bleaching
1011,2005-05-15,comment_derived_percent_bleaching
1012,2005-05-15,comment_derived_percent_bleaching
1013,2005-05-15,comment_derived_percent_bleaching
1014,2005-05-15,comment_derived_percent_bleaching
1015,2005-05-15,comment_derived_percent_bleaching
1016,2005-05-15,comment_derived_percent_bleaching
1017,1998-05-15,comment_derived_percent_bleaching
1018,1998-05-15,comment_derived_percent_bleaching
1019,1999-05-15,comment_derived_percent_bleaching
1024,1998-05-15,comment_derived_percent_bleaching
1025,1998-05-15,comment_derived_percent_bleaching
1026,1998-05-15,comment_derived_percent_bleaching
1027,1998-05-15,comment_derived_percent_bleaching
1157,2007-10-15,comment_derived_percent_bleaching
1157,2007-12-15,comment_derived_percent_bleaching
1159,1998-11-15,comment_derived_percent_bleaching
1160,1998-11-15,comment_derived_percent_bleaching
1162,2007-12-15,comment_derived_percent_bleaching
1163,1997-12-15,comment_derived_percent_bleaching
1212,1991-01-15,comment_derived_percent_bleaching
1212,1992-11-15,comment_derived_percent_bleaching
1212,1993-08-15,comment_derived_percent_bleaching
1212,1994-10-15,comment_derived_percent_bleaching
1212,1995-06-15,comment_derived_percent_bleaching
1213,1992-03-15,comment_derived_percent_bleaching
1213,1993-04-15,comment_derived_percent_bleaching
1213,1994-03-15,comment_derived_percent_bleaching
1213,1995-02-15,comment_derived_percent_bleaching
1216,1998-08-15,comment_derived_percent_bleaching
1216,1999-05-15,comment_derived_percent_bleaching
1224,1993-06-15,comment_derived_percent_bleaching
1264,1998-08-15,comment_derived_percent_bleaching
1265,1999-08-15,comment_derived_percent_bleaching
1266,1998-08-15,comment_derived_percent_bleaching
1267,1998-08-15,comment_derived_percent_bleaching
1268,1999-08-15,comment_derived_percent_bleaching
1269,1999-08-15,comment_derived_percent_bleaching
1270,1999-08-15,comment_derived_percent_bleaching
1271,1998-08-15,comment_derived_percent_bleaching
1272,1998-08-15,comment_derived_percent_bleaching
1273,1999-08-15,comment_derived_percent_bleaching
1274,1999-08-15,comment_derived_percent_bleaching
1275,1998-08-15,comment_derived_percent_bleaching
1276,1998-08-15,comment_derived_percent_bleaching
1277,1999-08-15,comment_derived_percent_bleaching
1278,1990-08-15,comment_derived_percent_bleaching
1279,1998-08-15,comment_derived_percent_bleaching
1281,1998-08-15,comment_derived_percent_bleaching
1286,1998-08-15,comment_derived_percent_bleaching
1287,1998-08-15,comment_derived_percent_bleaching
1288,1998-08-15,comment_derived_percent_bleaching
1289,1998-08-15,comment_derived_percent_bleaching
1290,1998-08-15,comment_derived_percent_bleaching
1320,1987-09-15,comment_derived_percent_bleaching
1321,2005-09-15,comment_derived_percent_bleaching
1322,1987-09-15,comment_derived_percent_bleaching
1324,1998-09-15,comment_derived_percent_bleaching
1325,1998-09-15,comment_derived_percent_bleaching
1330,1998-10-15,comment_derived_percent_bleaching
1331,2005-10-15,comment_derived_percent_bleaching
1333,2005-10-15,comment_derived_percent_bleaching
1336,1998-10-15,comment_derived_percent_bleaching
1337,1998-10-15,comment_derived_percent_bleaching
1338,1998-10-15,comment_derived_percent_bleaching
1339,2005-10-15,comment_derived_percent_bleaching
1341,2005-10-15,comment_derived_percent_bleaching
1343,1983-10-15,comment_derived_percent_bleaching
1357,1998-08-15,comment_derived_percent_bleaching
1358,1998-08-15,comment_derived_percent_bleaching
1359,1998-08-15,comment_derived_percent_bleaching
1360,1998-08-15,comment_derived_percent_bleaching
1377,2006-05-15,comment_derived_percent_bleaching
1380,2006-05-15,comment_derived_percent_bleaching
1411,1998-09-15,comment_derived_percent_bleaching
1418,1999-01-15,comment_derived_percent_bleaching
1422,1999-05-15,comment_derived_percent_bleaching
1425,1999-05-15,comment_derived_percent_bleaching
1426,1999-05-15,comment_derived_percent_bleaching
1427,1999-05-15,comment_derived_percent_bleaching
1428,1999-05-15,comment_derived_percent_bleaching
1430,2007-05-15,comment_derived_percent_bleaching
1442,2000-07-15,comment_derived_percent_bleaching
1468,2008-08-15,comment_derived_percent_bleaching
1469,2007-08-15,comment_derived_percent_bleaching
1546,2007-09-15,comment_derived_percent_bleaching
1551,1998-09-15,comment_derived_percent_bleaching
1552,1998-09-15,comment_derived_percent_bleaching
1553,1998-09-15,comment_derived_percent_bleaching
1554,1998-09-15,comment_derived_percent_bleaching
1555,1998-09-15,comment_derived_percent_bleaching
1556,1998-09-15,comment_derived_percent_bleaching
1557,1998-09-15,comment_derived_percent_bleaching
1558,1998-09-15,comment_derived_percent_bleaching
1559,1998-09-15,comment_derived_percent_bleaching
1560,2005-09-15,comment_derived_percent_bleaching
1562,1998-09-15,comment_derived_percent_bleaching
1563,1998-09-15,comment_derived_percent_bleaching
1564,1998-09-15,comment_derived_percent_bleaching
1565,1998-09-15,comment_derived_percent_bleaching
1566,1998-09-15,comment_derived_percent_bleaching
1567,1998-09-15,comment_derived_percent_bleaching
1568,1998-09-15,comment_derived_percent_bleaching
1568,1999-10-15,comment_derived_percent_bleaching
1569,1998-09-15,comment_derived_percent_bleaching
1570,1998-09-15,comment_derived_percent_bleaching
1571,1998-09-15,comment_derived_percent_bleaching
1572,1998-09-15,comment_derived_percent_bleaching
1573,1998-09-15,comment_derived_percent_bleaching
1574,1998-09-15,comment_derived_percent_bleaching
1574,1999-10-15,comment_derived_percent_bleaching
1576,2005-10-15,comment_derived_percent_bleaching
1577,2005-10-15,comment_derived_percent_bleaching
1578,2005-10-15,comment_derived_percent_bleaching
1579,2005-10-15,comment_derived_percent_bleaching
1580,2005-10-15,comment_derived_percent_bleaching
1581,2005-10-15,comment_derived_percent_bleaching
1582,1998-10-15,comment_derived_percent_bleaching
1582,1999-10-15,comment_derived_percent_bleaching
1583,1999-10-15,comment_derived_percent_bleaching
1584,1999-10-15,comment_derived_percent_bleaching
1585,2003-10-15,comment_derived_percent_bleaching
1586,2003-10-15,comment_derived_percent_bleaching
1588,1998-10-15,comment_derived_percent_bleaching
1588,1998-11-15,comment_derived_percent_bleaching
1589,2005-10-15,comment_derived_percent_bleaching
1590,2005-10-15,comment_derived_percent_bleaching
1592,1998-10-15,comment_derived_percent_bleaching
1593,1998-10-15,comment_derived_percent_bleaching
1594,1998-10-15,comment_derived_percent_bleaching
1595,1998-10-15,comment_derived_percent_bleaching
1599,1998-10-15,comment_derived_percent_bleaching
1599,1998-12-15,comment_derived_percent_bleaching
1602,2005-11-15,comment_derived_percent_bleaching
1603,1998-11-15,comment_derived_percent_bleaching
1609,1998-07-15,comment_derived_percent_bleaching
1626,1988-07-15,comment_derived_percent_bleaching
1627,1988-07-15,comment_derived_percent_bleaching
1628,1988-07-15,comment_derived_percent_bleaching
1629,1998-08-15,comment_derived_percent_bleaching
1630,2003-08-15,comment_derived_percent_bleaching
1630,2003-09-15,comment_derived_percent_bleaching
1646,2005-08-15,comment_derived_percent_bleaching
1647,2000-08-15,comment_derived_percent_bleaching
1648,2003-08-15,comment_derived_percent_bleaching
1651,2002-07-15,comment_derived_percent_bleaching
1663,1998-03-15,comment_derived_percent_bleaching
1664,2000-03-15,comment_derived_percent_bleaching
1664,2001-03-15,comment_derived_percent_bleaching
1664,2002-03-15,comment_derived_percent_bleaching
1664,2003-03-15,comment_derived_percent_bleaching
1664,2005-04-15,comment_derived_percent_bleaching
1665,1994-03-15,comment_derived_percent_bleaching
1665,2001-03-15,comment_derived_percent_bleaching
1665,2002-03-15,comment_derived_percent_bleaching
1665,2003-03-15,comment_derived_percent_bleaching
1665,2005-03-15,comment_derived_percent_bleaching
1666,2002-03-15,comment_derived_percent_bleaching
1666,2003-04-15,comment_derived_percent_bleaching
1666,2004-03-15,comment_derived_percent_bleaching
1682,1998-04-15,comment_derived_percent_bleaching
1683,1998-04-15,comment_derived_percent_bleaching
1684,1998-04-15,comment_derived_percent_bleaching
1685,1998-04-15,comment_derived_percent_bleaching
1686,2003-04-15,comment_derived_percent_bleaching
1826,1998-09-15,comment_derived_percent_bleaching
1827,2005-10-15,comment_derived_percent_bleaching
1838,2002-05-15,comment_derived_percent_bleaching
1840,2002-06-15,comment_derived_percent_bleaching
1856,2005-08-15,comment_derived_percent_bleaching
1864,2005-08-15,comment_derived_percent_bleaching
1884,2005-08-15,comment_derived_percent_bleaching
1885,2005-08-15,comment_derived_percent_bleaching
1888,1998-08-15,comment_derived_percent_bleaching
1889,1998-09-15,comment_derived_percent_bleaching
1890,1998-09-15,comment_derived_percent_bleaching
1891,2009-09-15,comment_derived_percent_bleaching
1900,2010-07-15,comment_derived_percent_bleaching
1939,2009-02-15,comment_derived_percent_bleaching
1940,2009-03-15,comment_derived_percent_bleaching
1989,1998-05-15,comment_derived_percent_bleaching
2056,2003-03-15,comment_derived_percent_bleaching
2057,2010-04-15,comment_derived_percent_bleaching
2058,2010-04-15,comment_derived_percent_bleaching
2060,2006-04-15,comment_derived_percent_bleaching
2061,1998-04-15,comment_derived_percent_bleaching
2068,1980-06-15,comment_derived_percent_bleaching
2069,1980-06-15,comment_derived_percent_bleaching
2174,1998-11-15,comment_derived_percent_bleaching
2175,2005-10-15,comment_derived_percent_bleaching
2176,2005-08-15,comment_derived_percent_bleaching
2181,2005-08-15,comment_derived_percent_bleaching
2183,1998-03-15,comment_derived_percent_bleaching
2184,1998-04-15,comment_derived_percent_bleaching
2190,1998-05-15,comment_derived_percent_bleaching
2196,1998-05-15,comment_derived_percent_bleaching
2215,1998-06-15,comment_derived_percent_bleaching
2219,2005-08-15,comment_derived_percent_bleaching
2220,2005-08-15,comment_derived_percent_bleaching
2223,2005-08-15,comment_derived_percent_bleaching
2225,1987-08-15,comment_derived_percent_bleaching
2232,2005-08-15,comment_derived_percent_bleaching
2233,2005-08-15,comment_derived_percent_bleaching
2241,2005-09-15,comment_derived_percent_bleaching
2254,1997-09-15,comment_derived_percent_bleaching
2255,1998-09-15,comment_derived_percent_bleaching
2256,1998-09-15,comment_derived_percent_bleaching
2258,1997-09-15,comment_derived_percent_bleaching
2260,1999-10-15,comment_derived_percent_bleaching
2261,2005-10-15,comment_derived_percent_bleaching
2278,1998-10-15,comment_derived_percent_bleaching
2279,2004-10-15,comment_derived_percent_bleaching
2280,1999-10-15,comment_derived_percent_bleaching
2281,2005-10-15,comment_derived_percent_bleaching
2302,2005-11-15,comment_derived_percent_bleaching
2314,2005-12-15,comment_derived_percent_bleaching
2327,2001-05-15,comment_derived_percent_bleaching
2327,2001-07-15,comment_derived_percent_bleaching
2332,2001-07-15,comment_derived_percent_bleaching
2332,2001-10-15,comment_derived_percent_bleaching
2333,2001-07-15,comment_derived_percent_bleaching
2334,2001-07-15,comment_derived_percent_bleaching
2335,2001-07-15,comment_derived_percent_bleaching
2336,2007-08-15,comment_derived_percent_bleaching
2339,2001-08-15,comment_derived_percent_bleaching
2340,2001-08-15,comment_derived_percent_bleaching
2341,2001-08-15,comment_derived_percent_bleaching
2342,2001-08-15,comment_derived_percent_bleaching
2343,2001-08-15,comment_derived_percent_bleaching
2344,2001-08-15,comment_derived_percent_bleaching
2345,2001-08-15,comment_derived_percent_bleaching
2346,2001-08-15,comment_derived_percent_bleaching
2347,2001-08-15,comment_derived_percent_bleaching
2348,2001-08-15,comment_derived_percent_bleaching
2349,2001-08-15,comment_derived_percent_bleaching
2350,2001-08-15,comment_derived_percent_bleaching
2351,2001-08-15,comment_derived_percent_bleaching
2352,2001-08-15,comment_derived_percent_bleaching
2353,2001-08-15,comment_derived_percent_bleaching
2354,2001-08-15,comment_derived_percent_bleaching
2355,2001-08-15,comment_derived_percent_bleaching
2356,2001-08-15,comment_derived_percent_bleaching
2357,2001-08-15,comment_derived_percent_bleaching
2358,2001-08-15,comment_derived_percent_bleaching
2359,2001-08-15,comment_derived_percent_bleaching
2360,2001-08-15,comment_derived_percent_bleaching
2361,2001-08-15,comment_derived_percent_bleaching
2362,2001-08-15,comment_derived_percent_bleaching
2363,2001-08-15,comment_derived_percent_bleaching
2364,2001-08-15,comment_derived_percent_bleaching
2365,2001-08-15,comment_derived_percent_bleaching
2374,1998-05-15,comment_derived_percent_bleaching
2375,1998-05-15,comment_derived_percent_bleaching
2383,1994-03-15,comment_derived_percent_bleaching
2384,2000-04-15,comment_derived_percent_bleaching
2385,2000-04-15,comment_derived_percent_bleaching
2399,1983-01-15,comment_derived_percent_bleaching
2400,1983-01-15,comment_derived_percent_bleaching
2401,1983-01-15,comment_derived_percent_bleaching
2502,2005-11-15,comment_derived_percent_bleaching
2566,2001-08-15,comment_derived_percent_bleaching
2567,1998-08-15,comment_derived_percent_bleaching
2568,2005-08-15,comment_derived_percent_bleaching
2572,2007-08-15,comment_derived_percent_bleaching
2572,2008-08-15,comment_derived_percent_bleaching
2573,2008-08-15,comment_derived_percent_bleaching
2575,1998-08-15,comment_derived_percent_bleaching
2603,2003-09-15,comment_derived_percent_bleaching
2605,2009-09-15,comment_derived_percent_bleaching
2606,2009-09-15,comment_derived_percent_bleaching
2612,1998-09-15,comment_derived_percent_bleaching
2614,2005-09-15,comment_derived_percent_bleaching
2620,2008-09-15,comment_derived_percent_bleaching
2640,2003-10-15,comment_derived_percent_bleaching
2641,2003-10-15,comment_derived_percent_bleaching
2642,2005-10-15,comment_derived_percent_bleaching
2648,2005-10-15,comment_derived_percent_bleaching
2650,2005-10-15,comment_derived_percent_bleaching
2655,2005-11-15,comment_derived_percent_bleaching
2656,2005-11-15,comment_derived_percent_bleaching
2657,2005-11-15,comment_derived_percent_bleaching
2660,2003-11-15,comment_derived_percent_bleaching
2696,2006-10-15,comment_derived_percent_bleaching
2713,2006-11-15,comment_derived_percent_bleaching
2736,2004-07-15,comment_derived_percent_bleaching
2827,2009-12-15,comment_derived_percent_bleaching
2828,2009-12-15,comment_derived_percent_bleaching
2841,1983-01-15,comment_derived_percent_bleaching
2842,1983-01-15,comment_derived_percent_bleaching
2843,1983-01-15,comment_derived_percent_bleaching
2844,1998-02-15,comment_derived_percent_bleaching
2845,1998-03-15,comment_derived_percent_bleaching
2846,1998-03-15,comment_derived_percent_bleaching
2847,1998-03-15,comment_derived_percent_bleaching
2848,1998-03-15,comment_derived_percent_bleaching
2849,1998-03-15,comment_derived_percent_bleaching
2850,1998-03-15,comment_derived_percent_bleaching
2851,1998-03-15,comment_derived_percent_bleaching
2852,1998-03-15,comment_derived_percent_bleaching
2855,1998-04-15,comment_derived_percent_bleaching
2856,1998-05-15,comment_derived_percent_bleaching
2857,1998-05-15,comment_derived_percent_bleaching
2858,1998-05-15,comment_derived_percent_bleaching
2859,1998-05-15,comment_derived_percent_bleaching
2860,1998-05-15,comment_derived_percent_bleaching
2861,1998-05-15,comment_derived_percent_bleaching
2862,1998-05-15,comment_derived_percent_bleaching
2863,1998-05-15,comment_derived_percent_bleaching
2864,1998-05-15,comment_derived_percent_bleaching
2865,1983-05-15,comment_derived_percent_bleaching
2866,1983-05-15,comment_derived_percent_bleaching
2867,1998-05-15,comment_derived_percent_bleaching
2868,1998-05-15,comment_derived_percent_bleaching
2869,1998-05-15,comment_derived_percent_bleaching
2870,1998-05-15,comment_derived_percent_bleaching
2871,1998-05-15,comment_derived_percent_bleaching
2873,1998-05-15,comment_derived_percent_bleaching
3039,1998-07-15,comment_derived_percent_bleaching
3040,1998-10-15,comment_derived_percent_bleaching
3063,1998-09-15,comment_derived_percent_bleaching
3064,1998-09-15,comment_derived_percent_bleaching
3080,2008-01-15,comment_derived_percent_bleaching
3085,2001-02-15,comment_derived_percent_bleaching
3086,2001-02-15,comment_derived_percent_bleaching
3087,2001-02-15,comment_derived_percent_bleaching
3088,2002-02-15,comment_derived_percent_bleaching
3089,2002-02-15,comment_derived_percent_bleaching
3090,2001-04-15,comment_derived_percent_bleaching
3090,2002-02-15,comment_derived_percent_bleaching
3091,2002-02-15,comment_derived_percent_bleaching
3091,2002-04-15,comment_derived_percent_bleaching
3091,2004-04-15,comment_derived_percent_bleaching
3091,2006-04-15,comment_derived_percent_bleaching
3092,2002-02-15,comment_derived_percent_bleaching
3165,2002-03-15,comment_derived_percent_bleaching
3166,2002-03-15,comment_derived_percent_bleaching
3167,2002-03-15,comment_derived_percent_bleaching
3168,2002-03-15,comment_derived_percent_bleaching
3169,2005-03-15,comment_derived_percent_bleaching
3171,2001-03-15,comment_derived_percent_bleaching
3172,2000-03-15,comment_derived_percent_bleaching
3173,2000-03-15,comment_derived_percent_bleaching
3174,2000-03-15,comment_derived_percent_bleaching
3176,1998-04-15,comment_derived_percent_bleaching
3176,2000-04-15,comment_derived_percent_bleaching
3178,2000-04-15,comment_derived_percent_bleaching
3179,2000-04-15,comment_derived_percent_bleaching
3182,2000-04-15,comment_derived_percent_bleaching
3186,2000-04-15,comment_derived_percent_bleaching
3193,2000-04-15,comment_derived_percent_bleaching
3194,2000-04-15,comment_derived_percent_bleaching
3195,2000-04-15,comment_derived_percent_bleaching
3203,2000-04-15,comment_derived_percent_bleaching
3204,2000-04-15,comment_derived_percent_bleaching
3205,2000-04-15,comment_derived_percent_bleaching
3211,2000-04-15,comment_derived_percent_bleaching
3212,2000-04-15,comment_derived_percent_bleaching
3213,2000-04-15,comment_derived_percent_bleaching
3214,2000-04-15,comment_derived_percent_bleaching
3215,2000-04-15,comment_derived_percent_bleaching
3216,2000-05-15,comment_derived_percent_bleaching
3217,2000-05-15,comment_derived_percent_bleaching
3218,2000-05-15,comment_derived_percent_bleaching
3224,1999-06-15,comment_derived_percent_bleaching
3229,2000-06-15,comment_derived_percent_bleaching
3230,2000-06-15,comment_derived_percent_bleaching
3249,2007-11-15,comment_derived_percent_bleaching
3386,1998-12-15,comment_derived_percent_bleaching
3405,2006-04-15,comment_derived_percent_bleaching
3406,2007-04-15,comment_derived_percent_bleaching
3407,2006-11-15,comment_derived_percent_bleaching
3408,2006-05-15,comment_derived_percent_bleaching
3409,2005-12-15,comment_derived_percent_bleaching
3409,2006-05-15,comment_derived_percent_bleaching
3409,2006-12-15,comment_derived_percent_bleaching
3471,1991-02-15,comment_derived_percent_bleaching
3476,1994-03-15,comment_derived_percent_bleaching
3477,1994-03-15,comment_derived_percent_bleaching
3480,1994-03-15,comment_derived_percent_bleaching
3481,1991-03-15,comment_derived_percent_bleaching
3482,1994-03-15,comment_derived_percent_bleaching
3483,2007-03-15,comment_derived_percent_bleaching
3483,2009-03-15,comment_derived_percent_bleaching
3484,2007-03-15,comment_derived_percent_bleaching
3484,2009-06-15,comment_derived_percent_bleaching
3485,2007-03-15,comment_derived_percent_bleaching
3486,2007-03-15,comment_derived_percent_bleaching
3486,2007-04-15,comment_derived_percent_bleaching
3487,2007-03-15,comment_derived_percent_bleaching
3487,2009-05-15,comment_derived_percent_bleaching
3488,2007-03-15,comment_derived_percent_bleaching
3488,2008-10-15,comment_derived_percent_bleaching
3488,2009-03-15,comment_derived_percent_bleaching
3490,2007-04-15,comment_derived_percent_bleaching
3497,2007-05-15,comment_derived_percent_bleaching
3497,2009-06-15,comment_derived_percent_bleaching
3498,2007-05-15,comment_derived_percent_bleaching
3498,2009-05-15,comment_derived_percent_bleaching
3499,2007-05-15,comment_derived_percent_bleaching
3499,2009-05-15,comment_derived_percent_bleaching
3500,2009-05-15,comment_derived_percent_bleaching
3501,2009-05-15,comment_derived_percent_bleaching
3502,2007-06-15,comment_derived_percent_bleaching
3502,2009-05-15,comment_derived_percent_bleaching
3503,2007-06-15,comment_derived_percent_bleaching
3503,2009-05-15,comment_derived_percent_bleaching
3504,2007-06-15,comment_derived_percent_bleaching
3504,2009-05-15,comment_derived_percent_bleaching
3505,2007-06-15,comment_derived_percent_bleaching
3505,2009-05-15,comment_derived_percent_bleaching
3506,2007-06-15,comment_derived_percent_bleaching
3627,1994-09-15,comment_derived_percent_bleaching
3642,1998-09-15,comment_derived_percent_bleaching
3710,1988-01-15,comment_derived_percent_bleaching
3711,1988-01-15,comment_derived_percent_bleaching
3712,2009-03-15,comment_derived_percent_bleaching
3722,1998-09-15,comment_derived_percent_bleaching
3723,1998-09-15,comment_derived_percent_bleaching
3794,1998-06-15,comment_derived_percent_bleaching
3795,1998-04-15,comment_derived_percent_bleaching
3797,2002-04-15,comment_derived_percent_bleaching
3798,2002-04-15,comment_derived_percent_bleaching
3799,2002-04-15,comment_derived_percent_bleaching
3800,2002-04-15,comment_derived_percent_bleaching
3801,2002-04-15,comment_derived_percent_bleaching
3804,1998-05-15,comment_derived_percent_bleaching
3805,1998-05-15,comment_derived_percent_bleaching
3807,1998-05-15,comment_derived_percent_bleaching
3808,1998-05-15,comment_derived_percent_bleaching
3809,2010-05-15,comment_derived_percent_bleaching
3810,2010-05-15,comment_derived_percent_bleaching
3811,2010-05-15,comment_derived_percent_bleaching
3812,2010-05-15,comment_derived_percent_bleaching
3850,1998-01-15,comment_derived_percent_bleaching
3851,1998-01-15,comment_derived_percent_bleaching
3852,1998-01-15,comment_derived_percent_bleaching
3853,1983-03-15,comment_derived_percent_bleaching
3853,1998-01-15,comment_derived_percent_bleaching
3854,1998-01-15,comment_derived_percent_bleaching
3855,1998-01-15,comment_derived_percent_bleaching
3856,1998-01-15,comment_derived_percent_bleaching
3857,1998-02-15,comment_derived_percent_bleaching
3940,1998-03-15,comment_derived_percent_bleaching
4156,2009-04-15,comment_derived_percent_bleaching
4169,1998-05-15,comment_derived_percent_bleaching
4170,2010-05-15,comment_derived_percent_bleaching
4171,2009-05-15,comment_derived_percent_bleaching
4175,1998-05-15,comment_derived_percent_bleaching
4176,1998-05-15,comment_derived_percent_bleaching
4177,2010-05-15,comment_derived_percent_bleaching
4178,1998-06-15,comment_derived_percent_bleaching
4179,1998-06-15,comment_derived_percent_bleaching
4184,1998-06-15,comment_derived_percent_bleaching
4185,2010-06-15,comment_derived_percent_bleaching
4186,2010-06-15,comment_derived_percent_bleaching
4189,2002-09-15,comment_derived_percent_bleaching
4190,1998-10-15,comment_derived_percent_bleaching
4191,1998-10-15,comment_derived_percent_bleaching
4192,1998-11-15,comment_derived_percent_bleaching
4193,1998-12-15,comment_derived_percent_bleaching
4381,2007-08-15,comment_derived_percent_bleaching
4398,1998-07-15,comment_derived_percent_bleaching
4447,1998-09-15,comment_derived_percent_bleaching
4487,2000-08-15,comment_derived_percent_bleaching
4513,1987-09-15,comment_derived_percent_bleaching
4513,1998-09-15,comment_derived_percent_bleaching
4514,2005-09-15,comment_derived_percent_bleaching
4516,2005-09-15,comment_derived_percent_bleaching
4520,1998-10-15,comment_derived_percent_bleaching
4521,1998-10-15,comment_derived_percent_bleaching
4606,2016-09-08,comment_derived_percent_bleaching
4607,2016-09-02,comment_derived_percent_bleaching
4609,2008-08-05,comment_derived_percent_bleaching
4610,2016-09-02,comment_derived_percent_bleaching
4611,2016-10-01,comment_derived_percent_bleaching
4612,2009-04-28,comment_derived_percent_bleaching
4613,2008-05-14,comment_derived_percent_bleaching
4614,2007-07-23,comment_derived_percent_bleaching
4616,2009-09-16,comment_derived_percent_bleaching
4617,2009-09-16,comment_derived_percent_bleaching
4619,2009-09-16,comment_derived_percent_bleaching
4620,2009-09-16,comment_derived_percent_bleaching
4622,2013-08-21,comment_derived_percent_bleaching
4624,2008-07-11,comment_derived_percent_bleaching
4626,2009-08-16,comment_derived_percent_bleaching
4627,2007-06-21,comment_derived_percent_bleaching
4633,2016-09-11,comment_derived_percent_bleaching
4634,2008-11-04,comment_derived_percent_bleaching
4635,2016-08-24,comment_derived_percent_bleaching
4636,2008-07-12,comment_derived_percent_bleaching
4637,2013-08-22,comment_derived_percent_bleaching
4638,2016-08-24,comment_derived_percent_bleaching
4639,2016-08-19,comment_derived_percent_bleaching
4640,2016-08-06,comment_derived_percent_bleaching
4642,2008-10-25,comment_derived_percent_bleaching
4643,2008-08-28,comment_derived_percent_bleaching
4645,2008-08-29,comment_derived_percent_bleaching
4646,2010-09-20,comment_derived_percent_bleaching
4647,2008-10-25,comment_derived_percent_bleaching
4652,2008-10-26,comment_derived_percent_bleaching
4653,2008-10-25,comment_derived_percent_bleaching
4654,2007-10-15,comment_derived_percent_bleaching
4656,2008-09-15,comment_derived_percent_bleaching
4657,2008-10-25,comment_derived_percent_bleaching
4658,2010-07-03,comment_derived_percent_bleaching
4659,2010-07-04,comment_derived_percent_bleaching
4661,2008-09-05,comment_derived_percent_bleaching
4662,2011-05-12,comment_derived_percent_bleaching
4663,2010-09-11,comment_derived_percent_bleaching
4666,2010-10-08,comment_derived_percent_bleaching
4667,2013-08-28,comment_derived_percent_bleaching
4675,2008-07-06,comment_derived_percent_bleaching
4677,2008-07-06,comment_derived_percent_bleaching
4683,2008-07-06,comment_derived_percent_bleaching
4712,2016-09-10,comment_derived_percent_bleaching
4713,2009-04-28,comment_derived_percent_bleaching
4714,2009-07-13,comment_derived_percent_bleaching
4715,2016-09-22,comment_derived_percent_bleaching
4716,2007-06-30,comment_derived_percent_bleaching
4717,2008-08-06,comment_derived_percent_bleaching
4718,2008-11-05,comment_derived_percent_bleaching
4720,2008-08-08,comment_derived_percent_bleaching
4722,2008-08-08,comment_derived_percent_bleaching
4723,2016-09-08,comment_derived_percent_bleaching
4724,2016-08-15,comment_derived_percent_bleaching
4728,2008-08-27,comment_derived_percent_bleaching
4729,2009-08-08,comment_derived_percent_bleaching
4731,2016-08-30,comment_derived_percent_bleaching
4732,2016-08-16,comment_derived_percent_bleaching
4733,2013-08-11,comment_derived_percent_bleaching
4734,2015-06-13,comment_derived_percent_bleaching
4738,2009-08-29,comment_derived_percent_bleaching
4739,2010-05-01,comment_derived_percent_bleaching
4740,2016-08-16,comment_derived_percent_bleaching
4741,2013-08-14,comment_derived_percent_bleaching
4742,2013-08-14,comment_derived_percent_bleaching
4743,2013-08-20,comment_derived_percent_bleaching
4747,2013-08-15,comment_derived_percent_bleaching
4748,2013-08-21,comment_derived_percent_bleaching
4751,2013-08-18,comment_derived_percent_bleaching
4752,2016-07-31,comment_derived_percent_bleaching
4753,2008-10-25,comment_derived_percent_bleaching
4754,2013-08-24,comment_derived_percent_bleaching
4757,2016-07-15,comment_derived_percent_bleaching
4758,2016-10-01,comment_derived_percent_bleaching
4759,2016-09-12,comment_derived_percent_bleaching
4760,2013-09-08,comment_derived_percent_bleaching
4761,2008-11-04,comment_derived_percent_bleaching
4762,2010-09-10,comment_derived_percent_bleaching
4763,2016-09-23,comment_derived_percent_bleaching
4764,2016-09-01,comment_derived_percent_bleaching
4770,2016-08-30,comment_derived_percent_bleaching
4771,2010-03-30,comment_derived_percent_bleaching
4774,2016-09-20,comment_derived_percent_bleaching
4775,2016-08-30,comment_derived_percent_bleaching
4776,2016-10-09,comment_derived_percent_bleaching
4778,2016-10-02,comment_derived_percent_bleaching
4784,2008-08-19,comment_derived_percent_bleaching
4785,2008-08-31,comment_derived_percent_bleaching
4786,2016-07-15,comment_derived_percent_bleaching
4787,2009-05-31,comment_derived_percent_bleaching
4789,2016-09-08,comment_derived_percent_bleaching
4790,2016-08-22,comment_derived_percent_bleaching
4792,2007-06-08,comment_derived_percent_bleaching
4794,2016-09-10,comment_derived_percent_bleaching
4796,2016-08-27,comment_derived_percent_bleaching
4797,2016-08-30,comment_derived_percent_bleaching
4798,2016-09-09,comment_derived_percent_bleaching
4799,2016-08-31,comment_derived_percent_bleaching
4800,2016-09-09,comment_derived_percent_bleaching
4801,2009-04-29,comment_derived_percent_bleaching
4803,2016-08-30,comment_derived_percent_bleaching
4804,2016-08-05,comment_derived_percent_bleaching
4806,2016-09-01,comment_derived_percent_bleaching
4809,2016-09-13,comment_derived_percent_bleaching
4811,2016-08-20,comment_derived_percent_bleaching
4813,2010-07-14,comment_derived_percent_bleaching
4816,2016-09-30,comment_derived_percent_bleaching
4817,2016-09-22,comment_derived_percent_bleaching
4818,2016-07-20,comment_derived_percent_bleaching
4821,2009-06-30,comment_derived_percent_bleaching
4824,2013-08-16,comment_derived_percent_bleaching
4825,2016-07-27,comment_derived_percent_bleaching
4826,2016-08-17,comment_derived_percent_bleaching
4827,2013-08-16,comment_derived_percent_bleaching
4828,2008-10-28,comment_derived_percent_bleaching
4829,2016-08-01,comment_derived_percent_bleaching
4830,2009-05-26,comment_derived_percent_bleaching
4831,2016-07-25,comment_derived_percent_bleaching
4832,2016-07-28,comment_derived_percent_bleaching
4834,2013-08-13,comment_derived_percent_bleaching
4838,2010-03-18,comment_derived_percent_bleaching
4840,2009-08-20,comment_derived_percent_bleaching
4841,2009-08-27,comment_derived_percent_bleaching
4842,2016-08-30,comment_derived_percent_bleaching
4845,2007-05-08,comment_derived_percent_bleaching
4846,2016-08-06,comment_derived_percent_bleaching
4847,2016-08-07,comment_derived_percent_bleaching
4848,2016-07-19,comment_derived_percent_bleaching
4850,2016-08-17,comment_derived_percent_bleaching
4851,2010-07-13,comment_derived_percent_bleaching
4852,2008-05-11,comment_derived_percent_bleaching
4853,2013-09-17,comment_derived_percent_bleaching
4854,2010-07-28,comment_derived_percent_bleaching
4857,2009-08-30,comment_derived_percent_bleaching
4858,2009-05-26,comment_derived_percent_bleaching
4859,2008-10-29,comment_derived_percent_bleaching
4860,2010-03-22,comment_derived_percent_bleaching
4862,2016-08-18,comment_derived_percent_bleaching
4864,2008-10-19,comment_derived_percent_bleaching
4870,2016-07-30,comment_derived_percent_bleaching
4871,2016-07-20,comment_derived_percent_bleaching
4872,2016-08-18,comment_derived_percent_bleaching
4873,2009-08-24,comment_derived_percent_bleaching
4875,2013-08-23,comment_derived_percent_bleaching
4876,2016-08-19,comment_derived_percent_bleaching
4878,2008-06-07,comment_derived_percent_bleaching
4879,2010-02-27,comment_derived_percent_bleaching
4880,2013-08-24,comment_derived_percent_bleaching
4883,2016-08-31,comment_derived_percent_bleaching
4886,2008-07-20,comment_derived_percent_bleaching
4887,2010-04-18,comment_derived_percent_bleaching
4891,2013-07-30,comment_derived_percent_bleaching
4892,2008-08-15,comment_derived_percent_bleaching
4896,2013-07-30,comment_derived_percent_bleaching
4898,2013-07-30,comment_derived_percent_bleaching
4899,2010-04-18,comment_derived_percent_bleaching
4901,2013-08-22,comment_derived_percent_bleaching
4902,2016-08-01,comment_derived_percent_bleaching
4903,2013-08-22,comment_derived_percent_bleaching
4904,2016-09-15,comment_derived_percent_bleaching
4905,2013-08-15,comment_derived_percent_bleaching
4906,2010-08-17,comment_derived_percent_bleaching
4909,2008-09-01,comment_derived_percent_bleaching
4910,2013-08-03,comment_derived_percent_bleaching
4912,2008-08-02,comment_derived_percent_bleaching
4913,2008-05-05,comment_derived_percent_bleaching
4914,2016-08-23,comment_derived_percent_bleaching
4915,2008-06-15,comment_derived_percent_bleaching
4916,2016-08-04,comment_derived_percent_bleaching
4918,2009-01-31,comment_derived_percent_bleaching
4919,2009-01-31,comment_derived_percent_bleaching
4921,2013-08-14,comment_derived_percent_bleaching
4925,2013-08-20,comment_derived_percent_bleaching
4930,2007-06-21,comment_derived_percent_bleaching
4931,2016-08-24,comment_derived_percent_bleaching
4933,2013-08-18,comment_derived_percent_bleaching
4934,2013-09-16,comment_derived_percent_bleaching
4935,2008-09-02,comment_derived_percent_bleaching
4936,2013-08-24,comment_derived_percent_bleaching
4937,2008-05-25,comment_derived_percent_bleaching
4938,2013-08-15,comment_derived_percent_bleaching
4940,2013-08-07,comment_derived_percent_bleaching
4941,2009-08-01,comment_derived_percent_bleaching
4942,2009-08-01,comment_derived_percent_bleaching
4943,2013-08-06,comment_derived_percent_bleaching
4945,2013-08-24,comment_derived_percent_bleaching
4948,2013-08-07,comment_derived_percent_bleaching
4951,2013-08-22,comment_derived_percent_bleaching
4952,2007-05-11,comment_derived_percent_bleaching
4953,2013-08-23,comment_derived_percent_bleaching
4954,2016-08-20,comment_derived_percent_bleaching
4957,2008-08-15,comment_derived_percent_bleaching
4960,2013-08-19,comment_derived_percent_bleaching
4962,2005-07-02,comment_derived_percent_bleaching
4963,2016-08-10,comment_derived_percent_bleaching
4964,2008-08-03,comment_derived_percent_bleaching
4969,2009-05-11,comment_derived_percent_bleaching
4971,2016-09-23,comment_derived_percent_bleaching
4973,2008-11-22,comment_derived_percent_bleaching
4976,2008-08-27,comment_derived_percent_bleaching
4977,2008-08-19,comment_derived_percent_bleaching
4978,2008-11-23,comment_derived_percent_bleaching
4979,2007-03-02,comment_derived_percent_bleaching
4980,2016-10-04,comment_derived_percent_bleaching
4981,2015-06-15,comment_derived_percent_bleaching
4984,2016-08-28,comment_derived_percent_bleaching
4987,2009-05-23,comment_derived_percent_bleaching
4988,2009-06-27,comment_derived_percent_bleaching
4989,2016-09-08,comment_derived_percent_bleaching
4990,2016-09-19,comment_derived_percent_bleaching
4994,2013-08-30,comment_derived_percent_bleaching
4996,2016-08-09,comment_derived_percent_bleaching
4997,2016-07-10,comment_derived_percent_bleaching
5000,2016-09-10,comment_derived_percent_bleaching
5003,2016-08-04,comment_derived_percent_bleaching
5010,2016-08-06,comment_derived_percent_bleaching
5011,2009-06-11,comment_derived_percent_bleaching
5016,2008-08-04,comment_derived_percent_bleaching
5017,2008-08-03,comment_derived_percent_bleaching
5018,2008-08-05,comment_derived_percent_bleaching
5021,2016-09-01,comment_derived_percent_bleaching
5022,2016-08-28,comment_derived_percent_bleaching
5024,2013-01-22,comment_derived_percent_bleaching
5025,2013-01-22,comment_derived_percent_bleaching
5026,2013-08-25,comment_derived_percent_bleaching
5027,2009-09-14,comment_derived_percent_bleaching
5028,2016-08-31,comment_derived_percent_bleaching
5029,2016-08-19,comment_derived_percent_bleaching
5030,2013-08-07,comment_derived_percent_bleaching
5032,2016-08-06,comment_derived_percent_bleaching
5033,2016-07-30,comment_derived_percent_bleaching
5036,2009-07-14,comment_derived_percent_bleaching
5037,2016-08-20,comment_derived_percent_bleaching
5038,2016-07-24,comment_derived_percent_bleaching
5041,2008-07-05,comment_derived_percent_bleaching
5042,2013-08-08,comment_derived_percent_bleaching
5043,2016-08-18,comment_derived_percent_bleaching
5046,2016-09-02,comment_derived_percent_bleaching
5048,2013-01-02,comment_derived_percent_bleaching
5049,2016-09-02,comment_derived_percent_bleaching
5051,2013-09-07,comment_derived_percent_bleaching
5053,2007-12-02,comment_derived_percent_bleaching
5055,2010-05-03,comment_derived_percent_bleaching
5059,2009-10-20,comment_derived_percent_bleaching
5062,2009-09-20,comment_derived_percent_bleaching
5063,2008-08-30,comment_derived_percent_bleaching
5064,2009-10-12,comment_derived_percent_bleaching
5065,2008-05-10,comment_derived_percent_bleaching
5066,2007-08-29,comment_derived_percent_bleaching
5069,2009-02-14,comment_derived_percent_bleaching
5070,2008-10-25,comment_derived_percent_bleaching
5071,2008-10-25,comment_derived_percent_bleaching
5073,2008-08-18,comment_derived_percent_bleaching
5075,2007-05-15,comment_derived_percent_bleaching
5076,2008-07-30,comment_derived_percent_bleaching
5078,2004-07-01,comment_derived_percent_bleaching
5079,2008-05-10,comment_derived_percent_bleaching
5081,2015-06-18,comment_derived_percent_bleaching
5087,2008-08-03,comment_derived_percent_bleaching
5088,2013-08-14,comment_derived_percent_bleaching
5089,2009-06-15,comment_derived_percent_bleaching
5091,2007-05-06,comment_derived_percent_bleaching
5092,2010-04-21,comment_derived_percent_bleaching
5094,2013-09-06,comment_derived_percent_bleaching
5095,2013-08-30,comment_derived_percent_bleaching
5096,2008-07-19,comment_derived_percent_bleaching
5097,2009-09-15,comment_derived_percent_bleaching
5098,2016-07-31,comment_derived_percent_bleaching
5100,2016-07-31,comment_derived_percent_bleaching
5103,2016-08-04,comment_derived_percent_bleaching
5104,2016-08-06,comment_derived_percent_bleaching
5105,2010-08-22,comment_derived_percent_bleaching
5106,2008-07-12,comment_derived_percent_bleaching
5107,2013-09-09,comment_derived_percent_bleaching
5109,2008-10-15,comment_derived_percent_bleaching
5110,2016-08-21,comment_derived_percent_bleaching
5113,2013-09-01,comment_derived_percent_bleaching
5120,2013-08-15,comment_derived_percent_bleaching
5121,2016-08-26,comment_derived_percent_bleaching
5123,2013-08-08,comment_derived_percent_bleaching
5125,2013-09-08,comment_derived_percent_bleaching
5127,2016-08-11,comment_derived_percent_bleaching
5128,2009-07-22,comment_derived_percent_bleaching
5129,2016-07-30,comment_derived_percent_bleaching
5130,2016-09-22,comment_derived_percent_bleaching
5132,2007-06-28,comment_derived_percent_bleaching
5133,2008-08-02,comment_derived_percent_bleaching
5134,2013-08-25,comment_derived_percent_bleaching
5135,2013-08-07,comment_derived_percent_bleaching
5140,2008-08-10,comment_derived_percent_bleaching
5141,2008-08-10,comment_derived_percent_bleaching
5142,2013-09-11,comment_derived_percent_bleaching
5143,2013-09-18,comment_derived_percent_bleaching
5145,2008-09-12,comment_derived_percent_bleaching
5146,2008-07-06,comment_derived_percent_bleaching
5147,2008-07-06,comment_derived_percent_bleaching
5149,2016-08-18,comment_derived_percent_bleaching
5151,2013-08-28,comment_derived_percent_bleaching
5155,2008-11-04,comment_derived_percent_bleaching
5157,2016-08-04,comment_derived_percent_bleaching
5159,2008-10-29,comment_derived_percent_bleaching
5160,2016-09-01,comment_derived_percent_bleaching
5172,2013-10-23,comment_derived_percent_bleaching
5174,2007-06-15,comment_derived_percent_bleaching
5176,2010-10-05,comment_derived_percent_bleaching
5177,2016-09-23,comment_derived_percent_bleaching
5179,2010-09-26,comment_derived_percent_bleaching
5180,2010-06-13,comment_derived_percent_bleaching
5182,2009-08-02,comment_derived_percent_bleaching
5184,2008-10-25,comment_derived_percent_bleaching
5191,2008-10-12,comment_derived_percent_bleaching
5196,2008-10-11,comment_derived_percent_bleaching
5197,2008-11-16,comment_derived_percent_bleaching
5198,2008-10-26,comment_derived_percent_bleaching
5199,2013-10-18,comment_derived_percent_bleaching
5200,2013-10-18,comment_derived_percent_bleaching
5205,2008-10-19,comment_derived_percent_bleaching
5207,2006-07-17,comment_derived_percent_bleaching
5208,2013-09-18,comment_derived_percent_bleaching
5209,2013-09-18,comment_derived_percent_bleaching
5210,2008-11-08,comment_derived_percent_bleaching
5213,2008-11-09,comment_derived_percent_bleaching
5214,2013-10-04,comment_derived_percent_bleaching
5218,2008-08-13,comment_derived_percent_bleaching
5219,2013-08-19,comment_derived_percent_bleaching
5223,2013-10-05,comment_derived_percent_bleaching
5228,2013-10-16,comment_derived_percent_bleaching
5230,2009-07-07,comment_derived_percent_bleaching
5235,2008-07-25,comment_derived_percent_bleaching
5243,2008-08-03,comment_derived_percent_bleaching
5256,1998-07-15,comment_derived_percent_bleaching
5256,2001-08-15,comment_derived_percent_bleaching
5257,1998-07-15,comment_derived_percent_bleaching
5262,2008-06-15,comment_derived_percent_bleaching
5276,2007-07-15,comment_derived_percent_bleaching
5277,2001-07-15,comment_derived_percent_bleaching
5279,2003-07-15,comment_derived_percent_bleaching
5280,2001-07-15,comment_derived_percent_bleaching
5313,2001-08-15,comment_derived_percent_bleaching
5314,2001-08-15,comment_derived_percent_bleaching
5316,2001-08-15,comment_derived_percent_bleaching
5318,1998-08-15,comment_derived_percent_bleaching
5319,1998-08-15,comment_derived_percent_bleaching
5321,1998-08-15,comment_derived_percent_bleaching
5322,1998-09-15,comment_derived_percent_bleaching
5323,1998-09-15,comment_derived_percent_bleaching
5324,2001-09-15,comment_derived_percent_bleaching
5325,1998-10-15,comment_derived_percent_bleaching
5326,1998-10-15,comment_derived_percent_bleaching
5327,1998-10-15,comment_derived_percent_bleaching
5328,1998-10-15,comment_derived_percent_bleaching
5329,1998-10-15,comment_derived_percent_bleaching
5366,2010-02-15,comment_derived_percent_bleaching
5367,2010-02-15,comment_derived_percent_bleaching
5368,2005-05-15,comment_derived_percent_bleaching
5368,2008-03-15,comment_derived_percent_bleaching
5369,2010-03-15,comment_derived_percent_bleaching
5370,2010-03-15,comment_derived_percent_bleaching
5371,1998-03-15,comment_derived_percent_bleaching
5371,1998-05-15,comment_derived_percent_bleaching
5371,1998-06-15,comment_derived_percent_bleaching
5371,2005-05-15,comment_derived_percent_bleaching
5371,2007-04-15,comment_derived_percent_bleaching
5371,2007-05-15,comment_derived_percent_bleaching
5371,2009-04-15,comment_derived_percent_bleaching
5371,2010-03-15,comment_derived_percent_bleaching
5372,1998-03-15,comment_derived_percent_bleaching
5373,2005-03-15,comment_derived_percent_bleaching
5374,1998-03-15,comment_derived_percent_bleaching
5374,2001-05-15,comment_derived_percent_bleaching
5376,2010-04-15,comment_derived_percent_bleaching
5377,2009-04-15,comment_derived_percent_bleaching
5378,2005-05-15,comment_derived_percent_bleaching
5378,2009-04-15,comment_derived_percent_bleaching
5379,2005-05-15,comment_derived_percent_bleaching
5379,2007-04-15,comment_derived_percent_bleaching
5380,2003-04-15,comment_derived_percent_bleaching
5381,2003-04-15,comment_derived_percent_bleaching
5382,2003-04-15,comment_derived_percent_bleaching
5383,1998-04-15,comment_derived_percent_bleaching
5385,1998-04-15,comment_derived_percent_bleaching
5385,2005-05-15,comment_derived_percent_bleaching
5388,2001-04-15,comment_derived_percent_bleaching
5389,2005-05-15,comment_derived_percent_bleaching
5390,2005-05-15,comment_derived_percent_bleaching
5391,2005-05-15,comment_derived_percent_bleaching
5392,2010-06-15,comment_derived_percent_bleaching
5393,2010-06-15,comment_derived_percent_bleaching
5394,1998-12-15,comment_derived_percent_bleaching
5407,2004-11-15,comment_derived_percent_bleaching
5408,2004-11-15,comment_derived_percent_bleaching
5409,2004-11-15,comment_derived_percent_bleaching
5410,2004-11-15,comment_derived_percent_bleaching
5411,2004-11-15,comment_derived_percent_bleaching
5412,2004-11-15,comment_derived_percent_bleaching
5413,2004-11-15,comment_derived_percent_bleaching
5447,2000-09-15,comment_derived_percent_bleaching
5448,2000-09-15,comment_derived_percent_bleaching
5451,2002-01-15,comment_derived_percent_bleaching
5452,2002-01-15,comment_derived_percent_bleaching
5453,2002-01-15,comment_derived_percent_bleaching
5454,2002-01-15,comment_derived_percent_bleaching
5455,2002-01-15,comment_derived_percent_bleaching
5456,2002-01-15,comment_derived_percent_bleaching
5458,1998-02-15,comment_derived_percent_bleaching
5459,1998-02-15,comment_derived_percent_bleaching
5460,1998-02-15,comment_derived_percent_bleaching
5461,1998-02-15,comment_derived_percent_bleaching
5462,1998-02-15,comment_derived_percent_bleaching
5463,1998-02-15,comment_derived_percent_bleaching
5464,2001-02-15,comment_derived_percent_bleaching
5466,2007-03-15,comment_derived_percent_bleaching
5467,2007-03-15,comment_derived_percent_bleaching
5468,2007-03-15,comment_derived_percent_bleaching
5474,1998-05-15,comment_derived_percent_bleaching
5474,2005-04-15,comment_derived_percent_bleaching
5475,2005-04-15,comment_derived_percent_bleaching
5476,2005-04-15,comment_derived_percent_bleaching
5477,2005-04-15,comment_derived_percent_bleaching
5478,2005-04-15,comment_derived_percent_bleaching
5481,1998-05-15,comment_derived_percent_bleaching
5482,2008-08-15,comment_derived_percent_bleaching
5517,2010-01-15,comment_derived_percent_bleaching
5517,2010-06-15,comment_derived_percent_bleaching
5517,2010-07-15,comment_derived_percent_bleaching
5521,2010-03-15,comment_derived_percent_bleaching
5776,2009-08-15,comment_derived_percent_bleaching
5781,1998-05-15,comment_derived_percent_bleaching
5782,1998-05-15,comment_derived_percent_bleaching
5783,1998-05-15,comment_derived_percent_bleaching
5784,1998-05-15,comment_derived_percent_bleaching
5785,1998-05-15,comment_derived_percent_bleaching
5786,1998-05-15,comment_derived_percent_bleaching
5789,1998-06-15,comment_derived_percent_bleaching
5791,1998-07-15,comment_derived_percent_bleaching
5793,1998-06-15,comment_derived_percent_bleaching
5793,1998-09-15,comment_derived_percent_bleaching
5793,1998-12-15,comment_derived_percent_bleaching
5801,2002-08-15,comment_derived_percent_bleaching
5803,2002-08-15,comment_derived_percent_bleaching
5804,2002-08-15,comment_derived_percent_bleaching
5809,2009-08-15,comment_derived_percent_bleaching
5810,2009-09-15,comment_derived_percent_bleaching
5811,2009-09-15,comment_derived_percent_bleaching
5812,2009-09-15,comment_derived_percent_bleaching
5813,2008-10-15,comment_derived_percent_bleaching
6136,2008-01-15,comment_derived_percent_bleaching
6136,2008-02-15,comment_derived_percent_bleaching
6193,1998-04-15,comment_derived_percent_bleaching
6195,2003-05-15,comment_derived_percent_bleaching
6196,2003-05-15,comment_derived_percent_bleaching
6199,2003-05-15,comment_derived_percent_bleaching
6200,1998-05-15,comment_derived_percent_bleaching
6201,1998-05-15,comment_derived_percent_bleaching
6202,1998-05-15,comment_derived_percent_bleaching
6203,1998-05-15,comment_derived_percent_bleaching
6204,1998-05-15,comment_derived_percent_bleaching
6205,1998-05-15,comment_derived_percent_bleaching
6206,1998-05-15,comment_derived_percent_bleaching
6206,1998-08-15,comment_derived_percent_bleaching
6207,1998-05-15,comment_derived_percent_bleaching
6208,2005-06-15,comment_derived_percent_bleaching
6209,2005-06-15,comment_derived_percent_bleaching
6210,2005-06-15,comment_derived_percent_bleaching
6211,2005-06-15,comment_derived_percent_bleaching
6212,2005-06-15,comment_derived_percent_bleaching
6213,2005-06-15,comment_derived_percent_bleaching
6214,2005-06-15,comment_derived_percent_bleaching
6215,2005-06-15,comment_derived_percent_bleaching
6216,2005-06-15,comment_derived_percent_bleaching
6217,2005-06-15,comment_derived_percent_bleaching
6218,2005-06-15,comment_derived_percent_bleaching
6219,2005-06-15,comment_derived_percent_bleaching
6220,1998-07-15,comment_derived_percent_bleaching
6221,2005-07-15,comment_derived_percent_bleaching
6222,1998-07-15,comment_derived_percent_bleaching
6225,1998-08-15,comment_derived_percent_bleaching
6226,1998-08-15,comment_derived_percent_bleaching
6227,1998-08-15,comment_derived_percent_bleaching
6228,1998-08-15,comment_derived_percent_bleaching
6229,1998-08-15,comment_derived_percent_bleaching
6230,1998-08-15,comment_derived_percent_bleaching
6291,1993-05-15,comment_derived_percent_bleaching
6293,1993-05-15,comment_derived_percent_bleaching
6296,2002-09-15,comment_derived_percent_bleaching
6297,2002-09-15,comment_derived_percent_bleaching
6298,2002-09-15,comment_derived_percent_bleaching
6327,1998-02-15,comment_derived_percent_bleaching
6328,2002-02-15,comment_derived_percent_bleaching
6334,1998-02-15,comment_derived_percent_bleaching
6336,1998-02-15,comment_derived_percent_bleaching
6338,2004-03-15,comment_derived_percent_bleaching
6340,2002-02-15,comment_derived_percent_bleaching
6346,2006-03-15,comment_derived_percent_bleaching
6347,2004-03-15,comment_derived_percent_bleaching
6348,2004-03-15,comment_derived_percent_bleaching
6349,2004-03-15,comment_derived_percent_bleaching
6350,2004-03-15,comment_derived_percent_bleaching
6351,2004-03-15,comment_derived_percent_bleaching
6352,2004-03-15,comment_derived_percent_bleaching
6353,2004-03-15,comment_derived_percent_bleaching
6354,2004-03-15,comment_derived_percent_bleaching
6355,2004-03-15,comment_derived_percent_bleaching
6356,2004-03-15,comment_derived_percent_bleaching
6358,2002-03-15,comment_derived_percent_bleaching
6359,2004-03-15,comment_derived_percent_bleaching
6363,1998-04-15,comment_derived_percent_bleaching
6364,2004-05-15,comment_derived_percent_bleaching
6365,2004-05-15,comment_derived_percent_bleaching
6366,2004-05-15,comment_derived_percent_bleaching
6367,2004-05-15,comment_derived_percent_bleaching
6368,2004-05-15,comment_derived_percent_bleaching
6369,2004-05-15,comment_derived_percent_bleaching
6370,2004-05-15,comment_derived_percent_bleaching
6380,1998-04-15,comment_derived_percent_bleaching
6381,1983-05-15,comment_derived_percent_bleaching
6381,1986-05-15,comment_derived_percent_bleaching
6381,1998-04-15,comment_derived_percent_bleaching
6382,2010-06-15,comment_derived_percent_bleaching
6383,1998-05-15,comment_derived_percent_bleaching
6385,2010-06-15,comment_derived_percent_bleaching
6387,2010-06-15,comment_derived_percent_bleaching
6388,2010-06-15,comment_derived_percent_bleaching
6389,2004-11-15,comment_derived_percent_bleaching
6389,2005-06-15,comment_derived_percent_bleaching
6389,2006-06-15,comment_derived_percent_bleaching
6390,2004-10-15,comment_derived_percent_bleaching
6390,2005-02-15,comment_derived_percent_bleaching
6390,2005-05-15,comment_derived_percent_bleaching
6390,2005-06-15,comment_derived_percent_bleaching
6390,2005-08-15,comment_derived_percent_bleaching
6390,2005-11-15,comment_derived_percent_bleaching
6390,2005-12-15,comment_derived_percent_bleaching
6390,2006-05-15,comment_derived_percent_bleaching
6391,2005-05-15,comment_derived_percent_bleaching
6391,2005-06-15,comment_derived_percent_bleaching
6391,2005-08-15,comment_derived_percent_bleaching
6391,2005-12-15,comment_derived_percent_bleaching
6391,2006-02-15,comment_derived_percent_bleaching
6391,2006-03-15,comment_derived_percent_bleaching
6392,2004-10-15,comment_derived_percent_bleaching
6392,2005-02-15,comment_derived_percent_bleaching
6392,2005-03-15,comment_derived_percent_bleaching
6392,2005-05-15,comment_derived_percent_bleaching
6392,2005-09-15,comment_derived_percent_bleaching
6392,2006-03-15,comment_derived_percent_bleaching
6393,2004-11-15,comment_derived_percent_bleaching
6393,2005-02-15,comment_derived_percent_bleaching
6394,2004-10-15,comment_derived_percent_bleaching
6394,2005-02-15,comment_derived_percent_bleaching
6394,2005-06-15,comment_derived_percent_bleaching
6395,2004-11-15,comment_derived_percent_bleaching
6395,2005-02-15,comment_derived_percent_bleaching
6395,2005-05-15,comment_derived_percent_bleaching
6395,2006-05-15,comment_derived_percent_bleaching
6396,2005-05-15,comment_derived_percent_bleaching
6396,2005-08-15,comment_derived_percent_bleaching
6396,2005-11-15,comment_derived_percent_bleaching
6396,2005-12-15,comment_derived_percent_bleaching
6396,2006-02-15,comment_derived_percent_bleaching
6397,2004-10-15,comment_derived_percent_bleaching
6397,2005-02-15,comment_derived_percent_bleaching
6397,2005-08-15,comment_derived_percent_bleaching
6397,2005-09-15,comment_derived_percent_bleaching
6397,2005-12-15,comment_derived_percent_bleaching
6397,2006-06-15,comment_derived_percent_bleaching
6398,2004-10-15,comment_derived_percent_bleaching
6398,2005-02-15,comment_derived_percent_bleaching
6398,2005-06-15,comment_derived_percent_bleaching
6398,2005-09-15,comment_derived_percent_bleaching
6398,2006-03-15,comment_derived_percent_bleaching
6399,2004-11-15,comment_derived_percent_bleaching
6399,2005-02-15,comment_derived_percent_bleaching
6399,2005-05-15,comment_derived_percent_bleaching
6399,2006-05-15,comment_derived_percent_bleaching
6400,2005-05-15,comment_derived_percent_bleaching
6400,2005-08-15,comment_derived_percent_bleaching
6401,2005-05-15,comment_derived_percent_bleaching
6402,2005-05-15,comment_derived_percent_bleaching
6402,2005-08-15,comment_derived_percent_bleaching
6403,2005-11-15,comment_derived_percent_bleaching
6404,2005-05-15,comment_derived_percent_bleaching
6404,2005-07-15,comment_derived_percent_bleaching
6404,2005-08-15,comment_derived_percent_bleaching
6404,2005-11-15,comment_derived_percent_bleaching
6404,2006-02-15,comment_derived_percent_bleaching
6405,2005-08-15,comment_derived_percent_bleaching
6405,2005-11-15,comment_derived_percent_bleaching
6406,2005-05-15,comment_derived_percent_bleaching
6406,2005-08-15,comment_derived_percent_bleaching
6406,2005-11-15,comment_derived_percent_bleaching
6406,2006-02-15,comment_derived_percent_bleaching
6407,2005-05-15,comment_derived_percent_bleaching
6407,2005-12-15,comment_derived_percent_bleaching
6407,2006-02-15,comment_derived_percent_bleaching
6408,2004-10-15,comment_derived_percent_bleaching
6408,2004-11-15,comment_derived_percent_bleaching
6408,2005-05-15,comment_derived_percent_bleaching
6408,2005-08-15,comment_derived_percent_bleaching
6408,2005-12-15,comment_derived_percent_bleaching
6408,2006-02-15,comment_derived_percent_bleaching
6409,2005-09-15,comment_derived_percent_bleaching
6409,2005-12-15,comment_derived_percent_bleaching
6410,2004-10-15,comment_derived_percent_bleaching
6410,2004-11-15,comment_derived_percent_bleaching
6410,2005-06-15,comment_derived_percent_bleaching
6410,2005-09-15,comment_derived_percent_bleaching
6410,2005-12-15,comment_derived_percent_bleaching
6410,2006-02-15,comment_derived_percent_bleaching
6411,2004-10-15,comment_derived_percent_bleaching
6411,2005-03-15,comment_derived_percent_bleaching
6411,2005-05-15,comment_derived_percent_bleaching
6412,2004-10-15,comment_derived_percent_bleaching
6412,2005-02-15,comment_derived_percent_bleaching
6412,2005-05-15,comment_derived_percent_bleaching
6412,2005-06-15,comment_derived_percent_bleaching
6412,2006-05-15,comment_derived_percent_bleaching
6412,2006-06-15,comment_derived_percent_bleaching
6413,2004-10-15,comment_derived_percent_bleaching
6413,2005-02-15,comment_derived_percent_bleaching
6413,2005-05-15,comment_derived_percent_bleaching
6413,2005-09-15,comment_derived_percent_bleaching
6413,2005-12-15,comment_derived_percent_bleaching
6413,2006-03-15,comment_derived_percent_bleaching
6414,2004-10-15,comment_derived_percent_bleaching
6414,2005-02-15,comment_derived_percent_bleaching
6414,2005-03-15,comment_derived_percent_bleaching
6414,2005-08-15,comment_derived_percent_bleaching
6415,2004-10-15,comment_derived_percent_bleaching
6415,2005-02-15,comment_derived_percent_bleaching
6416,2004-10-15,comment_derived_percent_bleaching
6416,2005-02-15,comment_derived_percent_bleaching
6416,2005-05-15,comment_derived_percent_bleaching
6416,2005-08-15,comment_derived_percent_bleaching
6416,2005-11-15,comment_derived_percent_bleaching
6416,2006-02-15,comment_derived_percent_bleaching
6416,2006-03-15,comment_derived_percent_bleaching
6418,2006-03-15,comment_derived_percent_bleaching
6420,2005-06-15,comment_derived_percent_bleaching
6421,2004-11-15,comment_derived_percent_bleaching
6421,2006-03-15,comment_derived_percent_bleaching
6422,2006-03-15,comment_derived_percent_bleaching
6423,2005-05-15,comment_derived_percent_bleaching
6423,2006-03-15,comment_derived_percent_bleaching
6424,2005-05-15,comment_derived_percent_bleaching
6424,2005-07-15,comment_derived_percent_bleaching
6424,2005-08-15,comment_derived_percent_bleaching
6424,2006-03-15,comment_derived_percent_bleaching
6424,2006-05-15,comment_derived_percent_bleaching
6424,2006-06-15,comment_derived_percent_bleaching
6425,2005-05-15,comment_derived_percent_bleaching
6425,2005-08-15,comment_derived_percent_bleaching
6425,2005-12-15,comment_derived_percent_bleaching
6425,2006-03-15,comment_derived_percent_bleaching
6426,2006-03-15,comment_derived_percent_bleaching
6427,2005-05-15,comment_derived_percent_bleaching
6427,2005-08-15,comment_derived_percent_bleaching
6427,2005-11-15,comment_derived_percent_bleaching
6427,2006-03-15,comment_derived_percent_bleaching
6428,2005-05-15,comment_derived_percent_bleaching
6428,2005-06-15,comment_derived_percent_bleaching
6428,2005-08-15,comment_derived_percent_bleaching
6428,2005-09-15,comment_derived_percent_bleaching
6428,2005-11-15,comment_derived_percent_bleaching
6428,2006-03-15,comment_derived_percent_bleaching
6429,2005-05-15,comment_derived_percent_bleaching
6429,2005-08-15,comment_derived_percent_bleaching
6429,2005-11-15,comment_derived_percent_bleaching
6429,2006-03-15,comment_derived_percent_bleaching
6430,2005-06-15,comment_derived_percent_bleaching
6430,2005-08-15,comment_derived_percent_bleaching
6430,2005-09-15,comment_derived_percent_bleaching
6430,2006-03-15,comment_derived_percent_bleaching
6431,2005-09-15,comment_derived_percent_bleaching
6431,2005-12-15,comment_derived_percent_bleaching
6432,2005-05-15,comment_derived_percent_bleaching
6432,2005-08-15,comment_derived_percent_bleaching
6433,2005-08-15,comment_derived_percent_bleaching
6434,2004-11-15,comment_derived_percent_bleaching
6434,2005-05-15,comment_derived_percent_bleaching
6434,2005-08-15,comment_derived_percent_bleaching
6434,2005-11-15,comment_derived_percent_bleaching
6434,2005-12-15,comment_derived_percent_bleaching
6435,2005-08-15,comment_derived_percent_bleaching
6435,2005-09-15,comment_derived_percent_bleaching
6435,2006-03-15,comment_derived_percent_bleaching
6437,2005-05-15,comment_derived_percent_bleaching
6437,2005-08-15,comment_derived_percent_bleaching
6437,2006-03-15,comment_derived_percent_bleaching
6438,2005-05-15,comment_derived_percent_bleaching
6438,2005-08-15,comment_derived_percent_bleaching
6438,2005-09-15,comment_derived_percent_bleaching
6438,2005-12-15,comment_derived_percent_bleaching
6438,2006-03-15,comment_derived_percent_bleaching
6439,2006-03-15,comment_derived_percent_bleaching
6440,2005-05-15,comment_derived_percent_bleaching
6440,2005-08-15,comment_derived_percent_bleaching
6440,2006-03-15,comment_derived_percent_bleaching
6442,2007-04-15,comment_derived_percent_bleaching
6442,2010-07-15,comment_derived_percent_bleaching
6444,2005-05-15,comment_derived_percent_bleaching
6446,2006-05-15,comment_derived_percent_bleaching
6448,2005-06-15,comment_derived_percent_bleaching
6448,2006-06-15,comment_derived_percent_bleaching
6450,2005-06-15,comment_derived_percent_bleaching
6450,2006-05-15,comment_derived_percent_bleaching
6451,2006-05-15,comment_derived_percent_bleaching
6451,2006-06-15,comment_derived_percent_bleaching
6452,2006-06-15,comment_derived_percent_bleaching
6453,2004-10-15,comment_derived_percent_bleaching
6453,2005-08-15,comment_derived_percent_bleaching
6453,2005-09-15,comment_derived_percent_bleaching
6453,2006-05-15,comment_derived_percent_bleaching
6453,2006-06-15,comment_derived_percent_bleaching
6454,2005-09-15,comment_derived_percent_bleaching
6454,2006-05-15,comment_derived_percent_bleaching
6454,2006-06-15,comment_derived_percent_bleaching
6455,2006-06-15,comment_derived_percent_bleaching
6456,2005-05-15,comment_derived_percent_bleaching
6456,2005-08-15,comment_derived_percent_bleaching
6456,2006-06-15,comment_derived_percent_bleaching
6457,2005-05-15,comment_derived_percent_bleaching
6457,2005-06-15,comment_derived_percent_bleaching
6457,2005-08-15,comment_derived_percent_bleaching
6457,2005-09-15,comment_derived_percent_bleaching
6460,2005-05-15,comment_derived_percent_bleaching
6460,2005-08-15,comment_derived_percent_bleaching
6460,2005-09-15,comment_derived_percent_bleaching
6461,2005-08-15,comment_derived_percent_bleaching
6462,2005-05-15,comment_derived_percent_bleaching
6463,2005-05-15,comment_derived_percent_bleaching
6463,2005-06-15,comment_derived_percent_bleaching
6463,2005-08-15,comment_derived_percent_bleaching
6463,2005-12-15,comment_derived_percent_bleaching
6463,2006-05-15,comment_derived_percent_bleaching
6463,2006-06-15,comment_derived_percent_bleaching
6464,2005-08-15,comment_derived_percent_bleaching
6465,2005-06-15,comment_derived_percent_bleaching
6465,2006-05-15,comment_derived_percent_bleaching
6466,2005-06-15,comment_derived_percent_bleaching
6466,2006-05-15,comment_derived_percent_bleaching
6467,2005-05-15,comment_derived_percent_bleaching
6467,2006-05-15,comment_derived_percent_bleaching
6468,2005-05-15,comment_derived_percent_bleaching
6468,2005-07-15,comment_derived_percent_bleaching
6468,2005-08-15,comment_derived_percent_bleaching
6468,2005-11-15,comment_derived_percent_bleaching
6468,2006-05-15,comment_derived_percent_bleaching
6468,2006-06-15,comment_derived_percent_bleaching
6469,2005-05-15,comment_derived_percent_bleaching
6469,2005-06-15,comment_derived_percent_bleaching
6469,2006-05-15,comment_derived_percent_bleaching
6470,2005-06-15,comment_derived_percent_bleaching
6470,2006-05-15,comment_derived_percent_bleaching
6471,2005-05-15,comment_derived_percent_bleaching
6471,2005-07-15,comment_derived_percent_bleaching
6472,2006-05-15,comment_derived_percent_bleaching
6473,2005-05-15,comment_derived_percent_bleaching
6474,2004-10-15,comment_derived_percent_bleaching
6474,2005-05-15,comment_derived_percent_bleaching
6474,2005-06-15,comment_derived_percent_bleaching
6475,2005-08-15,comment_derived_percent_bleaching
6475,2005-11-15,comment_derived_percent_bleaching
6477,2005-05-15,comment_derived_percent_bleaching
6477,2005-06-15,comment_derived_percent_bleaching
6477,2005-11-15,comment_derived_percent_bleaching
6478,2005-08-15,comment_derived_percent_bleaching
6479,2005-08-15,comment_derived_percent_bleaching
6479,2005-11-15,comment_derived_percent_bleaching
6482,2005-08-15,comment_derived_percent_bleaching
6483,2005-07-15,comment_derived_percent_bleaching
6486,2005-08-15,comment_derived_percent_bleaching
6487,2005-05-15,comment_derived_percent_bleaching
6488,2005-05-15,comment_derived_percent_bleaching
6489,2005-08-15,comment_derived_percent_bleaching
6490,2005-06-15,comment_derived_percent_bleaching
6492,2005-06-15,comment_derived_percent_bleaching
6493,1998-05-15,comment_derived_percent_bleaching
6493,1998-09-15,comment_derived_percent_bleaching
6496,2006-06-15,comment_derived_percent_bleaching
6506,2005-06-15,comment_derived_percent_bleaching
6506,2006-06-15,comment_derived_percent_bleaching
6516,2006-06-15,comment_derived_percent_bleaching
6517,2005-06-15,comment_derived_percent_bleaching
6521,2005-06-15,comment_derived_percent_bleaching
6521,2005-08-15,comment_derived_percent_bleaching
6524,2005-08-15,comment_derived_percent_bleaching
6524,2005-09-15,comment_derived_percent_bleaching
6526,2010-07-15,comment_derived_percent_bleaching
6534,2005-08-15,comment_derived_percent_bleaching
6537,2005-09-15,comment_derived_percent_bleaching
6538,2005-09-15,comment_derived_percent_bleaching
6539,1997-08-15,comment_derived_percent_bleaching
6541,1997-08-15,comment_derived_percent_bleaching
6542,1998-08-15,comment_derived_percent_bleaching
6543,2010-08-15,comment_derived_percent_bleaching
6543,2011-08-15,comment_derived_percent_bleaching
6548,2005-09-15,comment_derived_percent_bleaching
6553,1997-09-15,comment_derived_percent_bleaching
6555,1998-09-15,comment_derived_percent_bleaching
6556,1998-09-15,comment_derived_percent_bleaching
6557,1998-09-15,comment_derived_percent_bleaching
6561,1997-10-15,comment_derived_percent_bleaching
6562,1998-10-15,comment_derived_percent_bleaching
6563,1998-10-15,comment_derived_percent_bleaching
6564,1997-10-15,comment_derived_percent_bleaching
6565,1997-10-15,comment_derived_percent_bleaching
6566,2005-10-15,comment_derived_percent_bleaching
6567,1997-10-15,comment_derived_percent_bleaching
6568,2005-11-15,comment_derived_percent_bleaching
6575,2005-12-15,comment_derived_percent_bleaching
6623,2009-03-15,comment_derived_percent_bleaching
6624,2009-03-15,comment_derived_percent_bleaching
6625,2009-03-15,comment_derived_percent_bleaching
6626,2009-03-15,comment_derived_percent_bleaching
6639,1999-03-15,comment_derived_percent_bleaching
6641,1999-03-15,comment_derived_percent_bleaching
6643,2005-04-15,comment_derived_percent_bleaching
6644,2005-04-15,comment_derived_percent_bleaching
6645,2005-04-15,comment_derived_percent_bleaching
6646,2005-04-15,comment_derived_percent_bleaching
6647,2005-04-15,comment_derived_percent_bleaching
6648,2005-04-15,comment_derived_percent_bleaching
6649,2005-04-15,comment_derived_percent_bleaching
6650,2005-04-15,comment_derived_percent_bleaching
6652,2008-10-15,comment_derived_percent_bleaching
6653,2008-10-15,comment_derived_percent_bleaching
6654,2008-10-15,comment_derived_percent_bleaching
6655,2008-10-15,comment_derived_percent_bleaching
6694,2008-05-15,comment_derived_percent_bleaching
6713,1992-06-15,comment_derived_percent_bleaching
6714,1992-06-15,comment_derived_percent_bleaching
6714,1998-08-15,comment_derived_percent_bleaching
6715,1998-08-15,comment_derived_percent_bleaching
6718,1998-09-15,comment_derived_percent_bleaching
6732,1999-12-15,comment_derived_percent_bleaching
6733,1999-12-15,comment_derived_percent_bleaching
6734,1999-12-15,comment_derived_percent_bleaching
6735,1999-12-15,comment_derived_percent_bleaching
6736,1999-12-15,comment_derived_percent_bleaching
6737,1999-12-15,comment_derived_percent_bleaching
6738,1999-12-15,comment_derived_percent_bleaching
6739,1999-12-15,comment_derived_percent_bleaching
6740,1999-12-15,comment_derived_percent_bleaching
6741,1999-12-15,comment_derived_percent_bleaching
6742,1999-12-15,comment_derived_percent_bleaching
6743,1999-12-15,comment_derived_percent_bleaching
6744,1999-12-15,comment_derived_percent_bleaching
6745,1999-12-15,comment_derived_percent_bleaching
6746,1999-12-15,comment_derived_percent_bleaching
6747,1999-12-15,comment_derived_percent_bleaching
6873,1998-05-15,comment_derived_percent_bleaching
6874,1998-05-15,comment_derived_percent_bleaching
6877,2002-08-15,comment_derived_percent_bleaching
6878,1998-08-15,comment_derived_percent_bleaching
6933,1998-08-15,comment_derived_percent_bleaching
6933,1999-01-15,comment_derived_percent_bleaching
6940,1998-09-15,comment_derived_percent_bleaching
6968,1998-04-15,comment_derived_percent_bleaching
6969,1983-01-15,comment_derived_percent_bleaching
6970,1983-01-15,comment_derived_percent_bleaching
6971,1998-03-15,comment_derived_percent_bleaching
6972,1998-04-15,comment_derived_percent_bleaching
6973,1998-04-15,comment_derived_percent_bleaching
6976,1993-05-15,comment_derived_percent_bleaching
6976,1997-09-15,comment_derived_percent_bleaching
6996,2002-06-15,comment_derived_percent_bleaching
7016,2002-06-15,comment_derived_percent_bleaching
7017,2002-06-15,comment_derived_percent_bleaching
7021,2002-06-15,comment_derived_percent_bleaching
7050,1997-09-15,comment_derived_percent_bleaching
7051,1997-09-15,comment_derived_percent_bleaching
7052,1997-09-15,comment_derived_percent_bleaching
7054,1998-10-15,comment_derived_percent_bleaching
7055,1998-10-15,comment_derived_percent_bleaching
7073,2000-01-15,comment_derived_percent_bleaching
7074,2009-01-15,comment_derived_percent_bleaching
7075,2006-02-15,comment_derived_percent_bleaching
7077,1998-02-15,comment_derived_percent_bleaching
7078,1998-02-15,comment_derived_percent_bleaching
7079,1996-02-15,comment_derived_percent_bleaching
7097,1996-03-15,comment_derived_percent_bleaching
7098,1998-03-15,comment_derived_percent_bleaching
7116,1999-09-15,comment_derived_percent_bleaching
7121,1999-04-15,comment_derived_percent_bleaching
7122,1998-05-15,comment_derived_percent_bleaching
7123,1998-08-15,comment_derived_percent_bleaching
7124,1998-08-15,comment_derived_percent_bleaching
7125,1998-08-15,comment_derived_percent_bleaching
7126,1998-08-15,comment_derived_percent_bleaching
7154,2008-01-15,comment_derived_percent_bleaching
7207,2010-05-15,comment_derived_percent_bleaching
7208,1999-06-15,comment_derived_percent_bleaching
7209,1998-07-15,comment_derived_percent_bleaching
7210,1998-07-15,comment_derived_percent_bleaching
7211,2008-07-15,comment_derived_percent_bleaching
7212,2008-07-15,comment_derived_percent_bleaching
7213,2008-07-15,comment_derived_percent_bleaching
7214,2008-07-15,comment_derived_percent_bleaching
7217,1998-08-15,comment_derived_percent_bleaching
7218,1998-08-15,comment_derived_percent_bleaching
7219,1998-08-15,comment_derived_percent_bleaching
7220,1998-08-15,comment_derived_percent_bleaching
7221,1998-08-15,comment_derived_percent_bleaching
7222,1998-08-15,comment_derived_percent_bleaching
7224,1998-08-15,comment_derived_percent_bleaching
7225,1998-08-15,comment_derived_percent_bleaching
7226,1998-08-15,comment_derived_percent_bleaching
7227,1998-08-15,comment_derived_percent_bleaching
7229,1998-08-15,comment_derived_percent_bleaching
7230,1998-08-15,comment_derived_percent_bleaching
7231,1998-09-15,comment_derived_percent_bleaching
7232,1998-09-15,comment_derived_percent_bleaching
7233,1994-10-15,comment_derived_percent_bleaching
7234,1998-10-15,comment_derived_percent_bleaching
7235,1998-10-15,comment_derived_percent_bleaching
7236,1998-11-15,comment_derived_percent_bleaching
7238,1998-12-15,comment_derived_percent_bleaching
7239,1998-12-15,comment_derived_percent_bleaching
7692,1998-02-15,comment_derived_percent_bleaching
7693,1998-02-15,comment_derived_percent_bleaching
7695,2001-02-15,comment_derived_percent_bleaching
7697,2001-02-15,comment_derived_percent_bleaching
7699,2002-03-15,comment_derived_percent_bleaching
7700,1998-03-15,comment_derived_percent_bleaching
7701,2005-03-15,comment_derived_percent_bleaching
7703,2005-04-15,comment_derived_percent_bleaching
7704,2005-04-15,comment_derived_percent_bleaching
7705,1998-04-15,comment_derived_percent_bleaching
7706,2005-05-15,comment_derived_percent_bleaching
7707,2005-05-15,comment_derived_percent_bleaching
7708,2005-05-15,comment_derived_percent_bleaching
7752,2001-02-15,comment_derived_percent_bleaching
7753,1998-02-15,comment_derived_percent_bleaching
7754,1998-03-15,comment_derived_percent_bleaching
7779,1998-08-15,comment_derived_percent_bleaching
7780,1998-08-15,comment_derived_percent_bleaching
7781,1998-08-15,comment_derived_percent_bleaching
7782,1998-08-15,comment_derived_percent_bleaching
7794,1998-02-15,comment_derived_percent_bleaching
7795,1998-02-15,comment_derived_percent_bleaching
7796,1998-02-15,comment_derived_percent_bleaching
7797,1998-02-15,comment_derived_percent_bleaching
7799,2005-04-15,comment_derived_percent_bleaching
7800,2005-04-15,comment_derived_percent_bleaching
7801,2005-04-15,comment_derived_percent_bleaching
7808,1998-04-15,comment_derived_percent_bleaching
7809,1998-04-15,comment_derived_percent_bleaching
7810,1998-04-15,comment_derived_percent_bleaching
7811,1998-04-15,comment_derived_percent_bleaching
7812,1998-04-15,comment_derived_percent_bleaching
7813,1998-04-15,comment_derived_percent_bleaching
7814,2005-05-15,comment_derived_percent_bleaching
7815,2005-05-15,comment_derived_percent_bleaching
7817,1998-05-15,comment_derived_percent_bleaching
7832,1998-06-15,comment_derived_percent_bleaching
7833,1998-06-15,comment_derived_percent_bleaching
7834,2000-01-15,comment_derived_percent_bleaching
7835,2000-01-15,comment_derived_percent_bleaching
7836,2000-03-15,comment_derived_percent_bleaching
7837,2000-03-15,comment_derived_percent_bleaching
7845,2000-05-15,comment_derived_percent_bleaching
7846,2000-05-15,comment_derived_percent_bleaching
7847,2000-05-15,comment_derived_percent_bleaching
7848,2000-05-15,comment_derived_percent_bleaching
7849,2000-05-15,comment_derived_percent_bleaching
7850,2000-05-15,comment_derived_percent_bleaching
7906,2000-03-15,comment_derived_percent_bleaching
7915,2007-04-15,comment_derived_percent_bleaching
7916,2005-04-15,comment_derived_percent_bleaching
7916,2007-04-15,comment_derived_percent_bleaching
7917,2005-04-15,comment_derived_percent_bleaching
7919,2005-04-15,comment_derived_percent_bleaching
7919,2007-04-15,comment_derived_percent_bleaching
7920,2007-04-15,comment_derived_percent_bleaching
7921,2007-04-15,comment_derived_percent_bleaching
7922,2007-04-15,comment_derived_percent_bleaching
7923,2005-04-15,comment_derived_percent_bleaching
7924,2007-04-15,comment_derived_percent_bleaching
7925,2007-04-15,comment_derived_percent_bleaching
7926,2005-04-15,comment_derived_percent_bleaching
7932,2005-03-15,comment_derived_percent_bleaching
7933,2002-04-15,comment_derived_percent_bleaching
7934,1998-04-15,comment_derived_percent_bleaching
7935,1998-04-15,comment_derived_percent_bleaching
7936,1998-04-15,comment_derived_percent_bleaching
7937,1998-04-15,comment_derived_percent_bleaching
7938,1998-04-15,comment_derived_percent_bleaching
7939,1998-05-15,comment_derived_percent_bleaching
7940,2004-05-15,comment_derived_percent_bleaching
7941,1998-05-15,comment_derived_percent_bleaching
7942,1998-05-15,comment_derived_percent_bleaching
7944,1998-10-15,comment_derived_percent_bleaching
7958,2005-06-15,comment_derived_percent_bleaching
7963,2003-10-15,comment_derived_percent_bleaching
7977,1998-06-15,comment_derived_percent_bleaching
8037,1998-06-15,comment_derived_percent_bleaching
8083,2005-03-15,comment_derived_percent_bleaching
8084,2005-03-15,comment_derived_percent_bleaching
8085,1998-03-15,comment_derived_percent_bleaching
8086,1998-03-15,comment_derived_percent_bleaching
8091,1998-03-15,comment_derived_percent_bleaching
8091,1998-05-15,comment_derived_percent_bleaching
8092,1998-03-15,comment_derived_percent_bleaching
8095,1998-03-15,comment_derived_percent_bleaching
8096,2003-04-15,comment_derived_percent_bleaching
8097,2003-04-15,comment_derived_percent_bleaching
8098,2003-04-15,comment_derived_percent_bleaching
8099,2003-04-15,comment_derived_percent_bleaching
8100,2003-04-15,comment_derived_percent_bleaching
8101,2005-04-15,comment_derived_percent_bleaching
8101,2007-04-15,comment_derived_percent_bleaching
8102,2008-04-15,comment_derived_percent_bleaching
8103,2007-04-15,comment_derived_percent_bleaching
8104,2008-04-15,comment_derived_percent_bleaching
8105,2005-04-15,comment_derived_percent_bleaching
8106,2008-04-15,comment_derived_percent_bleaching
8107,2005-04-15,comment_derived_percent_bleaching
8108,2005-04-15,comment_derived_percent_bleaching
8108,2010-05-15,comment_derived_percent_bleaching
8109,2005-04-15,comment_derived_percent_bleaching
8109,2010-04-15,comment_derived_percent_bleaching
8110,2010-04-15,comment_derived_percent_bleaching
8112,2010-05-15,comment_derived_percent_bleaching
8115,1998-05-15,comment_derived_percent_bleaching
8116,2010-05-15,comment_derived_percent_bleaching
8117,2010-05-15,comment_derived_percent_bleaching
8118,2010-05-15,comment_derived_percent_bleaching
8119,2010-05-15,comment_derived_percent_bleaching
8120,2010-05-15,comment_derived_percent_bleaching
8122,2010-05-15,comment_derived_percent_bleaching
8125,1998-05-15,comment_derived_percent_bleaching
8126,1998-05-15,comment_derived_percent_bleaching
8127,1998-05-15,comment_derived_percent_bleaching
8128,1998-05-15,comment_derived_percent_bleaching
8129,1998-05-15,comment_derived_percent_bleaching
8130,1998-05-15,comment_derived_percent_bleaching
8131,2010-06-15,comment_derived_percent_bleaching
8131,2010-07-15,comment_derived_percent_bleaching
8132,2010-10-15,comment_derived_percent_bleaching
8133,1998-10-15,comment_derived_percent_bleaching
8134,1998-12-15,comment_derived_percent_bleaching
8149,2008-01-15,comment_derived_percent_bleaching
8150,1995-05-15,comment_derived_percent_bleaching
8150,1997-02-15,comment_derived_percent_bleaching
8150,1997-04-15,comment_derived_percent_bleaching
8150,1998-05-15,comment_derived_percent_bleaching
8152,2002-03-15,comment_derived_percent_bleaching
8153,2002-03-15,comment_derived_percent_bleaching
8154,2002-03-15,comment_derived_percent_bleaching
8155,1990-03-15,comment_derived_percent_bleaching
8156,1990-03-15,comment_derived_percent_bleaching
8157,1998-04-15,comment_derived_percent_bleaching
8158,1998-04-15,comment_derived_percent_bleaching
8159,1998-04-15,comment_derived_percent_bleaching
8160,1998-04-15,comment_derived_percent_bleaching
8161,1998-04-15,comment_derived_percent_bleaching
8162,1998-04-15,comment_derived_percent_bleaching
8163,1998-04-15,comment_derived_percent_bleaching
8164,1998-04-15,comment_derived_percent_bleaching
8165,1998-04-15,comment_derived_percent_bleaching
8166,1998-04-15,comment_derived_percent_bleaching
8167,1998-04-15,comment_derived_percent_bleaching
8168,2000-04-15,comment_derived_percent_bleaching
8169,1998-04-15,comment_derived_percent_bleaching
8213,1998-04-15,comment_derived_percent_bleaching
8242,1995-05-15,comment_derived_percent_bleaching
8243,1995-05-15,comment_derived_percent_bleaching
8260,1991-05-15,comment_derived_percent_bleaching
8261,2010-05-15,comment_derived_percent_bleaching
8263,1991-07-15,comment_derived_percent_bleaching
8343,2000-02-15,comment_derived_percent_bleaching
8344,2000-02-15,comment_derived_percent_bleaching
8345,2000-03-15,comment_derived_percent_bleaching
8346,2000-03-15,comment_derived_percent_bleaching
8365,2009-06-15,comment_derived_percent_bleaching
8366,2009-06-15,comment_derived_percent_bleaching
8367,2009-06-15,comment_derived_percent_bleaching
8374,2005-11-15,comment_derived_percent_bleaching
8392,2005-11-15,comment_derived_percent_bleaching
8398,2005-11-15,comment_derived_percent_bleaching
8408,2005-11-15,comment_derived_percent_bleaching
8422,2005-11-15,comment_derived_percent_bleaching
8504,2004-10-15,comment_derived_percent_bleaching
8505,1998-06-15,comment_derived_percent_bleaching
8506,2000-07-15,comment_derived_percent_bleaching
8507,1996-08-15,comment_derived_percent_bleaching
8508,1996-08-15,comment_derived_percent_bleaching
8509,2002-08-15,comment_derived_percent_bleaching
8510,1996-08-15,comment_derived_percent_bleaching
8510,1998-08-15,comment_derived_percent_bleaching
8512,1996-08-15,comment_derived_percent_bleaching
8513,1998-08-15,comment_derived_percent_bleaching
8517,2007-09-15,comment_derived_percent_bleaching
8518,2007-09-15,comment_derived_percent_bleaching
8533,2006-01-15,comment_derived_percent_bleaching
8534,2006-01-15,comment_derived_percent_bleaching
8535,2006-01-15,comment_derived_percent_bleaching
8555,2010-02-15,comment_derived_percent_bleaching
8563,2006-02-15,comment_derived_percent_bleaching
8564,2006-02-15,comment_derived_percent_bleaching
8565,2010-02-15,comment_derived_percent_bleaching
8580,2006-03-15,comment_derived_percent_bleaching
8581,2006-03-15,comment_derived_percent_bleaching
8582,2005-10-15,comment_derived_percent_bleaching
8582,2006-03-15,comment_derived_percent_bleaching
8583,2006-03-15,comment_derived_percent_bleaching
8595,2005-10-15,comment_derived_percent_bleaching
8616,2006-04-15,comment_derived_percent_bleaching
8617,2006-04-15,comment_derived_percent_bleaching
8618,2006-04-15,comment_derived_percent_bleaching
8619,2006-04-15,comment_derived_percent_bleaching
8620,2006-04-15,comment_derived_percent_bleaching
8621,2006-04-15,comment_derived_percent_bleaching
8622,2006-04-15,comment_derived_percent_bleaching
8623,2006-04-15,comment_derived_percent_bleaching
8624,2006-04-15,comment_derived_percent_bleaching
8625,2006-04-15,comment_derived_percent_bleaching
8626,2006-04-15,comment_derived_percent_bleaching
8630,2006-07-15,comment_derived_percent_bleaching
8643,2005-10-15,comment_derived_percent_bleaching
8668,2006-05-15,comment_derived_percent_bleaching
8669,1999-05-15,comment_derived_percent_bleaching
8670,2002-05-15,comment_derived_percent_bleaching
8671,1999-05-15,comment_derived_percent_bleaching
8672,1999-05-15,comment_derived_percent_bleaching
8673,1998-09-15,comment_derived_percent_bleaching
8673,1999-05-15,comment_derived_percent_bleaching
8686,1998-05-15,comment_derived_percent_bleaching
8686,2001-07-15,comment_derived_percent_bleaching
8737,2009-07-15,comment_derived_percent_bleaching
8742,1998-06-15,comment_derived_percent_bleaching
8800,2003-07-15,comment_derived_percent_bleaching
8801,1987-07-15,comment_derived_percent_bleaching
8802,1987-07-15,comment_derived_percent_bleaching
8803,1998-07-15,comment_derived_percent_bleaching
8805,2001-07-15,comment_derived_percent_bleaching
8810,1987-07-15,comment_derived_percent_bleaching
8816,2008-09-15,comment_derived_percent_bleaching
8820,2005-09-15,comment_derived_percent_bleaching
8848,2005-08-15,comment_derived_percent_bleaching
8849,2005-08-15,comment_derived_percent_bleaching
8854,2005-11-15,comment_derived_percent_bleaching
8858,2005-08-15,comment_derived_percent_bleaching
8859,2005-08-15,comment_derived_percent_bleaching
8860,2005-08-15,comment_derived_percent_bleaching
8861,2006-08-15,comment_derived_percent_bleaching
8862,2005-08-15,comment_derived_percent_bleaching
8863,2005-08-15,comment_derived_percent_bleaching
8864,2006-08-15,comment_derived_percent_bleaching
8865,2005-08-15,comment_derived_percent_bleaching
8866,2006-08-15,comment_derived_percent_bleaching
8867,2005-08-15,comment_derived_percent_bleaching
8868,2005-08-15,comment_derived_percent_bleaching
8869,2006-08-15,comment_derived_percent_bleaching
8870,2005-08-15,comment_derived_percent_bleaching
8871,2005-08-15,comment_derived_percent_bleaching
8872,2006-08-15,comment_derived_percent_bleaching
8873,2005-08-15,comment_derived_percent_bleaching
8874,2005-08-15,comment_derived_percent_bleaching
8875,2005-08-15,comment_derived_percent_bleaching
8876,1998-08-15,comment_derived_percent_bleaching
8877,1998-08-15,comment_derived_percent_bleaching
8878,1998-08-15,comment_derived_percent_bleaching
8879,2000-08-15,comment_derived_percent_bleaching
8880,1998-08-15,comment_derived_percent_bleaching
8880,2001-08-15,comment_derived_percent_bleaching
8881,2001-08-15,comment_derived_percent_bleaching
8883,2003-08-15,comment_derived_percent_bleaching
8884,2005-08-15,comment_derived_percent_bleaching
8942,1998-08-15,comment_derived_percent_bleaching
8943,1997-08-15,comment_derived_percent_bleaching
8944,1997-08-15,comment_derived_percent_bleaching
8945,1998-08-15,comment_derived_percent_bleaching
8946,1998-08-15,comment_derived_percent_bleaching
8947,1998-08-15,comment_derived_percent_bleaching
8949,2005-08-15,comment_derived_percent_bleaching
8950,2005-08-15,comment_derived_percent_bleaching
8951,2005-08-15,comment_derived_percent_bleaching
8981,1986-08-15,comment_derived_percent_bleaching
8982,1998-08-15,comment_derived_percent_bleaching
8983,1998-08-15,comment_derived_percent_bleaching
8984,1998-08-15,comment_derived_percent_bleaching
8985,2001-08-15,comment_derived_percent_bleaching
8986,2005-08-15,comment_derived_percent_bleaching
8993,2002-09-15,comment_derived_percent_bleaching
8993,2002-10-15,comment_derived_percent_bleaching
8994,2003-09-15,comment_derived_percent_bleaching
8995,2003-09-15,comment_derived_percent_bleaching
8996,1987-09-15,comment_derived_percent_bleaching
9039,2006-09-15,comment_derived_percent_bleaching
9040,2006-09-15,comment_derived_percent_bleaching
9041,2005-09-15,comment_derived_percent_bleaching
9042,2006-09-15,comment_derived_percent_bleaching
9043,2006-09-15,comment_derived_percent_bleaching
9044,2006-09-15,comment_derived_percent_bleaching
9045,2006-09-15,comment_derived_percent_bleaching
9046,2006-09-15,comment_derived_percent_bleaching
9047,2006-09-15,comment_derived_percent_bleaching
9048,2006-09-15,comment_derived_percent_bleaching
9049,2006-09-15,comment_derived_percent_bleaching
9050,2006-09-15,comment_derived_percent_bleaching
9051,2005-09-15,comment_derived_percent_bleaching
9052,2006-09-15,comment_derived_percent_bleaching
9053,2006-09-15,comment_derived_percent_bleaching
9054,2006-09-15,comment_derived_percent_bleaching
9055,2006-09-15,comment_derived_percent_bleaching
9056,2006-09-15,comment_derived_percent_bleaching
9057,2006-09-15,comment_derived_percent_bleaching
9058,2006-09-15,comment_derived_percent_bleaching
9059,2006-09-15,comment_derived_percent_bleaching
9060,2006-09-15,comment_derived_percent_bleaching
9061,2006-09-15,comment_derived_percent_bleaching
9062,2006-09-15,comment_derived_percent_bleaching
9063,2005-09-15,comment_derived_percent_bleaching
9074,1998-09-15,comment_derived_percent_bleaching
9075,1998-09-15,comment_derived_percent_bleaching
9076,1999-09-15,comment_derived_percent_bleaching
9077,1999-09-15,comment_derived_percent_bleaching
9078,1999-09-15,comment_derived_percent_bleaching
9079,1999-09-15,comment_derived_percent_bleaching
9147,2005-09-15,comment_derived_percent_bleaching
9148,2005-09-15,comment_derived_percent_bleaching
9149,1998-09-15,comment_derived_percent_bleaching
9150,1998-09-15,comment_derived_percent_bleaching
9151,1998-09-15,comment_derived_percent_bleaching
9152,1998-09-15,comment_derived_percent_bleaching
9153,1998-09-15,comment_derived_percent_bleaching
9154,1998-09-15,comment_derived_percent_bleaching
9155,2002-09-15,comment_derived_percent_bleaching
9156,2002-09-15,comment_derived_percent_bleaching
9157,2005-09-15,comment_derived_percent_bleaching
9158,2005-09-15,comment_derived_percent_bleaching
9159,2006-09-15,comment_derived_percent_bleaching
9173,2005-09-15,comment_derived_percent_bleaching
9197,1997-09-15,comment_derived_percent_bleaching
9198,1998-09-15,comment_derived_percent_bleaching
9218,1993-10-15,comment_derived_percent_bleaching
9235,2004-10-15,comment_derived_percent_bleaching
9236,2004-10-15,comment_derived_percent_bleaching
9237,2005-10-15,comment_derived_percent_bleaching
9238,2005-10-15,comment_derived_percent_bleaching
9239,2005-10-15,comment_derived_percent_bleaching
9240,2005-10-15,comment_derived_percent_bleaching
9241,2004-10-15,comment_derived_percent_bleaching
9242,2004-10-15,comment_derived_percent_bleaching
9243,2010-10-15,comment_derived_percent_bleaching
9266,2005-10-15,comment_derived_percent_bleaching
9291,2005-10-15,comment_derived_percent_bleaching
9292,2000-10-15,comment_derived_percent_bleaching
9293,2001-10-15,comment_derived_percent_bleaching
9294,2001-10-15,comment_derived_percent_bleaching
9295,2003-10-15,comment_derived_percent_bleaching
9296,2005-10-15,comment_derived_percent_bleaching
9297,2005-10-15,comment_derived_percent_bleaching
9338,2003-11-15,comment_derived_percent_bleaching
9347,2003-11-15,comment_derived_percent_bleaching
9369,2005-12-15,comment_derived_percent_bleaching
9370,2005-12-15,comment_derived_percent_bleaching
9542,2005-12-15,comment_derived_percent_bleaching
9542,2006-01-15,comment_derived_percent_bleaching
9542,2006-05-15,comment_derived_percent_bleaching
9545,2005-10-15,comment_derived_percent_bleaching
9563,1987-11-15,comment_derived_percent_bleaching
9564,1987-11-15,comment_derived_percent_bleaching
9565,2010-11-15,comment_derived_percent_bleaching
9566,1987-12-15,comment_derived_percent_bleaching
9568,2005-12-15,comment_derived_percent_bleaching
9570,1987-12-15,comment_derived_percent_bleaching
9608,2010-05-15,comment_derived_percent_bleaching
9609,2010-05-15,comment_derived_percent_bleaching
9610,2010-05-15,comment_derived_percent_bleaching
9611,2010-05-15,comment_derived_percent_bleaching
9687,1998-07-15,comment_derived_percent_bleaching
9688,1998-07-15,comment_derived_percent_bleaching
9689,1998-07-15,comment_derived_percent_bleaching
9690,1998-10-15,comment_derived_percent_bleaching
9794,1998-03-15,comment_derived_percent_bleaching
9795,1998-03-15,comment_derived_percent_bleaching
9795,2002-02-15,comment_derived_percent_bleaching
9796,1998-02-15,comment_derived_percent_bleaching
9796,1998-03-15,comment_derived_percent_bleaching
9796,2002-02-15,comment_derived_percent_bleaching
9797,1998-03-15,comment_derived_percent_bleaching
9798,1998-02-15,comment_derived_percent_bleaching
9799,1998-02-15,comment_derived_percent_bleaching
9799,2002-02-15,comment_derived_percent_bleaching
9800,1998-02-15,comment_derived_percent_bleaching
9800,2002-02-15,comment_derived_percent_bleaching
9801,1998-03-15,comment_derived_percent_bleaching
9802,1998-03-15,comment_derived_percent_bleaching
9803,1997-08-15,comment_derived_percent_bleaching
9803,1998-08-15,comment_derived_percent_bleaching
9804,1997-08-15,comment_derived_percent_bleaching
9804,1998-08-15,comment_derived_percent_bleaching
9804,2005-08-15,comment_derived_percent_bleaching
9805,1998-01-15,comment_derived_percent_bleaching
9806,1998-01-15,comment_derived_percent_bleaching
9807,1998-03-15,comment_derived_percent_bleaching
9808,1998-03-15,comment_derived_percent_bleaching
9809,1998-03-15,comment_derived_percent_bleaching
9810,1998-03-15,comment_derived_percent_bleaching
9811,1998-03-15,comment_derived_percent_bleaching
9812,1998-03-15,comment_derived_percent_bleaching
9813,1998-03-15,comment_derived_percent_bleaching
9814,1998-03-15,comment_derived_percent_bleaching
9815,1998-03-15,comment_derived_percent_bleaching
9816,1998-03-15,comment_derived_percent_bleaching
9818,1998-03-15,comment_derived_percent_bleaching
9818,2002-02-15,comment_derived_percent_bleaching
9818,2011-05-23,comment_derived_percent_bleaching
9819,1998-03-15,comment_derived_percent_bleaching
9820,1998-03-15,comment_derived_percent_bleaching
9821,1998-04-15,comment_derived_percent_bleaching
9821,1998-05-11,comment_derived_percent_bleaching
9822,2004-08-15,comment_derived_percent_bleaching
9822,2005-08-15,comment_derived_percent_bleaching
9823,2005-08-15,comment_derived_percent_bleaching
9824,2009-10-15,comment_derived_percent_bleaching
9825,2009-10-15,comment_derived_percent_bleaching
9826,2009-07-15,comment_derived_percent_bleaching
9826,2009-10-15,comment_derived_percent_bleaching
9827,2009-07-15,comment_derived_percent_bleaching
9827,2009-10-15,comment_derived_percent_bleaching
9828,2009-10-15,comment_derived_percent_bleaching
9829,2009-10-15,comment_derived_percent_bleaching
9830,2009-10-15,comment_derived_percent_bleaching
9831,2010-09-15,comment_derived_percent_bleaching
9832,2011-05-23,comment_derived_percent_bleaching
9834,2011-05-23,comment_derived_percent_bleaching
10234,1998-03-15,comment_derived_percent_bleaching
10234,2006-02-25,comment_derived_percent_bleaching
