site_id,date,sample_row_count,unique_percent_bleaching_values,observed_percent_bleaching_min,observed_percent_bleaching_max,label_is_comment_derived,provenance_sources,provenance_sample_ids
1010,2006-05-15,3,3,1.0,5.5,True,"[""Donner""]","[""10323253"", ""10323254"", ""10323255""]"
1016,2005-05-15,2,2,5.5,40.5,True,"[""Donner""]","[""10323261"", ""10323262""]"
10189,2016-04-12,3,2,49.72,55.37,False,"[""McClanahan""]","[""10290452"", ""10290453""]"
10189,2016-05-19,3,2,28.35,42.04,False,"[""McClanahan""]","[""10290455"", ""10290456""]"
1044,2012-01-08,4,2,6.25,10.0,False,"[""Reef_Check""]","[""10315118"", ""10315125""]"
1050,2009-10-23,4,2,0.25,0.5,False,"[""Reef_Check""]","[""10315098"", ""10315099""]"
1051,2013-09-29,4,2,0.5,1.0,False,"[""Reef_Check""]","[""10314890"", ""10314891""]"
1065,2016-02-28,6,2,5.5,45.0,False,"[""Reef_Check""]","[""10309602"", ""10309604"", ""10309605""]"
1066,2016-02-24,4,2,2.25,11.25,False,"[""Reef_Check""]","[""10309607"", ""10309608""]"
1068,2006-05-01,4,2,0.0,1.5,False,"[""Reef_Check""]","[""10314063"", ""10314065""]"
1073,2006-04-29,4,2,0.75,1.25,False,"[""Reef_Check""]","[""10314100"", ""10314105""]"
1073,2010-04-18,4,2,1.5,4.25,False,"[""Reef_Check""]","[""10314103"", ""10314104""]"
1074,2005-10-15,6,2,0.0,5.0,False,"[""Reef_Check""]","[""10313941"", ""10313946"", ""10313947""]"
1074,2006-02-19,6,3,3.25,7.5,False,"[""Reef_Check""]","[""10313942"", ""10313943"", ""10313948""]"
1074,2006-10-15,6,3,0.0,1.25,False,"[""Reef_Check""]","[""10313939"", ""10313944"", ""10313949""]"
1074,2007-07-15,6,2,0.0,1.25,False,"[""Reef_Check""]","[""10313940"", ""10313945"", ""10313950""]"
1084,2003-04-23,4,2,0.25,0.75,False,"[""Reef_Check""]","[""10314023"", ""10314025""]"
1086,2006-09-24,4,2,0.0,25.0,False,"[""Reef_Check""]","[""10313915"", ""10313916""]"
1094,2005-09-19,6,3,0.25,1.0,False,"[""Reef_Check""]","[""10313886"", ""10313888"", ""10313889""]"
1094,2005-09-20,4,2,0.0,1.5,False,"[""Reef_Check""]","[""10313880"", ""10313881""]"
1095,2005-09-23,6,3,0.0,1.0,False,"[""Reef_Check""]","[""10313848"", ""10313850"", ""10313851""]"
1096,2006-04-17,4,2,1.25,1.75,False,"[""Reef_Check""]","[""10313849"", ""10313853""]"
1099,2005-09-22,12,3,0.25,1.0,False,"[""Reef_Check""]","[""10313855"", ""10313856"", ""10313858"", ""10313859"", ""10313860"", ""10313861""]"
1106,2009-04-18,4,2,1.0,3.25,False,"[""Reef_Check""]","[""10313812"", ""10313813""]"
1155,2005-10-10,4,2,0.25,0.5,False,"[""Reef_Check""]","[""10308780"", ""10308784""]"
1156,2005-10-12,4,2,0.25,0.5,False,"[""Reef_Check""]","[""10308785"", ""10308794""]"
1156,2007-09-23,4,2,0.0,0.25,False,"[""Reef_Check""]","[""10308786"", ""10308787""]"
116,2005-03-05,4,2,0.25,1.0,False,"[""Reef_Check""]","[""10313566"", ""10313568""]"
116,2006-03-04,4,2,5.0,11.25,False,"[""Reef_Check""]","[""10313559"", ""10313569""]"
116,2009-04-11,4,2,0.0,40.0,False,"[""Reef_Check""]","[""10313561"", ""10313570""]"
116,2010-02-07,4,2,4.5,8.0,False,"[""Reef_Check""]","[""10313562"", ""10313571""]"
116,2015-08-02,4,2,2.0,3.0,False,"[""Reef_Check""]","[""10313564"", ""10313572""]"
116,2017-05-01,4,2,35.0,65.0,False,"[""Reef_Check""]","[""10313565"", ""10313567""]"
12,2004-04-25,4,2,1.0,3.0,False,"[""Reef_Check""]","[""10314038"", ""10314039""]"
12,2006-03-25,4,2,2.0,4.75,False,"[""Reef_Check""]","[""10314042"", ""10314043""]"
12068,2005-09-27,2,2,7.94,10.0,False,"[""FRRP""]","[""10274583"", ""10274584""]"
121,1998-03-15,2,2,5.5,55.0,True,"[""Donner""]","[""10322137"", ""10322138""]"
123,2004-05-22,4,2,0.0,0.02,False,"[""Reef_Check""]","[""10313497"", ""10313498""]"
123,2010-02-03,4,2,0.0,2.0,False,"[""Reef_Check""]","[""10313502"", ""10313503""]"
123,2011-03-26,4,2,5.0,6.5,False,"[""Reef_Check""]","[""10313504"", ""10313505""]"
1231,2008-05-13,4,2,30.0,33.75,False,"[""Reef_Check""]","[""10319879"", ""10319880""]"
1243,1999-08-15,2,2,1.94,9.68,False,"[""Donner""]","[""10323337"", ""10323338""]"
1251,1998-08-15,3,3,6.38,9.52,False,"[""Donner""]","[""10323346"", ""10323347"", ""10323348""]"
1292,2004-03-22,3,2,0.0,0.25,False,"[""Reef_Check""]","[""10319703"", ""10319704""]"
12952,2010-08-16,2,2,3.7,6.99,False,"[""FRRP""]","[""10275446"", ""10275447""]"
1311,2012-02-01,4,2,5.0,10.0,False,"[""Reef_Check""]","[""10320107"", ""10320108""]"
1322,1987-09-15,2,2,30.5,41.1,True,"[""Donner""]","[""10323391"", ""10323392""]"
133,2006-03-15,2,2,1.5,5.5,True,"[""Donner""]","[""10322140"", ""10322141""]"
1331,2005-10-15,11,8,5.5,75.0,True,"[""Donner""]","[""10323403"", ""10323404"", ""10323405"", ""10323406"", ""10323407"", ""10323408"", ""10323409"", ""10323410"", ""10323411"", ""10323412"", ""10323413""]"
1333,2005-10-15,12,10,5.5,42.9,True,"[""Donner""]","[""10323415"", ""10323416"", ""10323417"", ""10323418"", ""10323421"", ""10323422"", ""10323423"", ""10323424"", ""10323425"", ""10323426"", ""10323427"", ""10323428""]"
1339,2005-10-15,7,7,8.3,83.3,True,"[""Donner""]","[""10323436"", ""10323437"", ""10323438"", ""10323439"", ""10323440"", ""10323441"", ""10323442""]"
1340,2005-10-15,12,11,18.2,75.8,False,"[""Donner""]","[""10323443"", ""10323444"", ""10323445"", ""10323446"", ""10323447"", ""10323448"", ""10323449"", ""10323450"", ""10323451"", ""10323452"", ""10323453"", ""10323454""]"
1341,2005-10-15,7,6,41.7,75.0,True,"[""Donner""]","[""10323455"", ""10323456"", ""10323457"", ""10323458"", ""10323459"", ""10323460"", ""10323461""]"
1421,1999-05-15,4,4,1.54,38.89,False,"[""Donner""]","[""10323507"", ""10323508"", ""10323509"", ""10323510""]"
1422,1999-05-15,2,2,5.5,6.95,True,"[""Donner""]","[""10323511"", ""10323512""]"
1485,2004-08-12,4,2,1.5,7.5,False,"[""Reef_Check""]","[""10320973"", ""10320974""]"
150,2005-03-14,4,2,0.1,0.5,False,"[""Reef_Check""]","[""10313894"", ""10313895""]"
1501,2004-08-09,4,2,10.0,11.25,False,"[""Reef_Check""]","[""10320553"", ""10320554""]"
1508,2005-09-22,4,2,6.25,8.75,False,"[""Reef_Check""]","[""10320971"", ""10320972""]"
1516,2005-09-21,4,2,6.75,45.0,False,"[""Reef_Check""]","[""10320961"", ""10320962""]"
1517,2004-08-04,4,2,0.0,3.5,False,"[""Reef_Check""]","[""10320916"", ""10320920""]"
1517,2006-08-29,4,2,0.0,0.75,False,"[""Reef_Check""]","[""10320919"", ""10320922""]"
1517,2007-05-29,4,2,0.0,0.75,False,"[""Reef_Check""]","[""10320917"", ""10320918""]"
1521,2006-08-29,4,2,0.0,2.75,False,"[""Reef_Check""]","[""10320899"", ""10320900""]"
1523,2006-08-29,4,2,0.0,3.25,False,"[""Reef_Check""]","[""10320896"", ""10320897""]"
1523,2007-05-27,4,2,0.0,1.0,False,"[""Reef_Check""]","[""10320894"", ""10320895""]"
1526,2006-08-29,4,2,0.0,0.5,False,"[""Reef_Check""]","[""10320890"", ""10320891""]"
1526,2007-05-19,4,2,0.0,2.0,False,"[""Reef_Check""]","[""10320892"", ""10320893""]"
1527,2005-09-15,2,2,5.0,45.0,False,"[""Donner""]","[""10323561"", ""10323562""]"
1528,2007-05-20,4,2,0.0,0.25,False,"[""Reef_Check""]","[""10320886"", ""10320887""]"
1529,2006-08-31,4,2,0.0,2.25,False,"[""Reef_Check""]","[""10320884"", ""10320885""]"
1532,2006-08-23,4,2,0.0,1.5,False,"[""Reef_Check""]","[""10320875"", ""10320876""]"
1533,2006-08-31,4,2,0.0,2.25,False,"[""Reef_Check""]","[""10320878"", ""10320879""]"
1533,2007-05-17,4,2,0.0,0.5,False,"[""Reef_Check""]","[""10320880"", ""10320881""]"
1535,2006-08-28,4,2,0.0,1.5,False,"[""Reef_Check""]","[""10320863"", ""10320864""]"
1535,2007-05-16,4,2,0.0,0.25,False,"[""Reef_Check""]","[""10320865"", ""10320866""]"
1536,2005-09-15,2,2,6.3,8.8,False,"[""Donner""]","[""10323563"", ""10323564""]"
1538,2005-09-15,2,2,6.8,45.0,False,"[""Donner""]","[""10323565"", ""10323566""]"
1540,2006-08-28,4,2,0.25,5.0,False,"[""Reef_Check""]","[""10320859"", ""10320861""]"
1540,2007-05-16,4,2,0.0,1.25,False,"[""Reef_Check""]","[""10320860"", ""10320862""]"
1543,2005-09-13,4,2,5.0,45.0,False,"[""Reef_Check""]","[""10320850"", ""10320851""]"
1543,2006-08-28,4,2,0.0,6.75,False,"[""Reef_Check""]","[""10320847"", ""10320848""]"
1543,2007-05-17,4,2,0.0,0.75,False,"[""Reef_Check""]","[""10320849"", ""10320852""]"
15437,2019-03-28,4,2,0.75,22.5,False,"[""Reef_Check""]","[""10310090"", ""10310091""]"
15460,2018-09-13,4,2,20.0,60.0,False,"[""Reef_Check""]","[""10310534"", ""10310535""]"
15467,2005-08-25,4,2,0.75,3.5,False,"[""Reef_Check""]","[""10315294"", ""10315295""]"
15468,2005-08-23,4,2,0.0,0.25,False,"[""Reef_Check""]","[""10315292"", ""10315293""]"
15470,2005-09-02,4,2,0.25,0.75,False,"[""Reef_Check""]","[""10315289"", ""10315290""]"
15471,2005-08-31,4,2,0.0,17.0,False,"[""Reef_Check""]","[""10315286"", ""10315287""]"
15472,2005-09-03,4,2,0.02,1.25,False,"[""Reef_Check""]","[""10315284"", ""10315285""]"
15473,2005-08-25,4,2,3.5,5.0,False,"[""Reef_Check""]","[""10315282"", ""10315283""]"
15475,2005-08-24,4,2,0.0,1.0,False,"[""Reef_Check""]","[""10315278"", ""10315279""]"
15493,2014-02-22,4,2,10.0,25.0,False,"[""Reef_Check""]","[""10316522"", ""10316523""]"
15493,2019-03-18,4,2,0.0,0.25,False,"[""Reef_Check""]","[""10316520"", ""10316521""]"
15496,2019-06-29,4,2,1.0,5.0,False,"[""Reef_Check""]","[""10317881"", ""10317882""]"
15503,2019-11-12,2,2,22.5,33.75,False,"[""Reef_Check""]","[""10310172"", ""10310174""]"
15503,2019-12-07,4,2,28.75,65.0,False,"[""Reef_Check""]","[""10310168"", ""10310169""]"
15504,2019-11-13,4,2,4.0,4.5,False,"[""Reef_Check""]","[""10310175"", ""10310176""]"
15511,2019-08-28,4,2,0.25,1.25,False,"[""Reef_Check""]","[""10310085"", ""10310086""]"
15523,2018-10-06,4,2,0.0,0.75,False,"[""Reef_Check""]","[""10313355"", ""10313356""]"
15524,2019-12-30,4,2,0.0,2.0,False,"[""Reef_Check""]","[""10313202"", ""10313203""]"
15538,2019-10-13,4,2,0.0,4.0,False,"[""Reef_Check""]","[""10313351"", ""10313352""]"
15541,2019-08-23,4,2,0.0,3.0,False,"[""Reef_Check""]","[""10313374"", ""10313375""]"
15559,2019-09-10,4,2,1.0,31.25,False,"[""Reef_Check""]","[""10319721"", ""10319722""]"
15561,2018-05-18,4,2,0.0,3.25,False,"[""Reef_Check""]","[""10319796"", ""10319797""]"
15562,2018-05-18,4,2,0.0,1.75,False,"[""Reef_Check""]","[""10319793"", ""10319794""]"
15563,2018-05-19,4,2,0.0,0.75,False,"[""Reef_Check""]","[""10319805"", ""10319806""]"
15564,2018-07-26,4,2,0.0,1.5,False,"[""Reef_Check""]","[""10319553"", ""10319554""]"
15565,2018-09-12,4,2,2.25,4.5,False,"[""Reef_Check""]","[""10319555"", ""10319556""]"
15566,2018-05-17,4,2,0.0,1.0,False,"[""Reef_Check""]","[""10319781"", ""10319782""]"
15567,2017-05-11,4,2,3.75,5.0,False,"[""Reef_Check""]","[""10319570"", ""10319571""]"
15568,2019-09-12,4,2,0.25,0.75,False,"[""Reef_Check""]","[""10319708"", ""10319709""]"
15569,2018-05-19,4,2,0.5,1.0,False,"[""Reef_Check""]","[""10319716"", ""10319717""]"
15573,2019-09-11,4,2,0.0,2.0,False,"[""Reef_Check""]","[""10319767"", ""10319768""]"
15575,2017-05-10,4,2,0.75,3.75,False,"[""Reef_Check""]","[""10319606"", ""10319607""]"
15576,2019-09-11,4,2,1.0,3.25,False,"[""Reef_Check""]","[""10319706"", ""10319707""]"
15577,2019-05-09,4,2,0.0,0.1,False,"[""Reef_Check""]","[""10319468"", ""10319469""]"
15579,2019-09-10,4,2,0.25,2.5,False,"[""Reef_Check""]","[""10319765"", ""10319766""]"
15581,2018-05-21,4,2,0.0,1.75,False,"[""Reef_Check""]","[""10319773"", ""10319774""]"
15581,2019-05-11,4,2,4.3,6.75,False,"[""Reef_Check""]","[""10319771"", ""10319772""]"
15582,2019-05-11,4,2,0.0,0.65,False,"[""Reef_Check""]","[""10319755"", ""10319756""]"
15583,2019-09-09,4,2,0.5,2.0,False,"[""Reef_Check""]","[""10319762"", ""10319763""]"
15584,2018-05-16,4,2,0.0,1.0,False,"[""Reef_Check""]","[""10319753"", ""10319754""]"
15585,2017-05-12,4,2,1.75,5.0,False,"[""Reef_Check""]","[""10319568"", ""10319569""]"
15586,2019-05-08,4,2,0.1,0.4,False,"[""Reef_Check""]","[""10319563"", ""10319564""]"
15587,2019-05-09,4,2,0.3,2.5,False,"[""Reef_Check""]","[""10319604"", ""10319605""]"
15588,2017-05-13,4,2,0.0,1.0,False,"[""Reef_Check""]","[""10319585"", ""10319586""]"
15591,2019-05-07,4,2,2.4,3.4,False,"[""Reef_Check""]","[""10319572"", ""10319573""]"
15593,2018-05-16,4,2,0.0,1.75,False,"[""Reef_Check""]","[""10319760"", ""10319761""]"
15604,2018-09-08,4,2,0.0,1.0,False,"[""Reef_Check""]","[""10311249"", ""10311250""]"
15613,2018-08-09,4,2,0.0,0.25,False,"[""Reef_Check""]","[""10319719"", ""10319720""]"
15629,2017-04-23,4,2,1.5,2.25,False,"[""Reef_Check""]","[""10310700"", ""10310701""]"
15631,2017-04-21,4,2,1.0,1.25,False,"[""Reef_Check""]","[""10310680"", ""10310681""]"
15635,2017-04-22,4,2,0.0,3.25,False,"[""Reef_Check""]","[""10310723"", ""10310724""]"
15636,2017-04-30,4,2,1.75,2.75,False,"[""Reef_Check""]","[""10310737"", ""10310738""]"
15637,2017-05-01,4,2,0.75,3.5,False,"[""Reef_Check""]","[""10310599"", ""10310600""]"
15638,2017-04-22,4,2,1.5,6.0,False,"[""Reef_Check""]","[""10310714"", ""10310715""]"
15639,2017-04-30,4,2,0.0,1.25,False,"[""Reef_Check""]","[""10310690"", ""10310691""]"
15641,2017-04-29,4,2,0.0,1.25,False,"[""Reef_Check""]","[""10310725"", ""10310726""]"
15643,2017-04-24,4,2,0.0,3.25,False,"[""Reef_Check""]","[""10310716"", ""10310717""]"
15647,2017-05-04,4,2,0.25,0.5,False,"[""Reef_Check""]","[""10310663"", ""10310664""]"
15649,2017-05-03,4,2,0.5,1.5,False,"[""Reef_Check""]","[""10310721"", ""10310722""]"
15656,2017-05-05,4,2,0.75,4.0,False,"[""Reef_Check""]","[""10310686"", ""10310687""]"
15657,2019-07-18,4,2,0.25,1.25,False,"[""Reef_Check""]","[""10321387"", ""10321390""]"
15657,2019-11-07,4,2,0.0,3.0,False,"[""Reef_Check""]","[""10321388"", ""10321389""]"
15669,2019-03-12,4,2,0.0,2.5,False,"[""Reef_Check""]","[""10311651"", ""10311652""]"
15669,2019-06-19,4,2,0.0,2.5,False,"[""Reef_Check""]","[""10311649"", ""10311650""]"
15726,2018-07-01,4,2,0.0,0.25,False,"[""Reef_Check""]","[""10312084"", ""10312086""]"
15734,2019-12-16,4,2,0.5,1.25,False,"[""Reef_Check""]","[""10317244"", ""10317245""]"
15735,2020-01-24,4,2,0.0,0.75,False,"[""Reef_Check""]","[""10316975"", ""10316976""]"
1576,2005-10-15,24,18,1.0,100.0,True,"[""Donner""]","[""10323601"", ""10323602"", ""10323605"", ""10323606"", ""10323607"", ""10323608"", ""10323609"", ""10323610"", ""10323611"", ""10323612"", ""10323613"", ""10323622"", ""10323628"", ""10323634"", ""10323635"", ""10323636"", ""10323637"", ""10323638"", ""10323639"", ""10323640"", ""10323641"", ""10323642"", ""10323643""]"
1577,2005-10-15,6,6,1.4,25.0,True,"[""Donner""]","[""10323644"", ""10323645"", ""10323646"", ""10323647"", ""10323648"", ""10323649""]"
1578,2005-10-15,5,5,5.5,28.6,True,"[""Donner""]","[""10323651"", ""10323654"", ""10323655"", ""10323656"", ""10323657""]"
1579,2005-10-15,8,8,2.4,65.0,True,"[""Donner""]","[""10323658"", ""10323659"", ""10323660"", ""10323661"", ""10323662"", ""10323663"", ""10323664"", ""10323665""]"
1580,2005-10-15,7,7,4.0,60.0,True,"[""Donner""]","[""10323666"", ""10323667"", ""10323668"", ""10323669"", ""10323670"", ""10323671"", ""10323672""]"
1581,2005-10-15,13,10,0.3,46.7,True,"[""Donner""]","[""10323673"", ""10323674"", ""10323675"", ""10323676"", ""10323677"", ""10323678"", ""10323679"", ""10323680"", ""10323681"", ""10323682"", ""10323683"", ""10323684"", ""10323685""]"
1589,2005-10-15,5,5,2.0,16.7,True,"[""Donner""]","[""10323694"", ""10323695"", ""10323696"", ""10323698"", ""10323699""]"
1590,2005-10-15,7,7,0.4,55.0,True,"[""Donner""]","[""10323700"", ""10323701"", ""10323702"", ""10323703"", ""10323704"", ""10323705"", ""10323706""]"
1591,2005-10-15,3,3,15.4,20.0,False,"[""Donner""]","[""10323707"", ""10323708"", ""10323709""]"
1596,2005-10-15,8,8,1.5,77.0,False,"[""Donner""]","[""10323714"", ""10323715"", ""10323716"", ""10323717"", ""10323718"", ""10323719"", ""10323720"", ""10323721""]"
1598,2005-10-15,7,7,5.0,70.0,False,"[""Donner""]","[""10323723"", ""10323724"", ""10323725"", ""10323726"", ""10323727"", ""10323728"", ""10323729""]"
16,2005-09-21,6,2,0.0,0.25,False,"[""Reef_Check""]","[""10313869"", ""10313872"", ""10313874""]"
1600,2005-10-15,9,8,0.7,30.0,False,"[""Donner""]","[""10323732"", ""10323733"", ""10323734"", ""10323735"", ""10323736"", ""10323737"", ""10323738"", ""10323739"", ""10323740""]"
1601,2005-10-15,7,6,0.8,27.2,False,"[""Donner""]","[""10323741"", ""10323742"", ""10323743"", ""10323744"", ""10323745"", ""10323746"", ""10323747""]"
1602,2005-11-15,20,9,1.0,8.0,True,"[""Donner""]","[""10323748"", ""10323749"", ""10323750"", ""10323751"", ""10323755"", ""10323756"", ""10323757"", ""10323758"", ""10323759"", ""10323760"", ""10323761"", ""10323764"", ""10323765"", ""10323766"", ""10323767"", ""10323768"", ""10323769"", ""10323770"", ""10323773"", ""10323784""]"
164,2006-03-15,2,2,5.5,40.0,True,"[""Donner""]","[""10322150"", ""10322151""]"
167,2015-11-22,4,2,1.0,3.0,False,"[""Reef_Check""]","[""10314954"", ""10314960""]"
175,2015-11-01,4,2,4.25,5.5,False,"[""Reef_Check""]","[""10315041"", ""10315042""]"
179,2015-11-01,4,2,30.0,35.0,False,"[""Reef_Check""]","[""10315024"", ""10315025""]"
1790,2006-01-15,2,2,20.0,59.4,False,"[""Donner""]","[""10323856"", ""10323857""]"
1791,2006-01-15,2,2,40.0,67.1,False,"[""Donner""]","[""10323858"", ""10323859""]"
1792,2006-01-15,2,2,40.0,46.6,False,"[""Donner""]","[""10323860"", ""10323861""]"
1793,2006-01-15,2,2,40.0,71.6,False,"[""Donner""]","[""10323862"", ""10323863""]"
1794,2006-01-15,2,2,40.0,50.9,False,"[""Donner""]","[""10323865"", ""10323866""]"
1795,2006-01-15,2,2,40.0,70.4,False,"[""Donner""]","[""10323867"", ""10323868""]"
1796,2006-01-15,2,2,40.0,59.5,False,"[""Donner""]","[""10323870"", ""10323871""]"
1799,2005-05-03,4,2,0.0,0.25,False,"[""Reef_Check""]","[""10318896"", ""10318897""]"
1799,2006-04-09,4,2,57.5,58.75,False,"[""Reef_Check""]","[""10318895"", ""10318900""]"
1799,2007-05-16,4,2,0.0,90.0,False,"[""Reef_Check""]","[""10318903"", ""10318904""]"
1799,2010-05-19,4,2,0.25,8.0,False,"[""Reef_Check""]","[""10318911"", ""10318912""]"
1800,2005-12-16,4,2,38.75,55.0,False,"[""Reef_Check""]","[""10318916"", ""10318922""]"
1800,2006-04-09,4,2,42.5,53.75,False,"[""Reef_Check""]","[""10318920"", ""10318926""]"
1800,2007-05-15,4,2,0.0,66.88,False,"[""Reef_Check""]","[""10318918"", ""10318921""]"
1809,2005-05-04,4,2,0.0,0.25,False,"[""Reef_Check""]","[""10318860"", ""10318868""]"
1809,2005-12-15,4,2,48.75,73.75,False,"[""Reef_Check""]","[""10318861"", ""10318878""]"
1809,2006-04-22,4,2,28.75,53.75,False,"[""Reef_Check""]","[""10318862"", ""10318863""]"
1809,2007-05-25,4,2,0.0,11.0,False,"[""Reef_Check""]","[""10318867"", ""10318877""]"
1809,2010-05-18,4,2,0.0,20.0,False,"[""Reef_Check""]","[""10318872"", ""10318873""]"
1813,2005-06-30,4,2,0.0,12.5,False,"[""Reef_Check""]","[""10318940"", ""10318941""]"
1817,2003-06-25,4,2,0.0,0.5,False,"[""Reef_Check""]","[""10318883"", ""10318884""]"
1820,2005-05-05,4,2,0.0,0.25,False,"[""Reef_Check""]","[""10318973"", ""10318979""]"
1820,2005-12-13,4,2,47.5,48.75,False,"[""Reef_Check""]","[""10318974"", ""10318975""]"
1820,2006-04-11,4,2,36.25,38.75,False,"[""Reef_Check""]","[""10318976"", ""10318977""]"
1820,2006-05-24,4,2,25.0,42.5,False,"[""Reef_Check""]","[""10318978"", ""10318989""]"
1820,2007-05-17,4,2,0.0,79.5,False,"[""Reef_Check""]","[""10318972"", ""10318980""]"
1820,2009-05-13,4,2,2.0,3.75,False,"[""Reef_Check""]","[""10318983"", ""10318984""]"
1827,2005-10-15,2,2,5.5,95.0,True,"[""Donner""]","[""10323887"", ""10323888""]"
1828,2005-10-15,2,2,36.8,58.1,False,"[""Donner""]","[""10323890"", ""10323891""]"
1832,2005-12-15,2,2,47.5,48.8,False,"[""Donner""]","[""10323895"", ""10323896""]"
1833,2005-12-15,2,2,48.8,73.8,False,"[""Donner""]","[""10323897"", ""10323898""]"
2070,2007-06-15,4,4,6.0,27.0,False,"[""Donner""]","[""10324000"", ""10324001"", ""10324002"", ""10324003""]"
2175,2005-10-15,2,2,5.5,10.0,True,"[""Donner""]","[""10324006"", ""10324007""]"
2176,2005-08-15,3,3,0.5,75.0,True,"[""Donner""]","[""10324011"", ""10324012"", ""10324013""]"
2178,2005-08-15,2,2,25.0,35.0,False,"[""Donner""]","[""10324016"", ""10324017""]"
2180,2005-08-15,2,2,25.0,51.0,False,"[""Donner""]","[""10324020"", ""10324021""]"
2181,2005-08-15,3,3,5.5,85.0,True,"[""Donner""]","[""10324024"", ""10324025"", ""10324026""]"
221,2016-11-06,4,2,0.75,1.0,False,"[""Reef_Check""]","[""10315071"", ""10315074""]"
2218,2005-08-15,4,4,0.5,10.0,False,"[""Donner""]","[""10324037"", ""10324038"", ""10324039"", ""10324040""]"
2219,2005-08-15,5,5,0.5,20.0,True,"[""Donner""]","[""10324041"", ""10324042"", ""10324043"", ""10324044"", ""10324045""]"
2220,2005-08-15,2,2,1.0,75.0,True,"[""Donner""]","[""10324046"", ""10324047""]"
2221,2005-08-15,2,2,3.0,40.0,False,"[""Donner""]","[""10324048"", ""10324049""]"
2222,2005-08-15,2,2,5.0,30.0,False,"[""Donner""]","[""10324050"", ""10324051""]"
2223,2005-08-15,3,3,5.0,70.0,True,"[""Donner""]","[""10324052"", ""10324053"", ""10324054""]"
2224,2005-08-15,2,2,7.0,30.0,False,"[""Donner""]","[""10324055"", ""10324056""]"
2226,2005-09-15,2,2,1.0,2.5,False,"[""Donner""]","[""10324058"", ""10324059""]"
2227,2005-09-15,2,2,3.0,8.0,False,"[""Donner""]","[""10324060"", ""10324061""]"
2228,2005-09-15,2,2,1.0,3.0,False,"[""Donner""]","[""10324062"", ""10324063""]"
2231,2005-08-15,3,2,30.0,40.0,False,"[""Donner""]","[""10324067"", ""10324068"", ""10324069""]"
2232,2005-08-15,2,2,40.0,75.0,True,"[""Donner""]","[""10324070"", ""10324071""]"
2242,2005-09-15,2,2,1.0,2.0,False,"[""Donner""]","[""10324081"", ""10324082""]"
2244,2006-09-15,4,3,1.0,5.0,False,"[""Donner""]","[""10324084"", ""10324085"", ""10324086"", ""10324087""]"
2250,2005-09-15,2,2,1.5,2.0,False,"[""Donner""]","[""10324102"", ""10324103""]"
2257,2005-09-15,2,2,25.0,100.0,False,"[""Donner""]","[""10324111"", ""10324113""]"
227,2012-09-16,4,2,0.0,0.75,False,"[""Reef_Check""]","[""10314977"", ""10314982""]"
2281,2005-10-15,7,6,10.0,95.0,True,"[""Donner""]","[""10324132"", ""10324133"", ""10324134"", ""10324136"", ""10324137"", ""10324138"", ""10324140""]"
2332,2001-07-15,2,2,5.5,75.0,True,"[""Donner""]","[""10324190"", ""10324191""]"
239,2016-03-11,4,2,3.25,7.5,False,"[""Reef_Check""]","[""10314901"", ""10314905""]"
239,2017-01-28,4,2,0.25,0.75,False,"[""Reef_Check""]","[""10314903"", ""10314904""]"
2439,2001-03-15,2,2,1.71,1.82,False,"[""Donner""]","[""10324263"", ""10324264""]"
244,2014-05-24,4,2,1.75,4.25,False,"[""Reef_Check""]","[""10314907"", ""10314911""]"
244,2014-11-30,4,2,6.25,12.5,False,"[""Reef_Check""]","[""10314908"", ""10314917""]"
249,2016-11-04,4,2,0.75,1.0,False,"[""Reef_Check""]","[""10314878"", ""10314886""]"
2549,2001-08-15,2,2,1.3,2.82,False,"[""Donner""]","[""10324385"", ""10324386""]"
2614,2005-09-15,2,2,50.0,75.0,True,"[""Donner""]","[""10324460"", ""10324461""]"
2615,2005-09-15,3,3,24.4,42.9,False,"[""Donner""]","[""10324462"", ""10324463"", ""10324464""]"
2615,2005-12-15,3,3,17.7,21.8,False,"[""Donner""]","[""10324465"", ""10324466"", ""10324467""]"
2630,2005-07-26,4,2,5.25,15.0,False,"[""Reef_Check""]","[""10320513"", ""10320514""]"
2631,2004-05-07,4,2,0.25,1.0,False,"[""Reef_Check""]","[""10320549"", ""10320550""]"
2632,2004-06-08,4,2,1.5,4.0,False,"[""Reef_Check""]","[""10320515"", ""10320516""]"
2633,2004-06-21,4,2,2.5,3.5,False,"[""Reef_Check""]","[""10320446"", ""10320447""]"
2672,2008-04-28,4,2,0.0,0.75,False,"[""Reef_Check""]","[""10317768"", ""10317769""]"
2696,2005-10-15,2,2,80.7,96.0,False,"[""Donner""]","[""10324506"", ""10324507""]"
2696,2005-11-15,2,2,93.0,98.0,False,"[""Donner""]","[""10324509"", ""10324510""]"
2696,2006-10-15,2,2,5.5,32.0,True,"[""Donner""]","[""10324504"", ""10324505""]"
2710,2005-11-15,2,2,66.8,87.8,False,"[""Donner""]","[""10324523"", ""10324524""]"
2710,2006-11-15,2,2,21.0,39.0,False,"[""Donner""]","[""10324521"", ""10324522""]"
2719,2004-07-24,4,2,0.25,0.5,False,"[""Reef_Check""]","[""10319076"", ""10319077""]"
2741,2004-08-15,2,2,1.06,1.12,False,"[""Donner""]","[""10324549"", ""10324550""]"
2838,2004-11-15,4,2,0.0,6.25,False,"[""Reef_Check""]","[""10313059"", ""10313060""]"
2840,2004-11-23,4,2,0.0,1.25,False,"[""Reef_Check""]","[""10313062"", ""10313063""]"
2879,2014-03-21,4,2,0.0,8.75,False,"[""Reef_Check""]","[""10317344"", ""10317350""]"
2959,2018-07-20,4,2,0.75,1.25,False,"[""Reef_Check""]","[""10317452"", ""10317453""]"
2974,2004-09-14,4,2,0.0,0.25,False,"[""Reef_Check""]","[""10317318"", ""10317319""]"
2974,2012-09-13,4,2,10.5,10.75,False,"[""Reef_Check""]","[""10317314"", ""10317315""]"
2976,2012-09-14,4,2,0.0,7.25,False,"[""Reef_Check""]","[""10317292"", ""10317294""]"
2990,2014-12-02,4,2,1.25,1.5,False,"[""Reef_Check""]","[""10316932"", ""10316933""]"
3011,2014-03-17,4,2,0.0,0.25,False,"[""Reef_Check""]","[""10317031"", ""10317032""]"
3015,2016-09-02,4,2,0.0,6.0,False,"[""Reef_Check""]","[""10317047"", ""10317055""]"
3019,2004-11-22,4,2,0.25,0.5,False,"[""Reef_Check""]","[""10317182"", ""10317183""]"
3086,2000-04-15,2,2,60.0,65.0,False,"[""Donner""]","[""10324632"", ""10324633""]"
3102,2004-06-22,4,2,2.5,3.75,False,"[""Reef_Check""]","[""10316251"", ""10316253""]"
3102,2008-01-08,4,2,25.0,80.0,False,"[""Reef_Check""]","[""10316254"", ""10316255""]"
3141,2006-02-27,4,2,1.0,5.0,False,"[""Reef_Check""]","[""10316416"", ""10316417""]"
3180,2000-04-15,2,2,20.0,24.0,False,"[""Donner""]","[""10324666"", ""10324667""]"
3229,2000-06-15,2,2,60.0,75.0,True,"[""Donner""]","[""10324720"", ""10324721""]"
3230,2000-06-15,2,2,60.0,75.0,True,"[""Donner""]","[""10324722"", ""10324723""]"
3239,2004-07-14,6,3,0.0,1.0,False,"[""Reef_Check""]","[""10316109"", ""10316333"", ""10316334""]"
3240,2007-01-24,4,2,0.0,40.0,False,"[""Reef_Check""]","[""10316113"", ""10316114""]"
3259,2004-10-15,4,2,0.0,10.0,False,"[""Reef_Check""]","[""10321860"", ""10321861""]"
3261,2018-01-12,4,2,0.0,1.0,False,"[""Reef_Check""]","[""10316026"", ""10316027""]"
3269,2004-09-03,4,2,0.0,0.5,False,"[""Reef_Check""]","[""10316009"", ""10316107""]"
3282,2004-09-10,4,2,0.0,7.5,False,"[""Reef_Check""]","[""10321528"", ""10321529""]"
3310,2004-12-01,4,2,0.0,0.25,False,"[""Reef_Check""]","[""10315990"", ""10315991""]"
3311,2004-11-29,4,2,0.0,0.25,False,"[""Reef_Check""]","[""10315993"", ""10315994""]"
3351,2005-09-08,4,2,6.25,43.75,False,"[""Reef_Check""]","[""10316406"", ""10316407""]"
3355,2013-02-18,4,2,0.0,1.0,False,"[""Reef_Check""]","[""10316484"", ""10316488""]"
3355,2019-03-18,4,2,0.0,0.25,False,"[""Reef_Check""]","[""10316485"", ""10316486""]"
3472,2005-07-26,4,2,0.5,0.75,False,"[""Reef_Check""]","[""10313554"", ""10313556""]"
3592,2003-05-05,4,2,2.0,3.0,False,"[""Reef_Check""]","[""10314670"", ""10314672""]"
3594,2006-03-25,4,2,10.0,15.0,False,"[""Reef_Check""]","[""10314701"", ""10314709""]"
3594,2007-03-30,4,2,20.0,35.0,False,"[""Reef_Check""]","[""10314698"", ""10314702""]"
3594,2009-03-27,4,2,10.0,13.75,False,"[""Reef_Check""]","[""10314705"", ""10314706""]"
3594,2015-04-18,4,2,2.5,5.0,False,"[""Reef_Check""]","[""10314684"", ""10314685""]"
3594,2015-10-16,4,2,2.5,5.0,False,"[""Reef_Check""]","[""10314677"", ""10314686""]"
3594,2016-04-03,4,2,1.25,2.5,False,"[""Reef_Check""]","[""10314687"", ""10314688""]"
3594,2016-09-25,4,2,0.0,2.5,False,"[""Reef_Check""]","[""10314689"", ""10314690""]"
3594,2019-05-06,4,2,10.0,20.0,False,"[""Reef_Check""]","[""10314673"", ""10314674""]"
3607,2005-07-19,4,2,0.0,0.25,False,"[""Reef_Check""]","[""10313580"", ""10313581""]"
3683,2003-09-16,4,2,0.25,1.0,False,"[""Reef_Check""]","[""10319458"", ""10319459""]"
3685,2003-09-19,4,2,0.0,0.25,False,"[""Reef_Check""]","[""10319463"", ""10319464""]"
3713,2006-03-17,4,2,0.25,8.0,False,"[""Reef_Check""]","[""10320708"", ""10320709""]"
3713,2007-04-09,4,2,1.0,4.25,False,"[""Reef_Check""]","[""10320721"", ""10320725""]"
3713,2008-03-24,4,2,0.25,1.0,False,"[""Reef_Check""]","[""10320722"", ""10320723""]"
3713,2009-03-23,4,2,0.25,0.5,False,"[""Reef_Check""]","[""10320706"", ""10320710""]"
3713,2011-03-28,4,2,0.0,0.5,False,"[""Reef_Check""]","[""10320716"", ""10320718""]"
3714,2006-03-15,4,2,0.12,0.25,False,"[""Reef_Check""]","[""10320684"", ""10320703""]"
3714,2007-04-10,4,2,0.75,2.0,False,"[""Reef_Check""]","[""10320682"", ""10320700""]"
3714,2008-03-23,4,2,0.0,0.5,False,"[""Reef_Check""]","[""10320698"", ""10320699""]"
3714,2008-04-07,4,2,3.5,9.25,False,"[""Reef_Check""]","[""10320696"", ""10320697""]"
3714,2009-03-21,4,2,2.5,35.25,False,"[""Reef_Check""]","[""10320692"", ""10320702""]"
3714,2011-03-23,4,2,0.0,5.0,False,"[""Reef_Check""]","[""10320690"", ""10320691""]"
3714,2011-03-26,4,2,0.0,23.75,False,"[""Reef_Check""]","[""10320688"", ""10320689""]"
3718,2006-04-04,4,2,0.0,0.25,False,"[""Reef_Check""]","[""10320625"", ""10320640""]"
3718,2007-03-24,4,2,0.0,0.25,False,"[""Reef_Check""]","[""10320639"", ""10320643""]"
3718,2007-04-05,4,2,2.0,3.25,False,"[""Reef_Check""]","[""10320637"", ""10320638""]"
3718,2009-03-11,4,2,0.25,0.5,False,"[""Reef_Check""]","[""10320632"", ""10320633""]"
3718,2009-03-19,4,2,0.0,0.02,False,"[""Reef_Check""]","[""10320630"", ""10320631""]"
3718,2011-03-28,4,2,0.0,0.5,False,"[""Reef_Check""]","[""10320628"", ""10320629""]"
3718,2011-03-29,4,2,0.0,10.0,False,"[""Reef_Check""]","[""10320626"", ""10320627""]"
3725,2006-03-29,4,2,0.0,0.25,False,"[""Reef_Check""]","[""10320673"", ""10320674""]"
3726,2006-03-16,4,2,0.0,0.12,False,"[""Reef_Check""]","[""10320573"", ""10320574""]"
3726,2007-03-27,4,2,0.0,0.25,False,"[""Reef_Check""]","[""10320560"", ""10320570""]"
3726,2007-04-11,4,2,0.0,0.25,False,"[""Reef_Check""]","[""10320568"", ""10320577""]"
3726,2008-03-23,4,2,0.0,0.5,False,"[""Reef_Check""]","[""10320565"", ""10320566""]"
3727,2006-03-18,4,2,0.0,1.0,False,"[""Reef_Check""]","[""10320669"", ""10320670""]"
3728,2006-03-20,4,2,10.0,13.75,False,"[""Reef_Check""]","[""10320677"", ""10320678""]"
3728,2006-04-01,4,2,0.25,15.0,False,"[""Reef_Check""]","[""10320675"", ""10320676""]"
3729,2006-04-05,4,2,0.0,0.5,False,"[""Reef_Check""]","[""10320660"", ""10320661""]"
3729,2009-03-18,4,2,0.25,10.0,False,"[""Reef_Check""]","[""10320585"", ""10320587""]"
3730,2006-04-05,4,2,0.0,0.25,False,"[""Reef_Check""]","[""10320658"", ""10320659""]"
3733,2006-01-09,4,2,2.5,4.25,False,"[""Reef_Check""]","[""10320654"", ""10320655""]"
3734,2006-04-03,4,2,0.0,0.5,False,"[""Reef_Check""]","[""10320656"", ""10320657""]"
3735,2009-03-23,4,2,0.0,3.25,False,"[""Reef_Check""]","[""10320602"", ""10320605""]"
3735,2009-03-24,4,2,1.25,35.0,False,"[""Reef_Check""]","[""10320603"", ""10320604""]"
3736,2006-01-10,4,2,2.75,5.0,False,"[""Reef_Check""]","[""10320664"", ""10320665""]"
3737,2009-03-12,4,2,0.0,1.25,False,"[""Reef_Check""]","[""10320622"", ""10320623""]"
3737,2009-03-19,4,2,3.75,30.75,False,"[""Reef_Check""]","[""10320620"", ""10320621""]"
3738,2009-03-19,4,2,0.12,56.25,False,"[""Reef_Check""]","[""10320646"", ""10320649""]"
3738,2011-03-29,4,2,0.0,12.5,False,"[""Reef_Check""]","[""10320645"", ""10320647""]"
3739,2006-03-21,3,2,0.0,1.0,False,"[""Reef_Check""]","[""10320618"", ""10320619""]"
3740,2006-04-01,4,2,0.0,0.5,False,"[""Reef_Check""]","[""10320579"", ""10320582""]"
3740,2007-03-28,4,2,0.0,0.75,False,"[""Reef_Check""]","[""10320583"", ""10320584""]"
3741,2006-03-22,4,2,0.25,1.25,False,"[""Reef_Check""]","[""10320615"", ""10320616""]"
3741,2007-04-07,4,2,3.25,7.5,False,"[""Reef_Check""]","[""10320606"", ""10320610""]"
3741,2009-03-11,4,2,0.25,0.5,False,"[""Reef_Check""]","[""10320607"", ""10320608""]"
3743,2007-04-04,4,2,3.75,4.25,False,"[""Reef_Check""]","[""10320597"", ""10320598""]"
3753,2006-02-24,4,2,0.0,0.75,False,"[""Reef_Check""]","[""10320785"", ""10320786""]"
3756,2006-02-24,4,2,0.0,30.25,False,"[""Reef_Check""]","[""10320771"", ""10320772""]"
3759,2006-02-22,4,2,0.0,1.0,False,"[""Reef_Check""]","[""10320767"", ""10320768""]"
3760,2006-07-20,4,2,2.0,10.0,False,"[""Reef_Check""]","[""10320800"", ""10320801""]"
3778,2003-12-19,4,2,0.0,0.5,False,"[""Reef_Check""]","[""10320747"", ""10320748""]"
3782,2003-09-05,4,2,0.0,2.5,False,"[""Reef_Check""]","[""10320739"", ""10320740""]"
3814,2010-05-15,8,8,64.0,85.0,False,"[""Donner""]","[""10324860"", ""10324861"", ""10324864"", ""10324865"", ""10324866"", ""10324867"", ""10324869"", ""10324870""]"
3870,2014-04-25,4,2,5.0,7.5,False,"[""Reef_Check""]","[""10311552"", ""10311553""]"
3877,2016-06-29,4,2,42.5,70.0,False,"[""Reef_Check""]","[""10310447"", ""10310448""]"
3877,2017-05-23,6,2,5.0,42.5,False,"[""Reef_Check""]","[""10310444"", ""10310445"", ""10310446""]"
3877,2019-11-21,4,2,0.0,17.5,False,"[""Reef_Check""]","[""10310433"", ""10310438""]"
3877,2020-03-17,4,2,0.0,5.0,False,"[""Reef_Check""]","[""10310436"", ""10310437""]"
3886,2015-11-17,4,2,1.75,7.0,False,"[""Reef_Check""]","[""10310409"", ""10310410""]"
3886,2016-06-27,4,2,57.5,75.0,False,"[""Reef_Check""]","[""10310413"", ""10310414""]"
3886,2017-03-11,4,2,1.0,12.5,False,"[""Reef_Check""]","[""10310387"", ""10310388""]"
3886,2018-03-17,4,2,0.0,1.25,False,"[""Reef_Check""]","[""10310395"", ""10310401""]"
3886,2018-09-14,4,2,5.0,20.0,False,"[""Reef_Check""]","[""10310396"", ""10310398""]"
3886,2020-02-08,4,2,15.0,20.0,False,"[""Reef_Check""]","[""10310373"", ""10310383""]"
3886,2020-03-14,4,2,5.0,10.0,False,"[""Reef_Check""]","[""10310374"", ""10310375""]"
3946,2008-11-02,4,2,1.75,5.25,False,"[""Reef_Check""]","[""10309445"", ""10309446""]"
3948,2009-11-15,4,2,0.0,0.08,False,"[""Reef_Check""]","[""10309438"", ""10309439""]"
3971,2009-11-16,4,2,0.0,0.02,False,"[""Reef_Check""]","[""10309448"", ""10309455""]"
4,2009-06-13,4,2,5.25,8.5,False,"[""Reef_Check""]","[""10313985"", ""10313987""]"
4,2014-08-23,4,2,0.75,1.0,False,"[""Reef_Check""]","[""10313981"", ""10313989""]"
4,2016-04-09,4,2,4.5,8.25,False,"[""Reef_Check""]","[""10313986"", ""10313990""]"
4,2017-06-09,4,2,2.0,2.25,False,"[""Reef_Check""]","[""10313982"", ""10313991""]"
4017,2004-09-08,4,2,0.0,0.5,False,"[""Reef_Check""]","[""10312559"", ""10312561""]"
4033,2004-09-07,4,2,0.0,1.0,False,"[""Reef_Check""]","[""10312327"", ""10312328""]"
4082,2016-02-09,4,2,0.12,2.25,False,"[""Reef_Check""]","[""10313315"", ""10313316""]"
4083,2015-05-03,4,2,1.75,4.75,False,"[""Reef_Check""]","[""10313244"", ""10313245""]"
4083,2016-03-12,4,2,5.0,13.5,False,"[""Reef_Check""]","[""10313249"", ""10313250""]"
4083,2017-11-29,4,2,0.0,3.0,False,"[""Reef_Check""]","[""10313248"", ""10313251""]"
4083,2018-05-09,4,2,1.75,4.25,False,"[""Reef_Check""]","[""10313242"", ""10313247""]"
4083,2019-04-07,4,2,0.0,1.0,False,"[""Reef_Check""]","[""10313238"", ""10313241""]"
4119,2003-09-17,4,2,0.0,1.75,False,"[""Reef_Check""]","[""10311558"", ""10311560""]"
4119,2006-04-16,4,2,0.25,1.5,False,"[""Reef_Check""]","[""10311556"", ""10311561""]"
4127,2003-10-13,4,2,1.25,2.0,False,"[""Reef_Check""]","[""10311622"", ""10311623""]"
4128,2003-10-07,4,2,1.0,1.25,False,"[""Reef_Check""]","[""10311490"", ""10311491""]"
4129,2003-10-08,4,2,0.25,2.0,False,"[""Reef_Check""]","[""10311608"", ""10311609""]"
4130,2003-10-07,4,2,0.0,2.5,False,"[""Reef_Check""]","[""10311498"", ""10311499""]"
4131,2003-10-09,4,2,2.25,3.75,False,"[""Reef_Check""]","[""10311485"", ""10311486""]"
4203,2014-04-25,4,2,0.0,5.0,False,"[""Reef_Check""]","[""10311536"", ""10311537""]"
4211,2014-04-25,4,2,1.75,10.0,False,"[""Reef_Check""]","[""10311550"", ""10311551""]"
4213,2015-02-11,6,3,5.0,25.0,False,"[""Reef_Check""]","[""10310238"", ""10310241"", ""10310243""]"
4213,2016-04-20,4,2,67.5,87.5,False,"[""Reef_Check""]","[""10310237"", ""10310239""]"
4214,2013-09-02,4,2,1.25,3.75,False,"[""Reef_Check""]","[""10310532"", ""10310533""]"
4215,2017-05-20,4,2,0.0,12.5,False,"[""Reef_Check""]","[""10310258"", ""10310259""]"
4216,2015-11-18,4,2,0.0,13.75,False,"[""Reef_Check""]","[""10310277"", ""10310280""]"
4216,2016-04-19,4,2,0.0,80.0,False,"[""Reef_Check""]","[""10310276"", ""10310279""]"
4216,2017-05-24,4,2,3.0,5.0,False,"[""Reef_Check""]","[""10310272"", ""10310281""]"
4218,2016-10-08,4,2,0.0,11.25,False,"[""Reef_Check""]","[""10310231"", ""10310232""]"
4254,2005-08-01,4,2,1.0,7.5,False,"[""Reef_Check""]","[""10312551"", ""10312552""]"
4255,2005-08-31,4,2,0.0,0.5,False,"[""Reef_Check""]","[""10312643"", ""10312644""]"
4256,2005-09-01,4,2,0.0,0.25,False,"[""Reef_Check""]","[""10312539"", ""10312540""]"
4266,2005-08-31,4,2,0.0,0.25,False,"[""Reef_Check""]","[""10312370"", ""10312371""]"
4278,2005-08-31,4,2,0.0,0.25,False,"[""Reef_Check""]","[""10312309"", ""10312310""]"
4282,2003-07-16,4,2,0.0,1.0,False,"[""Reef_Check""]","[""10312424"", ""10312425""]"
4288,2003-08-07,4,2,0.0,0.25,False,"[""Reef_Check""]","[""10312271"", ""10312272""]"
4298,2008-11-08,4,2,0.0,3.75,False,"[""Reef_Check""]","[""10311425"", ""10311426""]"
4300,2008-11-07,4,2,0.0,0.75,False,"[""Reef_Check""]","[""10311437"", ""10311438""]"
4301,2008-11-07,4,2,4.0,5.0,False,"[""Reef_Check""]","[""10311431"", ""10311432""]"
4302,2016-04-30,4,2,3.75,6.75,False,"[""Reef_Check""]","[""10313206"", ""10313209""]"
4303,2018-11-24,4,2,0.0,2.25,False,"[""Reef_Check""]","[""10313364"", ""10313365""]"
4305,2016-03-26,4,2,11.75,18.0,False,"[""Reef_Check""]","[""10313222"", ""10313223""]"
4309,2016-03-19,4,2,2.25,25.0,False,"[""Reef_Check""]","[""10313301"", ""10313308""]"
4309,2018-03-13,4,2,0.0,1.25,False,"[""Reef_Check""]","[""10313309"", ""10313310""]"
4312,2015-10-17,4,2,0.0,0.25,False,"[""Reef_Check""]","[""10313285"", ""10313286""]"
4312,2019-04-07,4,2,0.0,0.25,False,"[""Reef_Check""]","[""10313274"", ""10313276""]"
4321,2010-07-28,4,2,3.25,10.25,False,"[""Reef_Check""]","[""10313427"", ""10313428""]"
4322,2010-07-23,4,2,3.25,6.0,False,"[""Reef_Check""]","[""10313431"", ""10313432""]"
4332,2003-03-06,4,2,0.0,1.25,False,"[""Reef_Check""]","[""10311544"", ""10311547""]"
4333,2008-05-04,4,2,0.25,0.5,False,"[""Reef_Check""]","[""10311571"", ""10311572""]"
4335,2007-07-16,4,2,0.25,0.5,False,"[""Reef_Check""]","[""10311542"", ""10311543""]"
4336,2007-07-15,4,2,0.0,0.25,False,"[""Reef_Check""]","[""10311538"", ""10311539""]"
4338,2007-07-17,4,2,1.0,1.5,False,"[""Reef_Check""]","[""10311590"", ""10311591""]"
4350,2013-10-10,4,2,0.44,0.5,False,"[""Reef_Check""]","[""10313139"", ""10313140""]"
4350,2016-10-14,4,2,1.5,7.5,False,"[""Reef_Check""]","[""10313129"", ""10313135""]"
4350,2019-10-08,4,2,0.0,5.0,False,"[""Reef_Check""]","[""10313127"", ""10313128""]"
4351,2013-10-10,4,2,1.0,2.5,False,"[""Reef_Check""]","[""10313110"", ""10313111""]"
4351,2019-10-08,4,2,0.0,3.5,False,"[""Reef_Check""]","[""10313100"", ""10313101""]"
4353,2013-10-09,4,2,1.5,2.5,False,"[""Reef_Check""]","[""10313027"", ""10313028""]"
4353,2017-11-01,4,2,0.0,2.0,False,"[""Reef_Check""]","[""10313022"", ""10313023""]"
4353,2018-10-31,4,2,0.0,16.5,False,"[""Reef_Check""]","[""10313020"", ""10313021""]"
4353,2019-10-07,4,2,0.0,8.25,False,"[""Reef_Check""]","[""10313017"", ""10313018""]"
4354,2011-09-07,4,2,0.0,2.75,False,"[""Reef_Check""]","[""10313045"", ""10313046""]"
4354,2013-10-09,4,2,0.0,1.83,False,"[""Reef_Check""]","[""10313035"", ""10313044""]"
4354,2014-10-29,4,2,0.0,0.05,False,"[""Reef_Check""]","[""10313043"", ""10313048""]"
4354,2016-10-13,4,2,3.25,10.5,False,"[""Reef_Check""]","[""10313039"", ""10313040""]"
4354,2018-10-31,4,2,1.0,7.5,False,"[""Reef_Check""]","[""10313036"", ""10313047""]"
4354,2019-10-07,4,2,0.0,8.0,False,"[""Reef_Check""]","[""10313033"", ""10313034""]"
4355,2013-10-08,4,2,0.88,23.38,False,"[""Reef_Check""]","[""10313078"", ""10313088""]"
4355,2016-10-12,4,2,0.0,1.5,False,"[""Reef_Check""]","[""10313082"", ""10313083""]"
4372,2016-05-09,4,2,1.0,4.75,False,"[""Reef_Check""]","[""10313234"", ""10313235""]"
4372,2018-04-29,4,2,0.0,3.25,False,"[""Reef_Check""]","[""10313236"", ""10313237""]"
4395,2003-07-11,4,2,1.0,2.25,False,"[""Reef_Check""]","[""10321490"", ""10321491""]"
4396,2004-08-14,4,2,1.0,2.0,False,"[""Reef_Check""]","[""10318021"", ""10318022""]"
4410,2005-11-08,4,2,82.5,87.5,False,"[""Reef_Check""]","[""10319967"", ""10319968""]"
4410,2006-02-23,4,2,47.5,60.0,False,"[""Reef_Check""]","[""10319969"", ""10319970""]"
4410,2008-04-16,4,2,2.75,4.25,False,"[""Reef_Check""]","[""10319972"", ""10319982""]"
4410,2010-07-14,4,2,1.0,2.5,False,"[""Reef_Check""]","[""10319976"", ""10319977""]"
4413,2007-10-21,4,2,0.0,2.25,False,"[""Reef_Check""]","[""10320205"", ""10320211""]"
4413,2008-09-13,4,2,0.0,3.75,False,"[""Reef_Check""]","[""10320202"", ""10320204""]"
4413,2009-09-26,4,2,25.0,33.75,False,"[""Reef_Check""]","[""10320206"", ""10320212""]"
4415,2006-09-24,4,2,0.5,3.0,False,"[""Reef_Check""]","[""10320290"", ""10320291""]"
4415,2007-10-21,4,2,3.25,4.5,False,"[""Reef_Check""]","[""10320292"", ""10320293""]"
4415,2009-09-26,4,2,5.0,7.5,False,"[""Reef_Check""]","[""10320294"", ""10320302""]"
4417,2009-09-26,4,2,1.25,22.5,False,"[""Reef_Check""]","[""10320281"", ""10320286""]"
4417,2010-11-13,4,2,4.5,11.25,False,"[""Reef_Check""]","[""10320279"", ""10320285""]"
4419,2003-09-06,4,2,0.0,0.5,False,"[""Reef_Check""]","[""10320257"", ""10320258""]"
4419,2006-09-23,4,2,3.25,5.0,False,"[""Reef_Check""]","[""10320253"", ""10320256""]"
4419,2007-10-20,4,2,0.0,3.75,False,"[""Reef_Check""]","[""10320255"", ""10320260""]"
4423,2005-08-27,4,2,0.0,1.0,False,"[""Reef_Check""]","[""10320230"", ""10320231""]"
4423,2006-09-23,4,2,4.25,10.75,False,"[""Reef_Check""]","[""10320232"", ""10320233""]"
4423,2007-10-20,4,2,3.0,3.5,False,"[""Reef_Check""]","[""10320234"", ""10320247""]"
4423,2009-09-27,4,2,0.0,1.25,False,"[""Reef_Check""]","[""10320237"", ""10320238""]"
4423,2011-09-10,4,2,0.0,5.0,False,"[""Reef_Check""]","[""10320240"", ""10320241""]"
4434,2005-12-05,4,2,45.0,55.0,False,"[""Reef_Check""]","[""10320066"", ""10320067""]"
4434,2007-10-06,4,2,1.5,6.75,False,"[""Reef_Check""]","[""10320055"", ""10320056""]"
4434,2008-10-04,4,2,0.5,3.25,False,"[""Reef_Check""]","[""10320051"", ""10320059""]"
4434,2011-09-24,4,2,3.75,10.0,False,"[""Reef_Check""]","[""10320054"", ""10320063""]"
45,2015-10-02,4,2,12.5,35.0,False,"[""Reef_Check""]","[""10314084"", ""10314085""]"
4519,2005-11-15,2,2,82.5,87.5,False,"[""Donner""]","[""10325039"", ""10325040""]"
4523,2005-11-15,2,2,65.0,77.5,False,"[""Donner""]","[""10325044"", ""10325045""]"
4528,2004-05-29,4,2,0.25,0.5,False,"[""Reef_Check""]","[""10319903"", ""10319904""]"
4529,2005-02-20,4,2,0.0,0.25,False,"[""Reef_Check""]","[""10319995"", ""10319996""]"
4530,2008-08-09,4,2,0.0,1.25,False,"[""Reef_Check""]","[""10320038"", ""10320040""]"
4539,2006-11-08,4,2,1.5,3.25,False,"[""Reef_Check""]","[""10320109"", ""10320110""]"
4541,2008-04-17,4,2,0.25,0.75,False,"[""Reef_Check""]","[""10320025"", ""10320026""]"
4543,2010-07-13,4,2,0.5,1.5,False,"[""Reef_Check""]","[""10319950"", ""10319952""]"
4547,2005-11-17,4,2,65.0,77.5,False,"[""Reef_Check""]","[""10320029"", ""10320030""]"
4547,2006-03-10,4,2,8.75,68.75,False,"[""Reef_Check""]","[""10320027"", ""10320028""]"
4561,2003-09-06,4,2,0.0,1.0,False,"[""Reef_Check""]","[""10320213"", ""10320214""]"
4562,2005-08-28,4,2,0.0,0.5,False,"[""Reef_Check""]","[""10320308"", ""10320309""]"
4562,2006-09-24,4,2,5.0,6.0,False,"[""Reef_Check""]","[""10320307"", ""10320310""]"
4563,2004-10-17,4,2,0.0,1.0,False,"[""Reef_Check""]","[""10320199"", ""10320200""]"
4566,2006-01-22,4,2,0.0,10.0,False,"[""Reef_Check""]","[""10320313"", ""10320314""]"
4570,2005-11-20,6,2,55.0,60.0,False,"[""Reef_Check""]","[""10320268"", ""10320269"", ""10320270""]"
4575,2005-08-27,4,2,0.0,0.25,False,"[""Reef_Check""]","[""10320264"", ""10320267""]"
4586,2005-12-16,4,2,13.75,20.0,False,"[""Reef_Check""]","[""10320168"", ""10320169""]"
4589,2007-10-06,4,2,3.25,4.25,False,"[""Reef_Check""]","[""10320102"", ""10320103""]"
4589,2008-10-05,4,2,0.0,1.25,False,"[""Reef_Check""]","[""10320100"", ""10320101""]"
498,1998-03-15,2,2,65.0,76.5,False,"[""Donner""]","[""10322422"", ""10322423""]"
501,2006-03-15,4,2,68.0,94.0,False,"[""Donner""]","[""10322426"", ""10322427"", ""10322428"", ""10322429""]"
504,2006-03-15,2,2,89.0,100.0,False,"[""Donner""]","[""10322432"", ""10322433""]"
5278,2006-12-02,4,2,0.0,0.5,False,"[""Reef_Check""]","[""10321866"", ""10321867""]"
5278,2009-12-05,4,2,0.25,1.0,False,"[""Reef_Check""]","[""10321865"", ""10321868""]"
5291,2010-04-24,4,2,0.0,0.25,False,"[""Reef_Check""]","[""10321603"", ""10321604""]"
53,2009-05-23,4,2,0.0,0.25,False,"[""Reef_Check""]","[""10314195"", ""10314201""]"
5315,2007-08-15,4,4,45.0,92.5,False,"[""Donner""]","[""10325071"", ""10325072"", ""10325073"", ""10325074""]"
5355,2010-01-24,4,2,0.0,0.25,False,"[""Reef_Check""]","[""10321869"", ""10321870""]"
5359,2012-11-03,4,2,0.25,0.75,False,"[""Reef_Check""]","[""10313421"", ""10313422""]"
5363,2008-10-27,4,2,0.25,0.5,False,"[""Reef_Check""]","[""10317387"", ""10317388""]"
5364,2008-10-26,4,2,0.25,1.75,False,"[""Reef_Check""]","[""10317391"", ""10317392""]"
5366,2010-02-15,2,2,2.07,2.26,True,"[""Donner""]","[""10325090"", ""10325091""]"
5371,1998-03-15,3,3,10.17,20.46,True,"[""Donner""]","[""10325098"", ""10325099"", ""10325100""]"
5371,1998-05-15,3,3,51.38,57.87,True,"[""Donner""]","[""10325106"", ""10325107"", ""10325108""]"
5371,1998-06-15,3,2,54.3,75.0,True,"[""Donner""]","[""10325109"", ""10325110"", ""10325111""]"
5371,2007-05-15,2,2,3.6,4.82,True,"[""Donner""]","[""10325103"", ""10325104""]"
5385,1998-04-15,2,2,64.15,66.95,True,"[""Donner""]","[""10325128"", ""10325129""]"
5391,2005-05-15,2,2,8.39,15.2,True,"[""Donner""]","[""10325136"", ""10325137""]"
54,2006-02-18,6,3,0.38,4.25,False,"[""Reef_Check""]","[""10313934"", ""10313937"", ""10313938""]"
5450,2006-09-01,4,2,0.25,0.5,False,"[""Reef_Check""]","[""10317871"", ""10317872""]"
5468,2007-03-15,2,2,6.51,8.59,True,"[""Donner""]","[""10325167"", ""10325168""]"
5474,2005-04-15,3,3,20.08,75.0,True,"[""Donner""]","[""10325170"", ""10325171"", ""10325172""]"
5475,2005-04-15,2,2,29.32,75.0,True,"[""Donner""]","[""10325175"", ""10325176""]"
5487,2010-05-21,4,2,2.0,3.75,False,"[""Reef_Check""]","[""10317757"", ""10317758""]"
55,2005-09-10,4,2,1.0,2.25,False,"[""Reef_Check""]","[""10313926"", ""10313928""]"
5552,2009-08-13,4,2,0.0,0.12,False,"[""Reef_Check""]","[""10308552"", ""10308554""]"
5616,2008-03-10,4,2,10.0,12.5,False,"[""Reef_Check""]","[""10311297"", ""10311298""]"
5752,2013-10-02,4,2,0.0,1.25,False,"[""Reef_Check""]","[""10310712"", ""10310713""]"
5848,2006-10-28,3,2,0.0,0.75,False,"[""Reef_Check""]","[""10308528"", ""10308529""]"
5894,2009-08-13,4,2,0.0,0.25,False,"[""Reef_Check""]","[""10308604"", ""10308605""]"
59,2006-11-12,4,2,0.0,1.25,False,"[""Reef_Check""]","[""10313865"", ""10313972""]"
59,2013-04-21,4,2,1.0,2.0,False,"[""Reef_Check""]","[""10313867"", ""10313969""]"
5926,2008-02-28,4,2,3.75,5.0,False,"[""Reef_Check""]","[""10310957"", ""10310958""]"
5929,2008-03-06,4,2,0.25,2.5,False,"[""Reef_Check""]","[""10311210"", ""10311211""]"
5955,2013-10-01,4,2,0.0,0.25,False,"[""Reef_Check""]","[""10311150"", ""10311156""]"
5960,2008-03-09,4,2,0.0,0.25,False,"[""Reef_Check""]","[""10321750"", ""10321751""]"
5972,2013-10-02,4,2,0.0,10.0,False,"[""Reef_Check""]","[""10311244"", ""10311248""]"
6016,2003-10-18,4,2,0.0,1.75,False,"[""Reef_Check""]","[""10307926"", ""10307927""]"
6039,2003-05-12,4,2,2.0,2.12,False,"[""Reef_Check""]","[""10307840"", ""10307841""]"
6041,2003-05-20,4,2,0.75,1.0,False,"[""Reef_Check""]","[""10307619"", ""10307620""]"
6056,2013-06-29,4,2,0.0,15.0,False,"[""Reef_Check""]","[""10310302"", ""10310303""]"
6059,2013-06-28,4,2,5.0,10.0,False,"[""Reef_Check""]","[""10310207"", ""10310208""]"
6065,2013-07-01,4,2,0.0,7.5,False,"[""Reef_Check""]","[""10310430"", ""10310431""]"
6066,2013-07-02,4,2,0.0,7.5,False,"[""Reef_Check""]","[""10310213"", ""10310214""]"
6068,2013-07-01,4,2,0.0,2.5,False,"[""Reef_Check""]","[""10310543"", ""10310544""]"
6069,2013-06-30,4,2,0.0,2.5,False,"[""Reef_Check""]","[""10310295"", ""10310297""]"
6070,2013-06-30,4,2,1.25,10.0,False,"[""Reef_Check""]","[""10310575"", ""10310576""]"
61,2007-03-24,4,2,0.0,0.5,False,"[""Reef_Check""]","[""10313957"", ""10314011""]"
61,2009-07-06,4,2,0.0,23.0,False,"[""Reef_Check""]","[""10313956"", ""10313962""]"
61,2010-05-15,4,2,0.0,0.5,False,"[""Reef_Check""]","[""10313960"", ""10314010""]"
6112,2015-06-12,4,2,1.0,2.5,False,"[""Reef_Check""]","[""10310652"", ""10310653""]"
6113,2017-04-28,4,2,6.0,6.75,False,"[""Reef_Check""]","[""10310606"", ""10310607""]"
6115,2015-06-10,4,2,0.0,0.5,False,"[""Reef_Check""]","[""10321739"", ""10321740""]"
6115,2017-04-29,4,2,0.0,2.0,False,"[""Reef_Check""]","[""10321737"", ""10321738""]"
6116,2015-06-11,4,2,0.0,0.25,False,"[""Reef_Check""]","[""10310728"", ""10310729""]"
6117,2015-06-12,4,2,0.25,5.0,False,"[""Reef_Check""]","[""10310646"", ""10310647""]"
6117,2017-04-27,4,2,5.75,6.25,False,"[""Reef_Check""]","[""10310645"", ""10310648""]"
6143,2017-07-24,4,2,0.0,0.5,False,"[""Reef_Check""]","[""10319803"", ""10319804""]"
6144,2017-07-25,4,2,0.0,4.0,False,"[""Reef_Check""]","[""10319749"", ""10319750""]"
6145,2017-07-26,4,2,0.0,13.75,False,"[""Reef_Check""]","[""10317663"", ""10317665""]"
6148,2015-09-17,4,2,0.5,1.0,False,"[""Reef_Check""]","[""10319536"", ""10319541""]"
6148,2016-07-14,6,2,0.75,6.25,False,"[""Reef_Check""]","[""10319535"", ""10319537"", ""10319538""]"
6148,2017-07-20,4,2,0.0,1.5,False,"[""Reef_Check""]","[""10319539"", ""10319540""]"
6154,2012-09-07,6,3,0.0,1.75,False,"[""Reef_Check""]","[""10317643"", ""10317644"", ""10317645""]"
6164,2013-07-04,6,2,0.08,0.5,False,"[""Reef_Check""]","[""10319484"", ""10319485"", ""10319486""]"
6165,2011-09-07,4,2,0.0,0.25,False,"[""Reef_Check""]","[""10319489"", ""10319490""]"
6170,2011-09-14,6,3,0.25,1.25,False,"[""Reef_Check""]","[""10319514"", ""10319518"", ""10319519""]"
6170,2015-09-16,4,2,1.5,3.75,False,"[""Reef_Check""]","[""10319517"", ""10319520""]"
6171,2011-09-06,6,2,0.0,0.25,False,"[""Reef_Check""]","[""10319587"", ""10319588"", ""10319589""]"
6171,2017-07-18,4,2,0.0,0.5,False,"[""Reef_Check""]","[""10319590"", ""10319591""]"
6175,2011-09-13,6,3,0.0,0.5,False,"[""Reef_Check""]","[""10319691"", ""10319692"", ""10319693""]"
6175,2015-09-15,4,2,0.02,0.88,False,"[""Reef_Check""]","[""10319694"", ""10319695""]"
6175,2016-07-11,6,3,6.5,13.0,False,"[""Reef_Check""]","[""10319696"", ""10319699"", ""10319700""]"
6182,2014-09-09,4,2,0.0,3.25,False,"[""Reef_Check""]","[""10317964"", ""10317965""]"
6183,2014-09-08,4,2,0.25,0.5,False,"[""Reef_Check""]","[""10317949"", ""10317950""]"
6184,2014-09-11,4,2,0.0,10.0,False,"[""Reef_Check""]","[""10317968"", ""10317969""]"
6215,2005-06-15,2,2,6.28,9.0,True,"[""Donner""]","[""10325274"", ""10325275""]"
623,1998-04-15,2,2,5.5,75.0,True,"[""Donner""]","[""10322555"", ""10322556""]"
624,1998-04-15,2,2,5.5,30.5,True,"[""Donner""]","[""10322559"", ""10322561""]"
6243,2011-09-07,4,2,0.25,0.5,False,"[""Reef_Check""]","[""10319546"", ""10319547""]"
6244,2011-09-08,6,2,0.75,1.0,False,"[""Reef_Check""]","[""10319523"", ""10319524"", ""10319525""]"
6244,2011-09-15,6,3,0.5,3.5,False,"[""Reef_Check""]","[""10319532"", ""10319533"", ""10319534""]"
6247,2005-07-02,4,2,0.5,2.75,False,"[""Reef_Check""]","[""10319560"", ""10319561""]"
6248,2012-09-06,6,3,0.0,1.75,False,"[""Reef_Check""]","[""10319542"", ""10319543"", ""10319544""]"
6249,2012-09-06,6,3,0.0,3.75,False,"[""Reef_Check""]","[""10319526"", ""10319527"", ""10319528""]"
6249,2016-07-13,6,2,0.0,10.0,False,"[""Reef_Check""]","[""10319529"", ""10319530"", ""10319531""]"
6251,2011-09-07,4,2,0.0,0.25,False,"[""Reef_Check""]","[""10319493"", ""10319494""]"
6253,2016-07-13,4,2,1.25,4.75,False,"[""Reef_Check""]","[""10319475"", ""10319479""]"
6255,2012-09-04,6,3,0.0,1.25,False,"[""Reef_Check""]","[""10319757"", ""10319758"", ""10319759""]"
6256,2012-09-05,4,2,0.5,0.75,False,"[""Reef_Check""]","[""10319576"", ""10319577""]"
6257,2012-09-05,6,3,0.0,1.0,False,"[""Reef_Check""]","[""10319565"", ""10319566"", ""10319567""]"
6258,2013-07-04,6,2,0.0,0.25,False,"[""Reef_Check""]","[""10319511"", ""10319512"", ""10319513""]"
6259,2016-07-12,6,3,0.0,1.5,False,"[""Reef_Check""]","[""10319506"", ""10319507"", ""10319508""]"
6260,2011-09-06,6,3,0.0,2.5,False,"[""Reef_Check""]","[""10319601"", ""10319602"", ""10319603""]"
6261,2013-07-03,6,2,0.0,1.25,False,"[""Reef_Check""]","[""10319595"", ""10319596"", ""10319597""]"
6261,2015-09-15,4,2,1.0,3.75,False,"[""Reef_Check""]","[""10319598"", ""10319600""]"
6261,2019-05-08,4,2,0.1,0.5,False,"[""Reef_Check""]","[""10319592"", ""10319593""]"
6262,2016-07-12,6,3,7.0,12.0,False,"[""Reef_Check""]","[""10319580"", ""10319581"", ""10319584""]"
6264,2011-09-05,6,3,0.0,2.25,False,"[""Reef_Check""]","[""10319746"", ""10319747"", ""10319748""]"
6265,2012-09-12,4,2,0.0,2.5,False,"[""Reef_Check""]","[""10319775"", ""10319776""]"
6266,2011-09-14,6,3,0.5,2.0,False,"[""Reef_Check""]","[""10319481"", ""10319482"", ""10319483""]"
6269,2011-09-13,6,2,0.5,0.75,False,"[""Reef_Check""]","[""10319499"", ""10319500"", ""10319501""]"
6270,2013-07-03,6,2,0.0,0.78,False,"[""Reef_Check""]","[""10319610"", ""10319611"", ""10319612""]"
6273,2005-07-05,4,2,0.25,1.0,False,"[""Reef_Check""]","[""10319684"", ""10319685""]"
6277,2014-09-14,4,2,0.5,1.0,False,"[""Reef_Check""]","[""10319736"", ""10319737""]"
6279,2013-07-01,4,2,1.75,2.25,False,"[""Reef_Check""]","[""10319740"", ""10319741""]"
6281,2014-09-10,4,2,0.75,1.0,False,"[""Reef_Check""]","[""10319712"", ""10319713""]"
6282,2014-09-09,4,2,0.75,1.25,False,"[""Reef_Check""]","[""10319714"", ""10319715""]"
6331,2003-06-07,4,2,0.0,0.5,False,"[""Reef_Check""]","[""10318838"", ""10318839""]"
6350,2004-03-15,2,2,16.09,22.4,True,"[""Donner""]","[""10325353"", ""10325354""]"
6362,2001-04-15,3,3,37.8,41.0,False,"[""Donner""]","[""10325366"", ""10325367"", ""10325368""]"
6362,2001-08-15,2,2,1.2,3.9,False,"[""Donner""]","[""10325369"", ""10325370""]"
6389,2004-11-15,3,3,5.5,81.82,True,"[""Donner""]","[""10325402"", ""10325403"", ""10325404""]"
6389,2005-02-15,2,2,4.17,8.33,False,"[""Donner""]","[""10325392"", ""10325393""]"
6389,2005-06-15,2,2,5.5,30.5,True,"[""Donner""]","[""10325396"", ""10325400""]"
6389,2006-06-15,5,4,4.55,50.0,True,"[""Donner""]","[""10325395"", ""10325397"", ""10325398"", ""10325399"", ""10325401""]"
6390,2004-10-15,3,3,5.5,40.91,True,"[""Donner""]","[""10325423"", ""10325424"", ""10325425""]"
6390,2005-02-15,4,2,5.5,35.71,True,"[""Donner""]","[""10325405"", ""10325406"", ""10325407"", ""10325408""]"
6390,2005-05-15,3,2,5.5,10.0,True,"[""Donner""]","[""10325409"", ""10325411"", ""10325413""]"
6390,2005-08-15,4,4,30.5,42.86,True,"[""Donner""]","[""10325419"", ""10325420"", ""10325421"", ""10325422""]"
6390,2006-05-15,5,3,5.5,82.35,True,"[""Donner""]","[""10325412"", ""10325414"", ""10325415"", ""10325416"", ""10325417""]"
6391,2005-05-15,4,4,5.5,73.91,True,"[""Donner""]","[""10325436"", ""10325437"", ""10325438"", ""10325439""]"
6391,2005-08-15,4,3,5.5,42.42,True,"[""Donner""]","[""10325441"", ""10325442"", ""10325443"", ""10325444""]"
6391,2005-12-15,4,3,5.5,45.45,True,"[""Donner""]","[""10325446"", ""10325448"", ""10325449"", ""10325450""]"
6391,2006-02-15,3,3,5.5,44.83,True,"[""Donner""]","[""10325431"", ""10325432"", ""10325433""]"
6391,2006-03-15,2,2,30.5,71.43,True,"[""Donner""]","[""10325434"", ""10325435""]"
6392,2004-10-15,3,3,5.5,30.5,True,"[""Donner""]","[""10325470"", ""10325471"", ""10325472""]"
6392,2005-02-15,3,2,5.5,71.43,True,"[""Donner""]","[""10325451"", ""10325452"", ""10325453""]"
6392,2005-05-15,4,3,5.5,50.0,True,"[""Donner""]","[""10325460"", ""10325461"", ""10325462"", ""10325463""]"
6392,2005-09-15,3,3,5.5,80.0,True,"[""Donner""]","[""10325467"", ""10325468"", ""10325469""]"
6392,2006-03-15,5,3,5.5,76.92,True,"[""Donner""]","[""10325454"", ""10325455"", ""10325456"", ""10325458"", ""10325459""]"
6393,2004-11-15,3,3,5.5,75.0,True,"[""Donner""]","[""10325488"", ""10325489"", ""10325490""]"
6393,2005-06-15,5,5,37.5,88.89,False,"[""Donner""]","[""10325477"", ""10325479"", ""10325480"", ""10325481"", ""10325482""]"
6393,2006-06-15,5,4,40.0,100.0,False,"[""Donner""]","[""10325478"", ""10325483"", ""10325484"", ""10325485"", ""10325486""]"
6394,2004-10-15,3,3,30.5,45.45,True,"[""Donner""]","[""10325499"", ""10325500"", ""10325501""]"
6394,2005-02-15,4,2,5.5,35.71,True,"[""Donner""]","[""10325491"", ""10325492"", ""10325493"", ""10325494""]"
6394,2005-05-15,2,2,9.09,47.06,False,"[""Donner""]","[""10325495"", ""10325496""]"
6394,2005-06-15,2,2,5.5,38.46,True,"[""Donner""]","[""10325497"", ""10325498""]"
6395,2004-11-15,4,3,5.5,50.0,True,"[""Donner""]","[""10325514"", ""10325515"", ""10325516"", ""10325517""]"
6395,2006-05-15,5,5,30.5,100.0,True,"[""Donner""]","[""10325509"", ""10325510"", ""10325511"", ""10325512"", ""10325513""]"
6396,2005-05-15,5,2,5.5,10.0,True,"[""Donner""]","[""10325523"", ""10325524"", ""10325525"", ""10325526"", ""10325527""]"
6396,2005-07-15,2,2,5.88,10.0,False,"[""Donner""]","[""10325528"", ""10325529""]"
6396,2005-08-15,3,2,4.55,5.5,True,"[""Donner""]","[""10325530"", ""10325531"", ""10325532""]"
6396,2005-11-15,4,4,5.5,75.0,True,"[""Donner""]","[""10325533"", ""10325534"", ""10325535"", ""10325536""]"
6396,2006-02-15,4,3,5.5,36.0,True,"[""Donner""]","[""10325518"", ""10325519"", ""10325520"", ""10325521""]"
6397,2004-10-15,3,2,30.5,37.5,True,"[""Donner""]","[""10325555"", ""10325556"", ""10325557""]"
6397,2005-02-15,3,3,5.5,36.0,True,"[""Donner""]","[""10325538"", ""10325539"", ""10325540""]"
6397,2005-05-15,3,3,3.85,50.0,False,"[""Donner""]","[""10325541"", ""10325542"", ""10325543""]"
6397,2005-08-15,4,4,5.5,43.48,True,"[""Donner""]","[""10325550"", ""10325551"", ""10325552"", ""10325553""]"
6397,2005-12-15,4,4,5.5,85.71,True,"[""Donner""]","[""10325558"", ""10325559"", ""10325560"", ""10325561""]"
6397,2006-06-15,5,4,5.5,100.0,True,"[""Donner""]","[""10325544"", ""10325545"", ""10325547"", ""10325548"", ""10325549""]"
6398,2004-10-15,4,3,30.5,72.73,True,"[""Donner""]","[""10325578"", ""10325579"", ""10325580"", ""10325581""]"
6398,2005-06-15,4,4,5.5,75.0,True,"[""Donner""]","[""10325569"", ""10325570"", ""10325571"", ""10325572""]"
6398,2005-09-15,5,3,5.5,69.23,True,"[""Donner""]","[""10325573"", ""10325574"", ""10325575"", ""10325576"", ""10325577""]"
6398,2006-03-15,5,4,5.5,81.82,True,"[""Donner""]","[""10325564"", ""10325565"", ""10325566"", ""10325567"", ""10325568""]"
6399,2004-10-15,3,3,40.0,47.62,False,"[""Donner""]","[""10325597"", ""10325598"", ""10325599""]"
6399,2004-11-15,2,2,30.5,40.0,True,"[""Donner""]","[""10325600"", ""10325601""]"
6399,2005-02-15,5,4,5.5,66.67,True,"[""Donner""]","[""10325582"", ""10325583"", ""10325584"", ""10325585"", ""10325586""]"
6399,2005-05-15,5,5,5.5,66.67,True,"[""Donner""]","[""10325587"", ""10325588"", ""10325592"", ""10325593"", ""10325595""]"
6399,2006-05-15,5,5,30.5,100.0,True,"[""Donner""]","[""10325589"", ""10325590"", ""10325591"", ""10325594"", ""10325596""]"
6400,2005-05-15,5,4,18.2,75.0,True,"[""Donner""]","[""10325607"", ""10325608"", ""10325609"", ""10325610"", ""10325611""]"
6400,2005-08-15,5,2,60.0,75.0,True,"[""Donner""]","[""10325612"", ""10325613"", ""10325614"", ""10325615"", ""10325616""]"
6400,2005-11-15,3,3,42.1,63.6,False,"[""Donner""]","[""10325617"", ""10325618"", ""10325619""]"
6400,2005-12-15,2,2,44.4,46.2,False,"[""Donner""]","[""10325620"", ""10325621""]"
6400,2006-02-15,3,3,16.7,80.0,False,"[""Donner""]","[""10325602"", ""10325604"", ""10328850""]"
6400,2006-03-15,2,2,25.0,71.4,False,"[""Donner""]","[""10325605"", ""10325606""]"
6401,2005-05-15,5,5,5.5,30.8,True,"[""Donner""]","[""10325627"", ""10325628"", ""10325629"", ""10325630"", ""10325631""]"
6401,2005-07-15,2,2,5.9,10.0,False,"[""Donner""]","[""10325632"", ""10325633""]"
6401,2005-08-15,3,3,4.5,25.0,False,"[""Donner""]","[""10325634"", ""10325635"", ""10325636""]"
6401,2005-11-15,4,4,15.0,75.0,False,"[""Donner""]","[""10325637"", ""10325638"", ""10325639"", ""10325640""]"
6401,2006-02-15,4,4,20.0,36.0,False,"[""Donner""]","[""10325622"", ""10325623"", ""10325624"", ""10325625""]"
6402,2005-05-15,4,4,5.5,73.9,True,"[""Donner""]","[""10325647"", ""10325648"", ""10325649"", ""10325650""]"
6402,2005-08-15,4,4,5.5,42.4,True,"[""Donner""]","[""10325652"", ""10325653"", ""10325654"", ""10325655""]"
6402,2005-12-15,5,5,22.2,60.0,False,"[""Donner""]","[""10325657"", ""10325658"", ""10325659"", ""10325660"", ""10325661""]"
6402,2006-02-15,3,3,21.1,55.0,False,"[""Donner""]","[""10325642"", ""10325643"", ""10325644""]"
6402,2006-03-15,2,2,56.0,71.4,False,"[""Donner""]","[""10325645"", ""10325646""]"
6403,2005-05-15,5,5,15.4,64.0,False,"[""Donner""]","[""10325667"", ""10325668"", ""10325669"", ""10325670"", ""10325671""]"
6403,2005-07-15,2,2,19.2,23.5,False,"[""Donner""]","[""10325672"", ""10325673""]"
6403,2005-08-15,3,3,20.0,42.1,False,"[""Donner""]","[""10325674"", ""10325675"", ""10325676""]"
6403,2005-11-15,5,5,21.7,75.0,True,"[""Donner""]","[""10325677"", ""10325678"", ""10325679"", ""10325680"", ""10325681""]"
6403,2006-02-15,5,5,33.3,60.0,False,"[""Donner""]","[""10325662"", ""10325663"", ""10325664"", ""10325665"", ""10325666""]"
6404,2005-05-15,5,3,5.5,36.36,True,"[""Donner""]","[""10325687"", ""10325688"", ""10325689"", ""10325690"", ""10325691""]"
6404,2005-08-15,3,3,5.5,42.11,True,"[""Donner""]","[""10325694"", ""10325695"", ""10325696""]"
6404,2005-11-15,5,4,5.5,50.0,True,"[""Donner""]","[""10325697"", ""10325698"", ""10325699"", ""10325700"", ""10325701""]"
6404,2006-02-15,5,4,30.5,42.86,True,"[""Donner""]","[""10325682"", ""10325683"", ""10325684"", ""10325685"", ""10325686""]"
6405,2005-05-15,4,3,6.9,60.0,False,"[""Donner""]","[""10325707"", ""10325708"", ""10325709"", ""10325710""]"
6405,2005-08-15,5,5,3.2,26.3,True,"[""Donner""]","[""10325711"", ""10325712"", ""10325713"", ""10325714"", ""10325715""]"
6405,2005-11-15,5,5,16.7,75.0,True,"[""Donner""]","[""10325716"", ""10325717"", ""10325718"", ""10325719"", ""10325720""]"
6405,2006-02-15,5,5,35.7,58.1,False,"[""Donner""]","[""10325702"", ""10325703"", ""10325704"", ""10325705"", ""10325706""]"
6406,2005-05-15,4,3,5.5,30.5,True,"[""Donner""]","[""10325726"", ""10325727"", ""10325728"", ""10325729""]"
6406,2005-08-15,5,3,3.23,5.5,True,"[""Donner""]","[""10325730"", ""10325731"", ""10325732"", ""10325733"", ""10325734""]"
6406,2005-11-15,5,4,5.5,71.88,True,"[""Donner""]","[""10325735"", ""10325736"", ""10325737"", ""10325738"", ""10325739""]"
6406,2006-02-15,5,5,30.5,40.0,True,"[""Donner""]","[""10325721"", ""10325722"", ""10325723"", ""10325724"", ""10325725""]"
6407,2005-05-15,5,5,25.0,75.0,True,"[""Donner""]","[""10325744"", ""10325745"", ""10325746"", ""10325747"", ""10325748""]"
6407,2005-08-15,4,4,26.3,58.8,False,"[""Donner""]","[""10325749"", ""10325750"", ""10325751"", ""10325752""]"
6407,2005-12-15,5,5,5.5,75.0,True,"[""Donner""]","[""10325753"", ""10325754"", ""10325755"", ""10325756"", ""10325757""]"
6407,2006-02-15,4,4,5.5,77.8,True,"[""Donner""]","[""10325740"", ""10325741"", ""10325742"", ""10325743""]"
6408,2004-10-15,2,2,30.5,72.73,True,"[""Donner""]","[""10325771"", ""10325772""]"
6408,2004-11-15,3,2,5.5,5.88,True,"[""Donner""]","[""10325773"", ""10325774"", ""10325775""]"
6408,2005-05-15,5,4,5.5,50.0,True,"[""Donner""]","[""10325762"", ""10325763"", ""10325764"", ""10325765"", ""10325766""]"
6408,2005-08-15,4,4,5.5,36.84,True,"[""Donner""]","[""10325767"", ""10325768"", ""10325769"", ""10325770""]"
6408,2005-12-15,5,4,5.5,75.0,True,"[""Donner""]","[""10325776"", ""10325777"", ""10325778"", ""10325779"", ""10325780""]"
6408,2006-02-15,4,4,5.5,77.78,True,"[""Donner""]","[""10325758"", ""10325759"", ""10325760"", ""10325761""]"
6409,2005-06-15,5,5,9.1,66.7,False,"[""Donner""]","[""10325785"", ""10325786"", ""10325787"", ""10325788"", ""10325789""]"
6409,2005-09-15,5,5,5.5,100.0,True,"[""Donner""]","[""10325790"", ""10325791"", ""10325792"", ""10325793"", ""10325794""]"
6409,2005-12-15,5,5,25.0,80.0,True,"[""Donner""]","[""10325795"", ""10325796"", ""10325797"", ""10325798"", ""10325799""]"
6409,2006-02-15,4,4,39.1,73.3,False,"[""Donner""]","[""10325781"", ""10325782"", ""10325783"", ""10325784""]"
6410,2004-10-15,3,2,5.5,77.78,True,"[""Donner""]","[""10325814"", ""10325815"", ""10325816""]"
6410,2005-06-15,5,4,5.5,66.67,True,"[""Donner""]","[""10325804"", ""10325805"", ""10325806"", ""10325807"", ""10325808""]"
6410,2005-09-15,5,4,5.5,100.0,True,"[""Donner""]","[""10325809"", ""10325810"", ""10325811"", ""10325812"", ""10325813""]"
6410,2005-12-15,5,4,5.5,80.0,True,"[""Donner""]","[""10325819"", ""10325820"", ""10325821"", ""10325822"", ""10325823""]"
6410,2006-02-15,4,4,30.5,73.33,True,"[""Donner""]","[""10325800"", ""10325801"", ""10325802"", ""10325803""]"
6411,2004-10-15,4,3,5.5,72.73,True,"[""Donner""]","[""10325837"", ""10325838"", ""10325839"", ""10325840""]"
6411,2005-02-15,2,2,6.25,7.69,False,"[""Donner""]","[""10325824"", ""10325825""]"
6411,2005-05-15,5,5,5.5,75.0,True,"[""Donner""]","[""10325827"", ""10325828"", ""10325831"", ""10325832"", ""10325833""]"
6411,2006-05-15,5,5,42.86,100.0,False,"[""Donner""]","[""10325829"", ""10325830"", ""10325834"", ""10325835"", ""10325836""]"
6412,2004-10-15,4,2,5.5,40.0,True,"[""Donner""]","[""10325854"", ""10325855"", ""10325856"", ""10325857""]"
6412,2005-02-15,3,2,5.5,7.14,True,"[""Donner""]","[""10325841"", ""10325842"", ""10325843""]"
6412,2005-06-15,4,3,5.5,41.67,True,"[""Donner""]","[""10325850"", ""10325851"", ""10325852"", ""10325853""]"
6412,2006-05-15,3,3,5.5,66.67,True,"[""Donner""]","[""10325845"", ""10325847"", ""10325848""]"
6413,2004-10-15,4,3,5.5,37.5,True,"[""Donner""]","[""10325872"", ""10325873"", ""10325874"", ""10325875""]"
6413,2005-05-15,4,2,5.5,41.67,True,"[""Donner""]","[""10325863"", ""10325864"", ""10325865"", ""10325866""]"
6413,2005-09-15,5,4,5.5,50.0,True,"[""Donner""]","[""10325867"", ""10325868"", ""10325869"", ""10325870"", ""10325871""]"
6413,2005-12-15,3,3,5.5,50.0,True,"[""Donner""]","[""10325877"", ""10325878"", ""10325879""]"
6413,2006-03-15,3,2,5.5,42.86,True,"[""Donner""]","[""10325859"", ""10325861"", ""10325862""]"
6414,2004-10-15,5,4,5.5,47.62,True,"[""Donner""]","[""10325898"", ""10325899"", ""10325900"", ""10325901"", ""10325902""]"
6414,2005-05-15,2,2,37.5,66.67,False,"[""Donner""]","[""10325885"", ""10325886""]"
6414,2005-06-15,2,2,81.82,100.0,False,"[""Donner""]","[""10325891"", ""10325892""]"
6414,2005-08-15,4,4,5.5,45.45,True,"[""Donner""]","[""10325893"", ""10325894"", ""10325895"", ""10325896""]"
6414,2006-05-15,4,3,33.33,100.0,False,"[""Donner""]","[""10325884"", ""10325887"", ""10325888"", ""10325889""]"
6415,2004-10-15,5,4,5.5,45.45,True,"[""Donner""]","[""10325919"", ""10325920"", ""10325921"", ""10325922"", ""10325923""]"
6415,2005-02-15,3,2,5.5,30.5,True,"[""Donner""]","[""10325903"", ""10325904"", ""10325905""]"
6415,2005-05-15,5,5,33.33,83.33,False,"[""Donner""]","[""10325906"", ""10325908"", ""10325909"", ""10325910"", ""10325911""]"
6415,2005-08-15,3,3,75.0,100.0,False,"[""Donner""]","[""10325915"", ""10325916"", ""10325917""]"
6415,2005-12-15,4,3,33.33,100.0,False,"[""Donner""]","[""10325924"", ""10325925"", ""10325926"", ""10325927""]"
6415,2006-05-15,4,2,44.44,100.0,False,"[""Donner""]","[""10325907"", ""10325912"", ""10325913"", ""10325914""]"
6416,2004-10-15,4,3,30.5,45.45,True,"[""Donner""]","[""10325945"", ""10325946"", ""10325947"", ""10325948""]"
6416,2005-05-15,5,3,5.5,50.0,True,"[""Donner""]","[""10325935"", ""10325936"", ""10325937"", ""10325938"", ""10325939""]"
6416,2005-08-15,5,3,30.5,75.0,True,"[""Donner""]","[""10325940"", ""10325941"", ""10325942"", ""10325943"", ""10325944""]"
6416,2005-11-15,3,2,30.5,42.11,True,"[""Donner""]","[""10325949"", ""10325950"", ""10325951""]"
6416,2005-12-15,2,2,44.44,46.15,False,"[""Donner""]","[""10325952"", ""10325953""]"
6416,2006-02-15,3,3,5.5,80.0,True,"[""Donner""]","[""10325929"", ""10325930"", ""10325931""]"
6416,2006-03-15,2,2,5.5,71.43,True,"[""Donner""]","[""10325933"", ""10325934""]"
6417,2005-05-15,4,4,10.0,30.8,False,"[""Donner""]","[""10325959"", ""10325960"", ""10325961"", ""10325962""]"
6417,2005-08-15,5,5,8.3,58.3,False,"[""Donner""]","[""10325963"", ""10325964"", ""10325965"", ""10325966"", ""10325967""]"
6417,2005-11-15,4,4,5.6,25.0,False,"[""Donner""]","[""10325968"", ""10325969"", ""10325970"", ""10325971""]"
6417,2006-03-15,5,5,16.7,38.5,False,"[""Donner""]","[""10325954"", ""10325955"", ""10325956"", ""10325957"", ""10325958""]"
6418,2005-06-15,4,4,22.2,75.0,False,"[""Donner""]","[""10325978"", ""10325979"", ""10325980"", ""10325981""]"
6418,2005-09-15,5,5,27.3,69.2,False,"[""Donner""]","[""10325982"", ""10325983"", ""10325984"", ""10325985"", ""10325986""]"
6418,2006-03-15,5,5,5.5,81.8,True,"[""Donner""]","[""10325973"", ""10325974"", ""10325975"", ""10325976"", ""10325977""]"
6419,2005-06-15,5,5,20.0,47.4,False,"[""Donner""]","[""10325992"", ""10325993"", ""10325994"", ""10325995"", ""10325996""]"
6419,2005-08-15,3,3,6.7,47.1,False,"[""Donner""]","[""10325997"", ""10325998"", ""10325999""]"
6419,2005-09-15,2,2,5.3,22.2,False,"[""Donner""]","[""10326000"", ""10326001""]"
6419,2006-03-15,5,5,25.9,68.4,False,"[""Donner""]","[""10325987"", ""10325988"", ""10325989"", ""10325990"", ""10325991""]"
6420,2005-05-15,2,2,16.7,33.3,False,"[""Donner""]","[""10326006"", ""10326007""]"
6420,2005-08-15,4,4,16.7,60.0,False,"[""Donner""]","[""10326009"", ""10326010"", ""10326011"", ""10326012""]"
6420,2005-11-15,5,5,23.1,70.0,False,"[""Donner""]","[""10326014"", ""10326015"", ""10326016"", ""10326017"", ""10326018""]"
6420,2006-03-15,4,4,18.2,52.9,False,"[""Donner""]","[""10326002"", ""10326003"", ""10326004"", ""10326005""]"
6421,2004-11-15,5,5,5.5,70.0,True,"[""Donner""]","[""10326023"", ""10326024"", ""10326025"", ""10326026"", ""10326027""]"
6421,2006-03-15,3,3,30.5,100.0,True,"[""Donner""]","[""10326020"", ""10326021"", ""10326022""]"
6422,2005-05-15,4,3,18.2,34.6,False,"[""Donner""]","[""10326029"", ""10326030"", ""10326032"", ""10326034""]"
6422,2005-08-15,3,3,10.0,31.6,False,"[""Donner""]","[""10326038"", ""10326039"", ""10326040""]"
6422,2006-05-15,2,2,22.2,30.8,False,"[""Donner""]","[""10326031"", ""10326033""]"
6422,2006-06-15,2,2,20.0,63.6,False,"[""Donner""]","[""10326035"", ""10326036""]"
6423,2005-05-15,4,4,16.7,75.0,True,"[""Donner""]","[""10326046"", ""10326047"", ""10326048"", ""10326049""]"
6423,2005-09-15,3,3,27.3,80.0,False,"[""Donner""]","[""10326053"", ""10326054"", ""10326055""]"
6423,2006-03-15,5,5,5.5,76.9,True,"[""Donner""]","[""10326041"", ""10326042"", ""10326043"", ""10326044"", ""10326045""]"
6424,2005-05-15,4,2,5.5,34.62,True,"[""Donner""]","[""10326057"", ""10326058"", ""10326060"", ""10326062""]"
6424,2005-08-15,3,2,5.5,10.0,True,"[""Donner""]","[""10326066"", ""10326067"", ""10326068""]"
6424,2006-06-15,2,2,5.5,30.5,True,"[""Donner""]","[""10326063"", ""10326064""]"
6425,2005-05-15,2,2,5.5,33.33,True,"[""Donner""]","[""10326071"", ""10326072""]"
6425,2005-08-15,2,2,5.5,33.33,True,"[""Donner""]","[""10326073"", ""10326074""]"
6425,2006-03-15,2,2,5.5,50.0,True,"[""Donner""]","[""10326069"", ""10326070""]"
6426,2005-05-15,2,2,28.6,33.3,False,"[""Donner""]","[""10326078"", ""10326079""]"
6426,2005-08-15,2,2,25.0,33.3,False,"[""Donner""]","[""10326080"", ""10326081""]"
6426,2006-03-15,2,2,5.5,75.0,True,"[""Donner""]","[""10326076"", ""10326077""]"
6427,2005-05-15,4,2,5.5,10.0,True,"[""Donner""]","[""10326088"", ""10326089"", ""10326090"", ""10326091""]"
6427,2005-08-15,5,4,5.5,30.5,True,"[""Donner""]","[""10326092"", ""10326093"", ""10326094"", ""10326095"", ""10326096""]"
6427,2005-11-15,4,3,5.5,7.69,True,"[""Donner""]","[""10326097"", ""10326098"", ""10326099"", ""10326100""]"
6427,2006-03-15,5,3,5.5,38.46,True,"[""Donner""]","[""10326083"", ""10326084"", ""10326085"", ""10326086"", ""10326087""]"
6428,2005-05-15,2,2,5.5,33.33,True,"[""Donner""]","[""10326106"", ""10326107""]"
6428,2005-08-15,4,3,5.5,43.75,True,"[""Donner""]","[""10326109"", ""10326110"", ""10326111"", ""10326112""]"
6428,2005-11-15,5,5,5.5,70.0,True,"[""Donner""]","[""10326114"", ""10326115"", ""10326116"", ""10326117"", ""10326118""]"
6428,2006-03-15,4,3,5.5,41.18,True,"[""Donner""]","[""10326102"", ""10326103"", ""10326104"", ""10326105""]"
6429,2005-05-15,5,3,5.5,41.67,True,"[""Donner""]","[""10326124"", ""10326125"", ""10326126"", ""10326127"", ""10326128""]"
6429,2005-08-15,3,2,5.5,33.33,True,"[""Donner""]","[""10326129"", ""10326130"", ""10326131""]"
6429,2005-09-15,2,2,4.17,8.33,False,"[""Donner""]","[""10326132"", ""10326133""]"
6429,2005-11-15,5,5,30.5,88.46,True,"[""Donner""]","[""10326134"", ""10326135"", ""10326136"", ""10326137"", ""10326138""]"
6429,2006-03-15,5,3,5.5,33.33,True,"[""Donner""]","[""10326119"", ""10326120"", ""10326121"", ""10326122"", ""10326123""]"
6430,2005-06-15,5,4,5.5,47.37,True,"[""Donner""]","[""10326144"", ""10326145"", ""10326146"", ""10326147"", ""10326148""]"
6430,2005-08-15,3,3,5.5,47.06,True,"[""Donner""]","[""10326149"", ""10326150"", ""10326151""]"
6430,2005-09-15,2,2,5.26,5.5,True,"[""Donner""]","[""10326152"", ""10326153""]"
6430,2006-03-15,5,4,5.5,68.42,True,"[""Donner""]","[""10326139"", ""10326140"", ""10326141"", ""10326142"", ""10326143""]"
6431,2005-05-15,4,4,15.4,41.7,False,"[""Donner""]","[""10326158"", ""10326159"", ""10326160"", ""10326161""]"
6431,2005-09-15,5,5,23.1,75.0,True,"[""Donner""]","[""10326162"", ""10326163"", ""10326164"", ""10326165"", ""10326166""]"
6431,2005-12-15,3,3,5.5,75.0,True,"[""Donner""]","[""10326167"", ""10326168"", ""10326169""]"
6431,2006-03-15,4,4,16.7,42.9,False,"[""Donner""]","[""10326154"", ""10326155"", ""10326156"", ""10326157""]"
6432,2005-05-15,5,5,5.5,41.7,True,"[""Donner""]","[""10326175"", ""10326176"", ""10326177"", ""10326178"", ""10326179""]"
6432,2005-08-15,3,3,5.5,33.3,True,"[""Donner""]","[""10326180"", ""10326181"", ""10326182""]"
6432,2005-09-15,2,2,4.2,8.3,False,"[""Donner""]","[""10326183"", ""10326184""]"
6432,2005-11-15,5,5,33.3,88.5,False,"[""Donner""]","[""10326185"", ""10326186"", ""10326187"", ""10326188"", ""10326189""]"
6432,2006-03-15,5,5,23.5,52.9,False,"[""Donner""]","[""10326170"", ""10326171"", ""10326172"", ""10326173"", ""10326174""]"
6433,2005-05-15,5,4,25.0,44.4,False,"[""Donner""]","[""10326192"", ""10326193"", ""10326194"", ""10326195"", ""10326196""]"
6433,2005-08-15,5,4,5.5,100.0,True,"[""Donner""]","[""10326197"", ""10326198"", ""10326199"", ""10326200"", ""10326201""]"
6433,2005-11-15,2,2,30.8,58.3,False,"[""Donner""]","[""10326202"", ""10326203""]"
6433,2006-03-15,2,2,33.3,100.0,False,"[""Donner""]","[""10326190"", ""10326191""]"
6434,2005-05-15,5,3,5.5,44.44,True,"[""Donner""]","[""10326207"", ""10326208"", ""10326209"", ""10326210"", ""10326211""]"
6434,2005-08-15,5,3,5.5,100.0,True,"[""Donner""]","[""10326212"", ""10326213"", ""10326214"", ""10326215"", ""10326216""]"
6434,2005-11-15,2,2,5.5,30.5,True,"[""Donner""]","[""10326219"", ""10326221""]"
6434,2006-03-15,2,2,33.33,100.0,False,"[""Donner""]","[""10326205"", ""10326206""]"
6435,2005-05-15,5,4,3.7,33.33,False,"[""Donner""]","[""10326228"", ""10326229"", ""10326230"", ""10326231"", ""10326232""]"
6435,2005-09-15,4,3,2.86,33.33,True,"[""Donner""]","[""10326234"", ""10326235"", ""10326236"", ""10326237""]"
6435,2006-03-15,5,4,30.5,77.27,True,"[""Donner""]","[""10326223"", ""10326224"", ""10326225"", ""10326226"", ""10326227""]"
6436,2005-05-15,5,4,3.7,33.3,False,"[""Donner""]","[""10326243"", ""10326244"", ""10326245"", ""10326246"", ""10326247""]"
6436,2005-09-15,4,4,2.9,33.3,False,"[""Donner""]","[""10326249"", ""10326250"", ""10326251"", ""10326252""]"
6436,2006-03-15,5,4,42.9,77.3,False,"[""Donner""]","[""10326238"", ""10326239"", ""10326240"", ""10326241"", ""10326242""]"
6437,2005-05-15,3,3,5.5,100.0,True,"[""Donner""]","[""10326258"", ""10326259"", ""10326260""]"
6437,2005-08-15,3,2,5.5,100.0,True,"[""Donner""]","[""10326262"", ""10326263"", ""10326264""]"
6437,2006-03-15,4,3,30.5,66.67,True,"[""Donner""]","[""10326253"", ""10326254"", ""10326255"", ""10326257""]"
6438,2005-05-15,5,3,5.5,7.69,True,"[""Donner""]","[""10326270"", ""10326271"", ""10326272"", ""10326273"", ""10326274""]"
6438,2005-08-15,4,4,3.7,68.75,True,"[""Donner""]","[""10326275"", ""10326276"", ""10326277"", ""10326278""]"
6438,2005-12-15,5,5,5.5,37.93,True,"[""Donner""]","[""10326280"", ""10326281"", ""10326282"", ""10326283"", ""10326284""]"
6438,2006-03-15,5,4,30.5,85.71,True,"[""Donner""]","[""10326265"", ""10326266"", ""10326267"", ""10326268"", ""10326269""]"
6439,2005-05-15,3,3,25.0,100.0,False,"[""Donner""]","[""10326290"", ""10326291"", ""10326292""]"
6439,2005-08-15,3,3,25.0,100.0,False,"[""Donner""]","[""10326294"", ""10326295"", ""10326296""]"
6439,2006-03-15,5,4,55.6,75.0,True,"[""Donner""]","[""10326285"", ""10326286"", ""10326287"", ""10326288"", ""10326289""]"
6440,2005-05-15,5,5,5.5,32.0,True,"[""Donner""]","[""10326302"", ""10326303"", ""10326304"", ""10326305"", ""10326306""]"
6440,2005-08-15,4,4,3.7,68.8,True,"[""Donner""]","[""10326307"", ""10326308"", ""10326309"", ""10326310""]"
6440,2005-12-15,5,5,16.7,56.4,False,"[""Donner""]","[""10326312"", ""10326313"", ""10326314"", ""10326315"", ""10326316""]"
6440,2006-03-15,5,5,64.0,85.7,True,"[""Donner""]","[""10326297"", ""10326298"", ""10326299"", ""10326300"", ""10326301""]"
6441,2006-03-15,3,3,62.5,100.0,False,"[""Donner""]","[""10326317"", ""10326318"", ""10326319""]"
6444,2005-05-15,3,3,3.8,75.0,True,"[""Donner""]","[""10326325"", ""10326326"", ""10326327""]"
6444,2005-08-15,4,4,22.2,63.2,False,"[""Donner""]","[""10326334"", ""10326335"", ""10326336"", ""10326337""]"
6444,2005-12-15,5,5,20.0,85.7,False,"[""Donner""]","[""10326339"", ""10326340"", ""10326341"", ""10326342"", ""10326343""]"
6444,2006-06-15,5,5,20.0,100.0,False,"[""Donner""]","[""10326328"", ""10326329"", ""10326331"", ""10326332"", ""10326333""]"
6446,2005-06-15,4,4,7.3,34.8,False,"[""Donner""]","[""10326349"", ""10326353"", ""10326354"", ""10326355""]"
6446,2006-05-15,2,2,4.3,75.0,True,"[""Donner""]","[""10326347"", ""10326348""]"
6446,2006-06-15,3,2,8.0,23.8,False,"[""Donner""]","[""10326350"", ""10326351"", ""10326352""]"
6448,2005-06-15,4,3,5.5,34.78,True,"[""Donner""]","[""10326361"", ""10326365"", ""10326366"", ""10326367""]"
6448,2006-05-15,2,2,4.35,50.0,False,"[""Donner""]","[""10326359"", ""10326360""]"
6448,2006-06-15,3,2,5.5,8.0,True,"[""Donner""]","[""10326362"", ""10326363"", ""10326364""]"
6449,2005-06-15,3,3,30.0,57.1,False,"[""Donner""]","[""10326372"", ""10326373"", ""10326375""]"
6449,2006-05-15,4,4,5.0,38.5,False,"[""Donner""]","[""10326368"", ""10326369"", ""10326370"", ""10326371""]"
6450,2005-06-15,3,3,5.5,33.33,True,"[""Donner""]","[""10326380"", ""10326381"", ""10326383""]"
6450,2006-05-15,4,4,5.0,38.46,True,"[""Donner""]","[""10326376"", ""10326377"", ""10326378"", ""10326379""]"
6451,2005-05-15,3,3,5.26,33.33,False,"[""Donner""]","[""10326384"", ""10326385"", ""10326389""]"
6452,2005-05-15,3,3,5.3,33.3,False,"[""Donner""]","[""10326391"", ""10326392"", ""10326396""]"
6452,2006-05-15,3,3,22.2,31.3,False,"[""Donner""]","[""10326393"", ""10326394"", ""10326395""]"
6453,2004-10-15,2,2,5.5,30.5,True,"[""Donner""]","[""10326406"", ""10326407""]"
6453,2005-08-15,2,2,5.5,7.14,True,"[""Donner""]","[""10326402"", ""10326403""]"
6453,2005-09-15,2,2,5.5,50.0,True,"[""Donner""]","[""10326404"", ""10326405""]"
6453,2006-05-15,2,2,5.5,6.25,True,"[""Donner""]","[""10326398"", ""10326399""]"
6453,2006-06-15,2,2,5.5,33.33,True,"[""Donner""]","[""10326400"", ""10326401""]"
6454,2005-08-15,2,2,7.1,16.7,False,"[""Donner""]","[""10326413"", ""10326414""]"
6454,2005-09-15,2,2,25.0,75.0,True,"[""Donner""]","[""10326415"", ""10326416""]"
6454,2006-05-15,2,2,5.5,6.3,True,"[""Donner""]","[""10326409"", ""10326410""]"
6454,2006-06-15,2,2,5.5,33.3,True,"[""Donner""]","[""10326411"", ""10326412""]"
6455,2005-06-15,2,2,17.6,60.0,False,"[""Donner""]","[""10326419"", ""10326423""]"
6455,2006-06-15,5,4,4.5,75.0,True,"[""Donner""]","[""10326418"", ""10326420"", ""10326421"", ""10326422"", ""10326424""]"
6456,2005-05-15,3,2,5.5,9.09,True,"[""Donner""]","[""10326425"", ""10326426"", ""10326427""]"
6456,2005-08-15,4,2,5.5,42.86,True,"[""Donner""]","[""10326429"", ""10326430"", ""10326431"", ""10326432""]"
6457,2005-05-15,3,3,5.5,16.7,True,"[""Donner""]","[""10326434"", ""10326435"", ""10326436""]"
6457,2005-06-15,3,3,33.3,75.0,True,"[""Donner""]","[""10326437"", ""10326438"", ""10326440""]"
6457,2005-08-15,8,6,16.7,75.0,True,"[""Donner""]","[""10326441"", ""10326442"", ""10326443"", ""10326444"", ""10326445"", ""10326446"", ""10326447"", ""10326448""]"
6458,2005-05-15,2,2,9.1,47.1,False,"[""Donner""]","[""10326450"", ""10326451""]"
6458,2005-06-15,2,2,31.6,38.5,False,"[""Donner""]","[""10326452"", ""10326453""]"
6459,2005-05-15,3,3,10.0,33.3,False,"[""Donner""]","[""10326454"", ""10326455"", ""10326456""]"
6459,2005-08-15,4,3,25.0,42.9,False,"[""Donner""]","[""10326458"", ""10326459"", ""10326460"", ""10326461""]"
6460,2005-05-15,10,8,5.5,75.0,True,"[""Donner""]","[""10326463"", ""10326464"", ""10326465"", ""10326466"", ""10326467"", ""10326468"", ""10326469"", ""10326470"", ""10326471"", ""10326472""]"
6460,2005-08-15,4,4,22.2,75.0,True,"[""Donner""]","[""10326473"", ""10326474"", ""10326475"", ""10326476""]"
6460,2005-09-15,6,6,5.5,75.0,True,"[""Donner""]","[""10326477"", ""10326478"", ""10326479"", ""10326480"", ""10326481"", ""10326482""]"
6460,2005-11-15,5,5,52.6,87.0,False,"[""Donner""]","[""10326483"", ""10326484"", ""10326485"", ""10326486"", ""10326487""]"
6461,2005-05-15,5,5,10.0,46.7,False,"[""Donner""]","[""10326488"", ""10326489"", ""10326490"", ""10326491"", ""10326492""]"
6461,2005-08-15,4,4,5.5,75.0,True,"[""Donner""]","[""10326493"", ""10326494"", ""10326495"", ""10326496""]"
6461,2005-12-15,5,5,35.3,73.9,False,"[""Donner""]","[""10326498"", ""10326499"", ""10326500"", ""10326501"", ""10326502""]"
6462,2005-05-15,4,3,5.5,27.3,True,"[""Donner""]","[""10326503"", ""10326504"", ""10326505"", ""10326507""]"
6462,2005-08-15,4,4,33.3,55.6,False,"[""Donner""]","[""10326513"", ""10326514"", ""10326515"", ""10326516""]"
6462,2005-11-15,3,3,52.9,61.5,False,"[""Donner""]","[""10326517"", ""10326518"", ""10326519""]"
6462,2005-12-15,2,2,30.8,56.3,False,"[""Donner""]","[""10326520"", ""10326521""]"
6462,2006-05-15,5,5,20.0,82.4,False,"[""Donner""]","[""10326506"", ""10326508"", ""10326509"", ""10326510"", ""10326511""]"
6463,2005-05-15,3,2,5.5,45.83,True,"[""Donner""]","[""10326523"", ""10326524"", ""10326526""]"
6463,2005-08-15,4,3,5.5,30.5,True,"[""Donner""]","[""10326532"", ""10326533"", ""10326534"", ""10326535""]"
6463,2005-12-15,3,3,5.5,35.71,True,"[""Donner""]","[""10326536"", ""10326537"", ""10326538""]"
6463,2006-05-15,2,2,5.5,10.0,True,"[""Donner""]","[""10326522"", ""10326525""]"
6464,2005-05-15,3,3,17.6,45.8,False,"[""Donner""]","[""10326540"", ""10326541"", ""10326543""]"
6464,2005-06-15,2,2,20.7,23.8,False,"[""Donner""]","[""10326545"", ""10326547""]"
6464,2005-08-15,4,3,5.5,52.6,True,"[""Donner""]","[""10326549"", ""10326550"", ""10326551"", ""10326552""]"
6464,2005-12-15,3,3,15.2,61.8,False,"[""Donner""]","[""10326553"", ""10326554"", ""10326555""]"
6464,2006-05-15,2,2,10.0,31.6,False,"[""Donner""]","[""10326539"", ""10326542""]"
6464,2006-06-15,3,3,19.4,27.3,False,"[""Donner""]","[""10326544"", ""10326546"", ""10326548""]"
6465,2005-06-15,3,2,5.5,6.5,True,"[""Donner""]","[""10326561"", ""10326562"", ""10326563""]"
6465,2006-05-15,5,5,5.5,40.0,True,"[""Donner""]","[""10326556"", ""10326557"", ""10326558"", ""10326559"", ""10326560""]"
6466,2005-06-15,3,2,5.5,6.45,True,"[""Donner""]","[""10326569"", ""10326570"", ""10326571""]"
6466,2006-05-15,5,2,5.5,40.0,True,"[""Donner""]","[""10326564"", ""10326565"", ""10326566"", ""10326567"", ""10326568""]"
6467,2005-05-15,5,4,5.5,47.8,True,"[""Donner""]","[""10326573"", ""10326575"", ""10326577"", ""10326578"", ""10326580""]"
6467,2005-07-15,2,2,16.7,31.8,False,"[""Donner""]","[""10326582"", ""10326583""]"
6467,2005-08-15,3,3,25.0,35.3,False,"[""Donner""]","[""10326584"", ""10326585"", ""10326586""]"
6467,2005-11-15,4,2,16.7,58.3,False,"[""Donner""]","[""10326587"", ""10326588"", ""10326589"", ""10326590""]"
6467,2006-05-15,4,3,5.5,46.2,True,"[""Donner""]","[""10326572"", ""10326574"", ""10326576"", ""10326579""]"
6468,2005-05-15,5,2,5.5,47.83,True,"[""Donner""]","[""10326593"", ""10326595"", ""10326597"", ""10326598"", ""10326600""]"
6468,2005-08-15,3,2,5.5,35.29,True,"[""Donner""]","[""10326604"", ""10326605"", ""10326606""]"
6468,2005-11-15,4,2,5.5,30.5,True,"[""Donner""]","[""10326607"", ""10326608"", ""10326609"", ""10326610""]"
6468,2006-05-15,4,2,5.5,46.15,True,"[""Donner""]","[""10326592"", ""10326594"", ""10326596"", ""10326599""]"
6469,2005-06-15,3,2,3.7,5.5,True,"[""Donner""]","[""10326619"", ""10326620"", ""10326621""]"
6469,2006-05-15,5,4,5.5,45.16,True,"[""Donner""]","[""10326612"", ""10326614"", ""10326616"", ""10326617"", ""10326618""]"
6470,2005-05-15,2,2,23.8,31.8,False,"[""Donner""]","[""10326623"", ""10326625""]"
6470,2005-06-15,3,2,3.7,5.5,True,"[""Donner""]","[""10326629"", ""10326630"", ""10326631""]"
6470,2006-05-15,5,5,5.5,45.2,True,"[""Donner""]","[""10326622"", ""10326624"", ""10326626"", ""10326627"", ""10326628""]"
6471,2005-05-15,5,5,5.5,47.4,True,"[""Donner""]","[""10326632"", ""10326633"", ""10326634"", ""10326635"", ""10326636""]"
6471,2005-07-15,2,2,5.5,25.0,True,"[""Donner""]","[""10326637"", ""10326638""]"
6471,2005-08-15,3,3,10.0,47.1,False,"[""Donner""]","[""10326639"", ""10326640"", ""10326641""]"
6471,2005-11-15,4,4,37.5,85.7,False,"[""Donner""]","[""10326642"", ""10326643"", ""10326644"", ""10326645""]"
6473,2005-05-15,5,5,5.5,75.0,True,"[""Donner""]","[""10326649"", ""10326650"", ""10326651"", ""10326652"", ""10326653""]"
6474,2004-10-15,2,2,5.5,33.33,True,"[""Donner""]","[""10326659"", ""10326660""]"
6474,2004-11-15,2,2,41.67,66.67,False,"[""Donner""]","[""10326661"", ""10326662""]"
6474,2005-06-15,3,2,5.5,35.71,True,"[""Donner""]","[""10326656"", ""10326657"", ""10326658""]"
6475,2005-05-15,6,6,15.4,64.3,False,"[""Donner""]","[""10326663"", ""10326664"", ""10326665"", ""10326666"", ""10326667"", ""10326668""]"
6475,2005-08-15,7,7,7.7,75.0,True,"[""Donner""]","[""10326669"", ""10326670"", ""10326671"", ""10326672"", ""10326673"", ""10326674"", ""10326675""]"
6475,2005-11-15,5,5,41.2,76.0,True,"[""Donner""]","[""10326676"", ""10326677"", ""10326678"", ""10326679"", ""10326680""]"
6476,2005-05-15,5,5,15.4,75.0,False,"[""Donner""]","[""10326682"", ""10326683"", ""10326686"", ""10326687"", ""10326688""]"
6476,2006-05-15,5,5,42.9,100.0,False,"[""Donner""]","[""10326684"", ""10326685"", ""10326689"", ""10326690"", ""10326691""]"
6477,2005-05-15,7,6,18.2,75.0,True,"[""Donner""]","[""10326692"", ""10326693"", ""10326694"", ""10326695"", ""10326696"", ""10326697"", ""10326698""]"
6477,2005-07-15,2,2,21.4,30.0,False,"[""Donner""]","[""10326700"", ""10326701""]"
6477,2005-08-15,7,7,25.0,70.0,False,"[""Donner""]","[""10326702"", ""10326703"", ""10326704"", ""10326705"", ""10326706"", ""10326707"", ""10326708""]"
6477,2005-11-15,10,8,35.7,75.0,True,"[""Donner""]","[""10326710"", ""10326711"", ""10326712"", ""10326713"", ""10326714"", ""10326715"", ""10326716"", ""10326717"", ""10326718"", ""10326719""]"
6478,2005-05-15,4,4,20.0,44.4,False,"[""Donner""]","[""10326720"", ""10326721"", ""10326722"", ""10326723""]"
6478,2005-08-15,3,3,5.5,42.9,True,"[""Donner""]","[""10326725"", ""10326726"", ""10326727""]"
6479,2005-05-15,4,4,20.0,40.0,False,"[""Donner""]","[""10326728"", ""10326729"", ""10326730"", ""10326731""]"
6479,2005-08-15,5,5,5.5,63.6,True,"[""Donner""]","[""10326732"", ""10326733"", ""10326734"", ""10326735"", ""10326736""]"
6479,2005-11-15,4,3,5.5,75.0,True,"[""Donner""]","[""10326737"", ""10326738"", ""10326739"", ""10326740""]"
6480,2005-05-15,2,2,20.0,26.7,False,"[""Donner""]","[""10326742"", ""10326743""]"
6480,2005-06-15,3,3,20.0,35.7,False,"[""Donner""]","[""10326744"", ""10326745"", ""10326746""]"
6481,2005-05-15,5,5,20.0,31.3,False,"[""Donner""]","[""10326747"", ""10326748"", ""10326749"", ""10326750"", ""10326751""]"
6481,2006-05-15,5,5,33.3,100.0,False,"[""Donner""]","[""10326752"", ""10326753"", ""10326754"", ""10326755"", ""10326756""]"
6482,2005-05-15,4,4,22.2,78.9,False,"[""Donner""]","[""10326757"", ""10326758"", ""10326759"", ""10326760""]"
6482,2005-08-15,4,4,36.4,75.0,True,"[""Donner""]","[""10326762"", ""10326763"", ""10326764"", ""10326765""]"
6482,2005-12-15,5,4,52.6,72.4,False,"[""Donner""]","[""10326767"", ""10326768"", ""10326769"", ""10326770"", ""10326771""]"
6483,2005-05-15,5,5,22.2,58.8,False,"[""Donner""]","[""10326772"", ""10326773"", ""10326774"", ""10326775"", ""10326776""]"
6483,2005-07-15,2,2,5.5,75.0,True,"[""Donner""]","[""10326777"", ""10326778""]"
6483,2005-08-15,3,3,42.1,57.1,False,"[""Donner""]","[""10326779"", ""10326780"", ""10326781""]"
6483,2005-11-15,4,4,25.0,72.2,False,"[""Donner""]","[""10326782"", ""10326783"", ""10326784"", ""10326785""]"
6484,2005-06-15,4,4,26.7,41.7,False,"[""Donner""]","[""10326792"", ""10326793"", ""10326794"", ""10326795""]"
6484,2006-05-15,3,3,22.2,66.7,False,"[""Donner""]","[""10326787"", ""10326789"", ""10326790""]"
6485,2005-05-15,3,3,25.0,100.0,False,"[""Donner""]","[""10326796"", ""10326797"", ""10326798""]"
6485,2005-08-15,3,3,28.6,100.0,False,"[""Donner""]","[""10326800"", ""10326801"", ""10326802""]"
6486,2005-05-15,3,3,30.0,66.7,False,"[""Donner""]","[""10326803"", ""10326804"", ""10326805""]"
6486,2005-06-15,2,2,31.3,41.7,False,"[""Donner""]","[""10326806"", ""10326807""]"
6486,2005-08-15,4,4,5.5,75.0,True,"[""Donner""]","[""10326808"", ""10326809"", ""10326810"", ""10326811""]"
6486,2005-12-15,3,3,46.2,65.2,False,"[""Donner""]","[""10326812"", ""10326813"", ""10326814""]"
6487,2005-05-15,5,4,33.3,83.3,True,"[""Donner""]","[""10326815"", ""10326817"", ""10326818"", ""10326819"", ""10326820""]"
6487,2005-08-15,3,3,75.0,100.0,False,"[""Donner""]","[""10326824"", ""10326825"", ""10326826""]"
6487,2005-12-15,4,3,33.3,100.0,False,"[""Donner""]","[""10326828"", ""10326829"", ""10326830"", ""10326831""]"
6487,2006-05-15,4,2,44.4,100.0,False,"[""Donner""]","[""10326816"", ""10326821"", ""10326822"", ""10326823""]"
6488,2005-05-15,5,5,5.5,75.0,True,"[""Donner""]","[""10326832"", ""10326833"", ""10326837"", ""10326838"", ""10326840""]"
6488,2006-05-15,5,5,33.3,100.0,False,"[""Donner""]","[""10326834"", ""10326835"", ""10326836"", ""10326839"", ""10326841""]"
6489,2005-05-15,2,2,37.5,66.7,False,"[""Donner""]","[""10326843"", ""10326844""]"
6489,2005-06-15,2,2,81.8,100.0,False,"[""Donner""]","[""10326849"", ""10326850""]"
6489,2005-08-15,4,4,5.5,55.6,True,"[""Donner""]","[""10326851"", ""10326852"", ""10326853"", ""10326854""]"
6489,2006-05-15,4,3,33.3,100.0,False,"[""Donner""]","[""10326842"", ""10326845"", ""10326846"", ""10326847""]"
6490,2005-05-15,2,2,36.4,42.9,False,"[""Donner""]","[""10326856"", ""10326857""]"
6490,2005-06-15,6,5,5.5,29.4,True,"[""Donner""]","[""10326858"", ""10326859"", ""10326860"", ""10326861"", ""10326862"", ""10326863""]"
6492,2005-06-15,5,5,5.5,75.0,True,"[""Donner""]","[""10326866"", ""10326867"", ""10326868"", ""10326869"", ""10326870""]"
6496,2006-06-15,2,2,5.5,6.25,True,"[""Donner""]","[""10326879"", ""10326880""]"
6497,2006-06-15,2,2,6.3,25.0,False,"[""Donner""]","[""10326881"", ""10326882""]"
6504,2004-07-15,24,3,0.0,5.0,False,"[""Reef_Check""]","[""10320826"", ""10320827"", ""10320828"", ""10320829"", ""10320830"", ""10320831"", ""10320832"", ""10320833"", ""10320834"", ""10320835"", ""10320836"", ""10320837""]"
6506,2006-06-15,4,3,5.5,50.0,True,"[""Donner""]","[""10326884"", ""10326885"", ""10326886"", ""10326887""]"
6516,2006-06-15,4,3,25.0,75.0,True,"[""Donner""]","[""10326889"", ""10326890"", ""10326891"", ""10326892""]"
6517,2005-06-15,3,3,33.3,75.0,True,"[""Donner""]","[""10326893"", ""10326894"", ""10326895""]"
6517,2005-08-15,4,3,30.0,40.0,False,"[""Donner""]","[""10326896"", ""10326897"", ""10326898"", ""10326899""]"
6519,2005-06-15,3,2,33.3,57.1,False,"[""Donner""]","[""10326901"", ""10326902"", ""10326903""]"
6520,2006-06-15,2,2,33.3,41.7,False,"[""Donner""]","[""10326904"", ""10326905""]"
6521,2005-06-15,3,3,30.5,50.0,True,"[""Donner""]","[""10326906"", ""10326907"", ""10326908""]"
6521,2005-08-15,4,3,5.5,40.0,True,"[""Donner""]","[""10326909"", ""10326910"", ""10326911"", ""10326912""]"
6522,2006-06-15,2,2,33.33,41.67,False,"[""Donner""]","[""10326913"", ""10326914""]"
6523,2005-06-15,5,5,37.5,83.3,False,"[""Donner""]","[""10326915"", ""10326917"", ""10326918"", ""10326919"", ""10326920""]"
6523,2006-06-15,5,4,40.0,100.0,False,"[""Donner""]","[""10326916"", ""10326921"", ""10326922"", ""10326923"", ""10326924""]"
6524,2005-06-15,5,5,40.0,64.3,False,"[""Donner""]","[""10326925"", ""10326926"", ""10326927"", ""10326928"", ""10326929""]"
6524,2005-08-15,3,3,5.5,46.7,True,"[""Donner""]","[""10326930"", ""10326931"", ""10326932""]"
6524,2005-09-15,2,2,5.5,33.3,True,"[""Donner""]","[""10326933"", ""10326934""]"
6527,2005-08-15,6,5,0.2,2.9,False,"[""Donner""]","[""10326941"", ""10326942"", ""10326943"", ""10326944"", ""10326945"", ""10326946""]"
6528,2005-08-15,6,6,0.4,2.1,False,"[""Donner""]","[""10326947"", ""10326948"", ""10326949"", ""10326950"", ""10326951"", ""10326952""]"
6529,2005-08-15,6,5,0.5,3.0,False,"[""Donner""]","[""10326953"", ""10326954"", ""10326955"", ""10326956"", ""10326957"", ""10326958""]"
6530,2005-08-15,6,6,1.2,2.2,False,"[""Donner""]","[""10326959"", ""10326960"", ""10326961"", ""10326962"", ""10326963"", ""10326964""]"
6531,2005-08-15,6,5,3.2,8.1,False,"[""Donner""]","[""10326965"", ""10326966"", ""10326967"", ""10326968"", ""10326969"", ""10326970""]"
6532,2005-08-15,5,5,2.9,8.3,False,"[""Donner""]","[""10326971"", ""10326972"", ""10326973"", ""10326974"", ""10326975""]"
6534,2005-08-15,7,7,5.5,53.8,True,"[""Donner""]","[""10326977"", ""10326978"", ""10326979"", ""10326980"", ""10326981"", ""10326982"", ""10326983""]"
6535,2005-09-15,2,2,2.2,5.2,False,"[""Donner""]","[""10326984"", ""10326985""]"
6535,2005-10-15,2,2,2.8,4.7,False,"[""Donner""]","[""10326986"", ""10326987""]"
6536,2005-09-15,2,2,2.5,7.4,False,"[""Donner""]","[""10326988"", ""10326989""]"
6537,2005-09-15,6,6,2.9,20.0,True,"[""Donner""]","[""10326990"", ""10326991"", ""10326992"", ""10326993"", ""10326994"", ""10326995""]"
6538,2005-09-15,5,5,3.2,9.7,True,"[""Donner""]","[""10326996"", ""10326997"", ""10326998"", ""10326999"", ""10327000""]"
6540,2005-08-15,5,5,28.5,53.6,False,"[""Donner""]","[""10327002"", ""10327003"", ""10327004"", ""10327005"", ""10327006""]"
6547,2005-09-15,2,2,0.3,0.4,False,"[""Donner""]","[""10327019"", ""10327020""]"
6548,2005-09-15,6,6,3.5,7.9,True,"[""Donner""]","[""10327021"", ""10327022"", ""10327023"", ""10327024"", ""10327025"", ""10327026""]"
6549,2005-09-15,3,3,3.6,5.4,False,"[""Donner""]","[""10327027"", ""10327028"", ""10327029""]"
6550,2005-09-15,3,3,3.7,9.0,False,"[""Donner""]","[""10327030"", ""10327031"", ""10327032""]"
6554,2005-10-15,5,5,2.3,7.3,False,"[""Donner""]","[""10327036"", ""10327037"", ""10327038"", ""10327039"", ""10327040""]"
659,1998-04-15,2,2,5.5,30.5,True,"[""Donner""]","[""10322623"", ""10322625""]"
6608,2004-10-24,4,2,0.0,2.75,False,"[""Reef_Check""]","[""10320794"", ""10320795""]"
6624,2009-03-15,2,2,1.15,2.02,True,"[""Donner""]","[""10327068"", ""10327069""]"
6644,2005-04-15,2,2,24.29,75.0,True,"[""Donner""]","[""10327077"", ""10327078""]"
666,1994-03-15,2,2,15.0,75.0,False,"[""Donner""]","[""10322640"", ""10322643""]"
6695,2011-11-12,3,2,0.0,1.25,False,"[""Reef_Check""]","[""10319055"", ""10319065""]"
6695,2014-11-22,4,2,0.25,0.62,False,"[""Reef_Check""]","[""10319062"", ""10319063""]"
6701,2011-11-05,4,2,1.0,3.75,False,"[""Reef_Check""]","[""10319289"", ""10319296""]"
6701,2012-05-27,4,2,0.0,1.0,False,"[""Reef_Check""]","[""10319282"", ""10319288""]"
6705,2003-09-27,4,2,0.25,0.75,False,"[""Reef_Check""]","[""10319045"", ""10319046""]"
6709,2011-05-01,4,2,0.25,8.25,False,"[""Reef_Check""]","[""10319327"", ""10319328""]"
6709,2012-11-25,4,2,0.0,8.25,False,"[""Reef_Check""]","[""10319321"", ""10319322""]"
6709,2013-11-24,4,2,0.0,0.02,False,"[""Reef_Check""]","[""10319318"", ""10319319""]"
6709,2014-11-16,3,2,0.38,1.0,False,"[""Reef_Check""]","[""10319317"", ""10319320""]"
6710,2003-11-01,4,2,3.0,5.0,False,"[""Reef_Check""]","[""10319186"", ""10319187""]"
6717,2005-09-15,4,4,7.5,100.0,False,"[""Donner""]","[""10327096"", ""10327099"", ""10327100"", ""10327101""]"
6717,2005-10-15,2,2,85.0,97.5,False,"[""Donner""]","[""10327102"", ""10327103""]"
6720,2005-10-15,2,2,46.0,90.0,False,"[""Donner""]","[""10327108"", ""10327109""]"
6756,2011-04-23,4,2,0.75,1.25,False,"[""Reef_Check""]","[""10319125"", ""10319135""]"
6756,2011-11-19,4,2,0.0,0.5,False,"[""Reef_Check""]","[""10319134"", ""10319139""]"
6756,2012-06-03,4,2,0.0,0.5,False,"[""Reef_Check""]","[""10319131"", ""10319132""]"
6756,2012-11-18,4,2,0.75,1.25,False,"[""Reef_Check""]","[""10319129"", ""10319130""]"
6762,2007-11-11,4,2,0.25,2.5,False,"[""Reef_Check""]","[""10319301"", ""10319302""]"
6764,2007-11-10,4,2,1.0,5.75,False,"[""Reef_Check""]","[""10319304"", ""10319305""]"
6766,2007-11-17,4,2,12.5,15.0,False,"[""Reef_Check""]","[""10319311"", ""10319312""]"
6901,2010-10-20,4,2,0.0,0.5,False,"[""Reef_Check""]","[""10318180"", ""10318183""]"
6904,2010-10-15,4,2,0.5,1.25,False,"[""Reef_Check""]","[""10318258"", ""10318259""]"
6905,2009-10-29,4,2,0.0,0.12,False,"[""Reef_Check""]","[""10318311"", ""10318313""]"
6906,2010-10-15,4,2,0.0,6.25,False,"[""Reef_Check""]","[""10318266"", ""10318267""]"
6907,2009-10-23,4,2,0.12,0.75,False,"[""Reef_Check""]","[""10318268"", ""10318269""]"
6908,2009-10-23,4,2,0.0,0.5,False,"[""Reef_Check""]","[""10318223"", ""10318224""]"
6909,2010-10-15,4,2,0.0,36.25,False,"[""Reef_Check""]","[""10318221"", ""10318222""]"
6910,2009-10-20,4,2,0.75,7.5,False,"[""Reef_Check""]","[""10318176"", ""10318179""]"
6912,2009-10-30,4,2,0.0,0.25,False,"[""Reef_Check""]","[""10318174"", ""10318175""]"
6914,2010-10-14,4,2,0.5,2.0,False,"[""Reef_Check""]","[""10318273"", ""10318274""]"
6916,2009-10-22,4,2,0.25,2.5,False,"[""Reef_Check""]","[""10318307"", ""10318310""]"
6918,2016-10-28,4,2,0.0,0.25,False,"[""Reef_Check""]","[""10318315"", ""10318319""]"
6919,2011-10-13,4,2,0.0,0.25,False,"[""Reef_Check""]","[""10318277"", ""10318285""]"
6919,2013-10-09,4,2,0.0,0.5,False,"[""Reef_Check""]","[""10318281"", ""10318286""]"
6919,2016-10-26,4,2,0.0,7.5,False,"[""Reef_Check""]","[""10318276"", ""10318283""]"
6921,2015-10-29,4,2,0.0,0.25,False,"[""Reef_Check""]","[""10318322"", ""10318323""]"
6926,2015-10-28,4,2,0.0,0.25,False,"[""Reef_Check""]","[""10318232"", ""10318233""]"
6926,2016-10-28,4,2,0.0,0.25,False,"[""Reef_Check""]","[""10318230"", ""10318234""]"
6928,2013-10-10,4,2,0.0,0.5,False,"[""Reef_Check""]","[""10318239"", ""10318240""]"
6929,2010-10-14,4,2,0.5,1.0,False,"[""Reef_Check""]","[""10318255"", ""10318256""]"
6929,2011-10-14,4,2,0.0,0.25,False,"[""Reef_Check""]","[""10318254"", ""10318257""]"
6929,2012-10-11,4,2,0.25,2.25,False,"[""Reef_Check""]","[""10318252"", ""10318253""]"
6930,2015-10-29,4,2,0.0,0.25,False,"[""Reef_Check""]","[""10318216"", ""10318217""]"
6931,2009-10-21,4,2,0.12,0.75,False,"[""Reef_Check""]","[""10318205"", ""10318206""]"
6931,2011-10-12,4,2,0.0,0.25,False,"[""Reef_Check""]","[""10318203"", ""10318204""]"
6932,2013-10-11,4,2,0.0,0.5,False,"[""Reef_Check""]","[""10318245"", ""10318246""]"
6937,2003-10-29,4,2,0.0,0.25,False,"[""Reef_Check""]","[""10313384"", ""10313392""]"
6978,2002-06-15,2,2,1.33,1.64,False,"[""Donner""]","[""10327178"", ""10327179""]"
6996,2002-06-15,2,2,4.17,5.5,True,"[""Donner""]","[""10327197"", ""10327198""]"
709,1998-04-15,2,2,5.5,30.5,True,"[""Donner""]","[""10322694"", ""10322696""]"
7134,2004-08-27,4,2,0.0,8.75,False,"[""Reef_Check""]","[""10314238"", ""10314239""]"
7137,2004-08-29,4,2,0.0,10.0,False,"[""Reef_Check""]","[""10314230"", ""10314231""]"
7185,2003-11-13,4,2,0.5,1.25,False,"[""Reef_Check""]","[""10312565"", ""10312566""]"
7188,2003-11-18,8,3,0.0,1.25,False,"[""Reef_Check""]","[""10312724"", ""10312725"", ""10312816"", ""10312817""]"
719,1998-04-15,2,2,5.5,30.5,True,"[""Donner""]","[""10322719"", ""10322723""]"
7194,2003-11-19,8,3,0.0,1.25,False,"[""Reef_Check""]","[""10312716"", ""10312717"", ""10312718"", ""10312719""]"
7194,2004-06-14,3,2,0.0,0.75,False,"[""Reef_Check""]","[""10312714"", ""10312715""]"
7194,2006-08-18,4,2,1.0,2.0,False,"[""Reef_Check""]","[""10312711"", ""10312713""]"
7194,2007-08-02,4,2,0.0,1.0,False,"[""Reef_Check""]","[""10312712"", ""10312720""]"
7206,2013-06-23,4,2,0.0,21.0,False,"[""Reef_Check""]","[""10311881"", ""10311882""]"
721,1998-04-15,2,2,5.5,30.5,True,"[""Donner""]","[""10322727"", ""10322729""]"
723,1998-04-15,3,3,5.5,75.0,True,"[""Donner""]","[""10322733"", ""10322735"", ""10322737""]"
7232,1998-09-15,2,2,30.5,75.0,True,"[""Donner""]","[""10327329"", ""10327330""]"
724,1998-04-15,2,2,5.5,30.5,True,"[""Donner""]","[""10322739"", ""10322741""]"
725,1998-04-15,2,2,5.5,30.5,True,"[""Donner""]","[""10322743"", ""10322745""]"
7283,2015-02-28,4,2,0.0,0.5,False,"[""Reef_Check""]","[""10312647"", ""10312648""]"
7287,2014-12-14,4,2,0.25,1.0,False,"[""Reef_Check""]","[""10312187"", ""10312188""]"
7290,2006-08-01,4,2,0.0,0.5,False,"[""Reef_Check""]","[""10312302"", ""10312303""]"
7294,2006-07-31,4,2,1.0,2.0,False,"[""Reef_Check""]","[""10312499"", ""10312501""]"
7294,2007-07-18,4,2,0.0,2.0,False,"[""Reef_Check""]","[""10312500"", ""10312502""]"
7297,2007-07-19,4,2,0.0,4.5,False,"[""Reef_Check""]","[""10312294"", ""10312295""]"
7305,2006-07-21,4,2,0.0,7.25,False,"[""Reef_Check""]","[""10312236"", ""10312237""]"
7305,2007-07-02,4,2,0.25,0.75,False,"[""Reef_Check""]","[""10312234"", ""10312235""]"
7307,2006-07-20,4,2,0.0,5.0,False,"[""Reef_Check""]","[""10312197"", ""10312198""]"
7308,2008-08-21,8,3,0.0,10.0,False,"[""Reef_Check""]","[""10311222"", ""10311223"", ""10311224"", ""10311225""]"
7309,2007-07-02,4,2,0.5,0.75,False,"[""Reef_Check""]","[""10312231"", ""10312232""]"
7310,2006-07-21,4,2,1.0,3.0,False,"[""Reef_Check""]","[""10312228"", ""10312229""]"
7311,2005-07-20,4,2,0.0,6.25,False,"[""Reef_Check""]","[""10312225"", ""10312226""]"
7312,2006-07-20,4,2,0.0,6.25,False,"[""Reef_Check""]","[""10312223"", ""10312224""]"
7313,2007-07-02,4,2,0.5,0.75,False,"[""Reef_Check""]","[""10312221"", ""10312222""]"
7314,2007-07-05,4,2,1.0,2.0,False,"[""Reef_Check""]","[""10312217"", ""10312218""]"
7316,2006-07-21,4,2,0.0,13.25,False,"[""Reef_Check""]","[""10312205"", ""10312206""]"
7317,2008-08-21,4,2,0.0,15.0,False,"[""Reef_Check""]","[""10311311"", ""10311312""]"
7320,2006-07-19,4,2,0.12,22.5,False,"[""Reef_Check""]","[""10312209"", ""10312210""]"
7321,2007-07-03,4,2,1.0,2.0,False,"[""Reef_Check""]","[""10312201"", ""10312202""]"
7322,2006-07-19,4,2,1.0,20.0,False,"[""Reef_Check""]","[""10312212"", ""10312213""]"
7322,2007-07-03,4,2,1.0,3.0,False,"[""Reef_Check""]","[""10312211"", ""10312214""]"
7335,2007-07-05,4,2,0.0,2.0,False,"[""Reef_Check""]","[""10312242"", ""10312243""]"
7340,2006-12-07,4,2,0.75,3.12,False,"[""Reef_Check""]","[""10319674"", ""10319676""]"
7341,2006-07-12,6,3,0.0,2.5,False,"[""Reef_Check""]","[""10319669"", ""10319670"", ""10319671""]"
7342,2006-09-29,4,2,0.0,0.62,False,"[""Reef_Check""]","[""10319680"", ""10319681""]"
7365,2010-08-06,6,3,0.0,5.0,False,"[""Reef_Check""]","[""10313095"", ""10313096"", ""10313097""]"
7366,2003-05-12,4,2,0.25,20.75,False,"[""Reef_Check""]","[""10312991"", ""10312992""]"
7367,2003-03-24,4,2,0.5,1.25,False,"[""Reef_Check""]","[""10312935"", ""10312936""]"
7369,2008-07-30,4,2,5.0,10.0,False,"[""Reef_Check""]","[""10312479"", ""10312480""]"
7370,2008-07-10,8,2,0.0,1.0,False,"[""Reef_Check""]","[""10312701"", ""10312702"", ""10312703"", ""10312704""]"
7372,2008-08-17,4,2,0.0,1.0,False,"[""Reef_Check""]","[""10311285"", ""10311286""]"
7373,2007-06-28,4,2,0.25,1.0,False,"[""Reef_Check""]","[""10312620"", ""10312621""]"
7373,2008-07-10,4,2,0.0,2.0,False,"[""Reef_Check""]","[""10312622"", ""10312623""]"
7375,2003-08-11,4,2,3.75,26.25,False,"[""Reef_Check""]","[""10312927"", ""10312928""]"
7379,2003-12-10,4,2,5.0,6.25,False,"[""Reef_Check""]","[""10312748"", ""10312749""]"
7380,2007-07-31,4,2,0.25,1.0,False,"[""Reef_Check""]","[""10312750"", ""10312751""]"
7381,2003-12-10,4,2,0.0,1.25,False,"[""Reef_Check""]","[""10312767"", ""10312768""]"
7382,2003-02-01,4,2,0.0,7.5,False,"[""Reef_Check""]","[""10312615"", ""10312616""]"
7383,2006-08-15,4,2,0.0,1.0,False,"[""Reef_Check""]","[""10312925"", ""10312926""]"
7387,2008-09-05,4,2,0.0,0.5,False,"[""Reef_Check""]","[""10312573"", ""10312574""]"
7389,2004-07-13,4,2,0.0,2.5,False,"[""Reef_Check""]","[""10312794"", ""10312795""]"
7392,2006-08-15,4,2,4.25,10.0,False,"[""Reef_Check""]","[""10312931"", ""10312932""]"
7394,2004-08-05,4,2,0.0,5.0,False,"[""Reef_Check""]","[""10312637"", ""10312638""]"
7394,2006-07-17,4,2,1.0,4.5,False,"[""Reef_Check""]","[""10312634"", ""10312636""]"
7394,2007-06-30,4,2,1.0,2.0,False,"[""Reef_Check""]","[""10312635"", ""10312642""]"
7395,2007-07-30,4,2,0.0,0.75,False,"[""Reef_Check""]","[""10312819"", ""10312821""]"
7396,2004-07-26,4,2,0.0,20.0,False,"[""Reef_Check""]","[""10312825"", ""10312826""]"
7397,2004-07-27,4,2,0.0,5.0,False,"[""Reef_Check""]","[""10312827"", ""10312828""]"
7399,2004-08-03,4,2,0.0,2.0,False,"[""Reef_Check""]","[""10312658"", ""10312665""]"
7399,2006-07-17,4,2,1.0,4.5,False,"[""Reef_Check""]","[""10312660"", ""10312664""]"
7402,2004-07-26,4,2,0.0,1.25,False,"[""Reef_Check""]","[""10312835"", ""10312836""]"
7402,2006-08-14,4,2,0.75,1.0,False,"[""Reef_Check""]","[""10312833"", ""10312834""]"
7403,2004-08-05,4,2,0.0,2.0,False,"[""Reef_Check""]","[""10312676"", ""10312677""]"
7403,2006-07-17,4,2,1.0,4.25,False,"[""Reef_Check""]","[""10312680"", ""10312681""]"
7407,2004-07-14,4,2,0.0,0.5,False,"[""Reef_Check""]","[""10312989"", ""10312990""]"
7408,2004-07-14,4,2,0.0,2.0,False,"[""Reef_Check""]","[""10312778"", ""10312779""]"
7409,2004-07-13,4,2,0.0,10.0,False,"[""Reef_Check""]","[""10312792"", ""10312793""]"
7410,2004-07-15,4,2,0.0,3.75,False,"[""Reef_Check""]","[""10312790"", ""10312791""]"
7411,2003-11-12,4,2,0.0,0.5,False,"[""Reef_Check""]","[""10312707"", ""10312708""]"
7412,2004-07-14,4,2,4.0,5.0,False,"[""Reef_Check""]","[""10312987"", ""10312988""]"
7416,2007-07-30,4,2,1.0,1.25,False,"[""Reef_Check""]","[""10312691"", ""10312692""]"
7419,2006-08-17,4,2,0.5,3.0,False,"[""Reef_Check""]","[""10312758"", ""10312759""]"
7423,2007-06-30,4,2,0.0,1.0,False,"[""Reef_Check""]","[""10312682"", ""10312683""]"
7425,2007-08-07,4,2,0.0,5.0,False,"[""Reef_Check""]","[""10312885"", ""10312886""]"
7425,2008-07-22,8,4,0.0,6.75,False,"[""Reef_Check""]","[""10312887"", ""10312888"", ""10312891"", ""10312892""]"
7425,2008-07-24,4,2,3.75,5.0,False,"[""Reef_Check""]","[""10312889"", ""10312890""]"
7426,2006-08-08,4,2,0.0,0.25,False,"[""Reef_Check""]","[""10312903"", ""10312904""]"
7428,2008-07-24,8,2,0.0,10.0,False,"[""Reef_Check""]","[""10312893"", ""10312894"", ""10312897"", ""10312898""]"
7430,2007-08-07,4,2,0.0,5.0,False,"[""Reef_Check""]","[""10312872"", ""10312873""]"
7431,2006-08-08,4,2,1.0,2.5,False,"[""Reef_Check""]","[""10312901"", ""10312902""]"
7432,2008-07-23,4,2,5.0,15.0,False,"[""Reef_Check""]","[""10312852"", ""10312853""]"
7433,2006-08-07,4,2,0.0,2.0,False,"[""Reef_Check""]","[""10312856"", ""10312857""]"
7433,2007-08-09,4,2,0.25,0.5,False,"[""Reef_Check""]","[""10312858"", ""10312861""]"
7436,2006-08-08,4,2,5.0,8.5,False,"[""Reef_Check""]","[""10312865"", ""10312866""]"
7436,2007-08-07,4,2,0.25,5.0,False,"[""Reef_Check""]","[""10312867"", ""10312868""]"
7436,2008-07-25,4,2,10.0,13.75,False,"[""Reef_Check""]","[""10312864"", ""10312869""]"
7437,2006-03-10,4,2,0.0,5.0,False,"[""Reef_Check""]","[""10312870"", ""10312871""]"
7442,2012-09-08,4,2,1.5,3.5,False,"[""Reef_Check""]","[""10311512"", ""10311513""]"
7445,2013-05-04,4,2,0.0,0.75,False,"[""Reef_Check""]","[""10311402"", ""10311403""]"
7448,2013-05-05,4,2,2.75,3.5,False,"[""Reef_Check""]","[""10311408"", ""10311409""]"
7450,2013-05-04,4,2,2.5,10.25,False,"[""Reef_Check""]","[""10311400"", ""10311401""]"
7452,2006-07-29,4,2,0.0,20.0,False,"[""Reef_Check""]","[""10312977"", ""10312978""]"
7452,2007-07-16,4,2,0.0,1.0,False,"[""Reef_Check""]","[""10312975"", ""10312976""]"
7455,2013-05-03,4,2,0.0,7.0,False,"[""Reef_Check""]","[""10311417"", ""10311419""]"
7470,2006-07-29,4,2,0.0,20.0,False,"[""Reef_Check""]","[""10312798"", ""10312800""]"
7470,2007-07-16,4,2,0.0,1.0,False,"[""Reef_Check""]","[""10312799"", ""10312801""]"
7472,2008-04-02,4,2,0.5,10.0,False,"[""Reef_Check""]","[""10312442"", ""10312443""]"
7475,2014-03-19,4,2,2.0,5.75,False,"[""Reef_Check""]","[""10311412"", ""10311413""]"
7477,2008-07-31,4,2,0.0,10.0,False,"[""Reef_Check""]","[""10312470"", ""10312471""]"
7478,2008-07-31,4,2,0.0,5.0,False,"[""Reef_Check""]","[""10312485"", ""10312488""]"
7485,2008-08-02,4,2,0.0,5.0,False,"[""Reef_Check""]","[""10312517"", ""10312518""]"
7487,2007-07-11,4,2,1.0,1.25,False,"[""Reef_Check""]","[""10312514"", ""10312515""]"
7493,2006-07-25,4,2,0.0,0.25,False,"[""Reef_Check""]","[""10312506"", ""10312507""]"
7493,2007-07-11,4,2,0.0,1.0,False,"[""Reef_Check""]","[""10312504"", ""10312505""]"
7498,2008-04-02,4,2,5.0,26.25,False,"[""Reef_Check""]","[""10312649"", ""10312650""]"
7502,2007-07-10,4,2,0.0,0.25,False,"[""Reef_Check""]","[""10312450"", ""10312453""]"
7503,2008-08-02,4,2,0.0,10.0,False,"[""Reef_Check""]","[""10312467"", ""10312468""]"
7513,2008-08-06,4,2,0.0,5.0,False,"[""Reef_Check""]","[""10312529"", ""10312530""]"
7529,2007-07-15,4,2,0.0,1.0,False,"[""Reef_Check""]","[""10312970"", ""10312971""]"
7537,2008-05-04,4,2,10.0,20.0,False,"[""Reef_Check""]","[""10312444"", ""10312445""]"
7538,2008-08-06,4,2,0.0,20.0,False,"[""Reef_Check""]","[""10312554"", ""10312555""]"
7539,2006-07-26,4,2,0.0,1.5,False,"[""Reef_Check""]","[""10312955"", ""10312956""]"
7539,2007-07-15,4,2,0.0,1.0,False,"[""Reef_Check""]","[""10312957"", ""10312958""]"
7542,2006-07-26,4,2,0.0,0.75,False,"[""Reef_Check""]","[""10312937"", ""10312942""]"
7542,2007-07-14,4,2,0.0,2.0,False,"[""Reef_Check""]","[""10312938"", ""10312941""]"
7595,2013-06-25,4,2,0.0,59.5,False,"[""Reef_Check""]","[""10311875"", ""10311876""]"
7596,2013-06-26,4,2,0.0,40.25,False,"[""Reef_Check""]","[""10311883"", ""10311884""]"
7604,2016-06-12,4,2,1.75,5.5,False,"[""Reef_Check""]","[""10311731"", ""10311732""]"
7620,2014-04-23,4,2,0.0,0.75,False,"[""Reef_Check""]","[""10311819"", ""10311820""]"
7633,2013-04-06,4,2,0.0,2.0,False,"[""Reef_Check""]","[""10311790"", ""10311791""]"
7635,2013-04-20,4,2,1.5,2.5,False,"[""Reef_Check""]","[""10311781"", ""10311785""]"
7635,2013-12-20,4,2,0.0,0.75,False,"[""Reef_Check""]","[""10311786"", ""10311789""]"
7657,2012-11-07,4,2,0.0,1.25,False,"[""Reef_Check""]","[""10311753"", ""10311754""]"
7671,2005-02-21,4,2,0.0,0.25,False,"[""Reef_Check""]","[""10311684"", ""10311685""]"
7684,2014-06-16,4,2,0.0,7.5,False,"[""Reef_Check""]","[""10319003"", ""10319004""]"
7686,2017-04-27,4,2,0.0,14.25,False,"[""Reef_Check""]","[""10319005"", ""10319006""]"
7687,2014-04-30,4,2,0.0,5.0,False,"[""Reef_Check""]","[""10319007"", ""10319008""]"
7720,2008-10-22,3,2,1.25,6.75,False,"[""Reef_Check""]","[""10318678"", ""10318679""]"
7721,2005-12-29,4,2,22.25,44.5,False,"[""Reef_Check""]","[""10318662"", ""10318669""]"
7721,2006-04-22,4,2,0.0,1.5,False,"[""Reef_Check""]","[""10318666"", ""10318667""]"
7723,2008-10-22,4,2,2.5,7.5,False,"[""Reef_Check""]","[""10318551"", ""10318552""]"
7723,2009-02-12,4,2,0.0,1.25,False,"[""Reef_Check""]","[""10318549"", ""10318550""]"
7725,2008-10-22,4,2,8.75,10.0,False,"[""Reef_Check""]","[""10318715"", ""10318716""]"
7733,2005-10-26,4,2,50.0,60.0,False,"[""Reef_Check""]","[""10318854"", ""10318855""]"
7733,2006-02-16,4,2,0.0,20.0,False,"[""Reef_Check""]","[""10318852"", ""10318853""]"
7735,2006-02-16,4,2,0.0,2.5,False,"[""Reef_Check""]","[""10318532"", ""10318533""]"
7737,2007-11-28,4,2,0.0,0.25,False,"[""Reef_Check""]","[""10318657"", ""10318660""]"
7786,2009-01-06,4,2,0.0,0.5,False,"[""Reef_Check""]","[""10317681"", ""10317682""]"
7873,2013-10-07,4,2,0.0,0.02,False,"[""Reef_Check""]","[""10315668"", ""10315670""]"
7875,2013-09-28,4,2,0.5,10.0,False,"[""Reef_Check""]","[""10315690"", ""10315691""]"
7878,2013-09-28,4,2,0.0,0.75,False,"[""Reef_Check""]","[""10315682"", ""10315683""]"
7905,2000-12-15,2,2,3.0,3.25,False,"[""Donner""]","[""10327398"", ""10327399""]"
7905,2001-03-15,2,2,3.75,4.2,False,"[""Donner""]","[""10327394"", ""10327395""]"
7905,2001-09-15,2,2,1.6,2.75,False,"[""Donner""]","[""10327396"", ""10327397""]"
7916,2005-04-15,2,2,9.8,12.22,True,"[""Donner""]","[""10327406"", ""10327407""]"
7916,2007-04-15,2,2,22.93,27.05,True,"[""Donner""]","[""10327408"", ""10327409""]"
7924,2007-04-15,2,2,17.89,19.21,True,"[""Donner""]","[""10327419"", ""10327420""]"
794,1998-04-15,2,2,30.5,75.0,True,"[""Donner""]","[""10322831"", ""10322833""]"
7959,2005-12-15,2,2,22.0,44.5,False,"[""Donner""]","[""10327438"", ""10327439""]"
7971,2009-01-07,4,2,5.75,7.5,False,"[""Reef_Check""]","[""10317532"", ""10317533""]"
7975,2009-01-08,4,2,0.0,25.0,False,"[""Reef_Check""]","[""10317527"", ""10317528""]"
7981,2019-04-27,4,2,0.0,0.75,False,"[""Reef_Check""]","[""10311828"", ""10311830""]"
7989,2017-06-10,4,2,0.0,0.25,False,"[""Reef_Check""]","[""10312087"", ""10312088""]"
7991,2016-04-30,4,2,0.0,17.5,False,"[""Reef_Check""]","[""10312023"", ""10312024""]"
7993,2016-04-30,4,2,0.0,17.5,False,"[""Reef_Check""]","[""10312035"", ""10312036""]"
7994,2017-06-10,4,2,0.0,1.25,False,"[""Reef_Check""]","[""10312079"", ""10312080""]"
7998,2014-10-15,4,2,0.0,1.0,False,"[""Reef_Check""]","[""10311716"", ""10311717""]"
8004,2016-11-23,4,2,0.0,0.75,False,"[""Reef_Check""]","[""10311775"", ""10311777""]"
8005,2016-11-23,4,2,0.0,1.25,False,"[""Reef_Check""]","[""10311759"", ""10311760""]"
8006,2014-10-29,4,2,0.0,0.5,False,"[""Reef_Check""]","[""10311710"", ""10311714""]"
8038,2016-05-28,4,2,0.0,0.5,False,"[""Reef_Check""]","[""10312128"", ""10312129""]"
8038,2018-05-25,4,2,0.0,0.75,False,"[""Reef_Check""]","[""10312122"", ""10312123""]"
8042,2010-07-11,8,2,0.0,0.25,False,"[""Reef_Check""]","[""10312048"", ""10312051"", ""10312052"", ""10312053""]"
8048,2016-05-15,4,2,0.0,3.0,False,"[""Reef_Check""]","[""10312100"", ""10312101""]"
8060,2014-10-15,4,2,0.0,2.0,False,"[""Reef_Check""]","[""10311725"", ""10311726""]"
808,1998-04-15,2,2,30.5,75.0,True,"[""Donner""]","[""10322858"", ""10322860""]"
8101,2007-04-15,4,4,1.08,11.13,True,"[""Donner""]","[""10327459"", ""10327460"", ""10327461"", ""10327463""]"
8105,2005-04-15,2,2,3.06,10.46,True,"[""Donner""]","[""10327467"", ""10327468""]"
8116,2010-05-15,2,2,10.34,26.74,True,"[""Donner""]","[""10327481"", ""10327482""]"
818,1998-04-15,2,2,30.5,75.0,True,"[""Donner""]","[""10322884"", ""10322886""]"
822,1998-04-15,2,2,30.5,75.0,True,"[""Donner""]","[""10322894"", ""10322896""]"
8235,2018-02-12,4,2,1.25,5.25,False,"[""Reef_Check""]","[""10321410"", ""10321411""]"
8238,2009-07-20,4,2,0.0,0.25,False,"[""Reef_Check""]","[""10321360"", ""10321366""]"
8238,2010-05-27,4,2,85.0,88.75,False,"[""Reef_Check""]","[""10321357"", ""10321361""]"
8238,2010-07-15,4,2,55.0,96.5,False,"[""Reef_Check""]","[""10321348"", ""10321359""]"
8238,2010-08-03,4,2,62.5,66.25,False,"[""Reef_Check""]","[""10321334"", ""10321341""]"
8238,2011-01-20,4,2,0.0,0.25,False,"[""Reef_Check""]","[""10321335"", ""10321336""]"
8238,2013-06-10,4,2,0.0,20.0,False,"[""Reef_Check""]","[""10321337"", ""10321338""]"
8238,2014-05-28,4,2,40.0,47.5,False,"[""Reef_Check""]","[""10321342"", ""10321349""]"
8238,2014-06-30,4,2,21.25,27.5,False,"[""Reef_Check""]","[""10321343"", ""10321344""]"
825,1998-04-15,2,2,30.5,75.0,True,"[""Donner""]","[""10322902"", ""10322905""]"
8276,2012-06-17,4,2,0.0,2.25,False,"[""Reef_Check""]","[""10321209"", ""10321210""]"
829,1998-04-15,2,2,30.5,75.0,True,"[""Donner""]","[""10322913"", ""10322915""]"
8306,2018-10-17,4,2,0.0,1.0,False,"[""Reef_Check""]","[""10321383"", ""10321384""]"
8308,2014-07-07,4,2,10.0,11.25,False,"[""Reef_Check""]","[""10321391"", ""10321392""]"
8312,2013-05-10,4,2,0.0,5.0,False,"[""Reef_Check""]","[""10321372"", ""10321374""]"
8312,2014-05-27,4,2,57.5,100.0,False,"[""Reef_Check""]","[""10321370"", ""10321371""]"
8312,2014-07-27,4,2,5.25,12.5,False,"[""Reef_Check""]","[""10321376"", ""10321377""]"
8313,2020-01-09,4,2,1.0,2.5,False,"[""Reef_Check""]","[""10321275"", ""10321276""]"
8316,2014-06-15,4,2,42.5,46.25,False,"[""Reef_Check""]","[""10321401"", ""10321402""]"
8317,2010-08-15,4,2,22.5,70.0,False,"[""Reef_Check""]","[""10321393"", ""10321394""]"
8318,2018-11-21,4,2,0.0,2.75,False,"[""Reef_Check""]","[""10321305"", ""10321306""]"
8319,2007-12-17,4,2,0.75,1.0,False,"[""Reef_Check""]","[""10321320"", ""10321322""]"
8319,2008-08-16,4,2,0.0,1.0,False,"[""Reef_Check""]","[""10321317"", ""10321323""]"
8319,2008-12-30,4,2,1.0,1.25,False,"[""Reef_Check""]","[""10321324"", ""10321325""]"
8319,2010-04-18,4,2,1.0,11.25,False,"[""Reef_Check""]","[""10321314"", ""10321319""]"
8319,2010-05-15,4,2,20.0,66.25,False,"[""Reef_Check""]","[""10321308"", ""10321315""]"
8319,2010-07-07,4,2,20.0,66.25,False,"[""Reef_Check""]","[""10321309"", ""10321318""]"
8319,2010-08-10,4,2,55.0,81.25,False,"[""Reef_Check""]","[""10321310"", ""10321311""]"
834,1998-04-15,2,2,30.5,75.0,True,"[""Donner""]","[""10322924"", ""10322926""]"
8350,2007-11-07,4,2,2.5,10.0,False,"[""Reef_Check""]","[""10318516"", ""10318517""]"
8354,2007-10-26,4,2,0.0,3.5,False,"[""Reef_Check""]","[""10318512"", ""10318513""]"
8369,2005-10-15,2,2,27.3,100.0,False,"[""Donner""]","[""10327557"", ""10327558""]"
8370,2005-10-15,2,2,30.0,89.5,False,"[""Donner""]","[""10327559"", ""10327560""]"
8371,2005-10-15,3,3,52.6,78.9,False,"[""Donner""]","[""10327561"", ""10327562"", ""10327563""]"
8373,2005-11-15,3,3,78.3,100.0,False,"[""Donner""]","[""10327566"", ""10327567"", ""10327568""]"
8374,2005-11-15,2,2,5.5,80.8,True,"[""Donner""]","[""10327569"", ""10327570""]"
8375,2005-11-15,2,2,83.3,85.0,False,"[""Donner""]","[""10327571"", ""10327572""]"
8376,2005-11-15,2,2,87.9,88.2,False,"[""Donner""]","[""10327573"", ""10327574""]"
8382,2005-10-15,2,2,86.7,100.0,False,"[""Donner""]","[""10327580"", ""10327581""]"
8384,2005-10-15,2,2,92.9,100.0,False,"[""Donner""]","[""10327583"", ""10327584""]"
8389,2005-11-15,2,2,6.5,97.0,False,"[""Donner""]","[""10327590"", ""10327591""]"
8392,2005-11-15,4,4,20.0,75.0,True,"[""Donner""]","[""10327594"", ""10327595"", ""10327596"", ""10327597""]"
8394,2005-11-15,2,2,30.6,39.4,False,"[""Donner""]","[""10327599"", ""10327600""]"
8395,2005-11-15,2,2,33.3,89.5,False,"[""Donner""]","[""10327601"", ""10327602""]"
8398,2005-11-15,2,2,75.0,88.9,True,"[""Donner""]","[""10327605"", ""10327606""]"
8399,2005-11-15,2,2,52.0,85.7,False,"[""Donner""]","[""10327607"", ""10327608""]"
8408,2005-11-15,2,2,72.7,75.0,True,"[""Donner""]","[""10327617"", ""10327618""]"
8410,2005-11-15,2,2,75.0,100.0,False,"[""Donner""]","[""10327620"", ""10327621""]"
8411,2005-11-15,2,2,75.0,77.8,False,"[""Donner""]","[""10327622"", ""10327623""]"
8415,2005-11-15,2,2,72.7,75.0,False,"[""Donner""]","[""10327627"", ""10327628""]"
8422,2005-11-15,4,3,5.5,100.0,True,"[""Donner""]","[""10327635"", ""10327636"", ""10327637"", ""10327638""]"
8536,2006-01-15,5,5,16.7,71.4,False,"[""Donner""]","[""10327713"", ""10327714"", ""10327715"", ""10327716"", ""10327717""]"
8537,2005-09-15,6,6,70.0,99.0,False,"[""Donner""]","[""10327721"", ""10327722"", ""10327723"", ""10327724"", ""10327725"", ""10327726""]"
8538,2005-11-15,5,5,76.9,100.0,False,"[""Donner""]","[""10327731"", ""10327732"", ""10327733"", ""10327735"", ""10327736""]"
8538,2006-01-15,2,2,72.7,84.9,False,"[""Donner""]","[""10327727"", ""10327728""]"
8552,2005-10-15,6,6,0.9,6.8,False,"[""Donner""]","[""10327755"", ""10327756"", ""10327757"", ""10327758"", ""10327759"", ""10327760""]"
8553,2005-11-15,6,4,66.7,100.0,False,"[""Donner""]","[""10327762"", ""10327763"", ""10327764"", ""10327765"", ""10327766"", ""10327767""]"
8554,2005-10-15,12,11,66.7,100.0,False,"[""Donner""]","[""10327770"", ""10327771"", ""10327772"", ""10327773"", ""10327774"", ""10327775"", ""10327776"", ""10327777"", ""10327778"", ""10327779"", ""10327780"", ""10327781""]"
8554,2005-11-15,14,9,44.4,100.0,False,"[""Donner""]","[""10327782"", ""10327783"", ""10327784"", ""10327785"", ""10327786"", ""10327787"", ""10327788"", ""10327789"", ""10327790"", ""10327791"", ""10327792"", ""10327793"", ""10327794"", ""10327795""]"
8555,2010-02-15,3,3,5.5,61.0,True,"[""Donner""]","[""10327797"", ""10327798"", ""10327799""]"
8563,2005-10-15,11,11,15.8,100.0,False,"[""Donner""]","[""10327808"", ""10327809"", ""10327810"", ""10327811"", ""10327812"", ""10327813"", ""10327814"", ""10327815"", ""10327816"", ""10327817"", ""10327819""]"
8565,2010-02-15,4,4,5.5,70.0,True,"[""Donner""]","[""10327822"", ""10327824"", ""10327825"", ""10327826""]"
8570,2005-10-15,9,8,71.0,100.0,False,"[""Donner""]","[""10327833"", ""10327834"", ""10327838"", ""10327839"", ""10327840"", ""10327841"", ""10327842"", ""10327843"", ""10327844""]"
8571,2005-10-15,6,6,40.0,95.7,False,"[""Donner""]","[""10327849"", ""10327850"", ""10327851"", ""10327852"", ""10327853"", ""10327854""]"
8572,2005-09-15,6,6,63.0,98.4,False,"[""Donner""]","[""10327858"", ""10327859"", ""10327860"", ""10327861"", ""10327862"", ""10327863""]"
8582,2005-10-15,6,6,5.5,19.2,True,"[""Donner""]","[""10327878"", ""10327879"", ""10327880"", ""10327881"", ""10327882"", ""10327883""]"
8584,2005-11-15,4,4,66.7,100.0,False,"[""Donner""]","[""10327886"", ""10327887"", ""10327888"", ""10327889""]"
8587,2005-09-15,6,6,31.6,80.0,False,"[""Donner""]","[""10327897"", ""10327898"", ""10327899"", ""10327900"", ""10327901"", ""10327902""]"
8588,2005-09-15,6,6,59.1,95.5,False,"[""Donner""]","[""10327905"", ""10327906"", ""10327907"", ""10327908"", ""10327909"", ""10327910""]"
8594,2005-10-15,6,6,43.8,96.7,False,"[""Donner""]","[""10327918"", ""10327919"", ""10327920"", ""10327921"", ""10327922"", ""10327923""]"
8595,2005-10-15,6,6,5.5,92.0,True,"[""Donner""]","[""10327926"", ""10327927"", ""10327928"", ""10327929"", ""10327930"", ""10327931""]"
8596,2005-10-15,5,5,80.0,100.0,False,"[""Donner""]","[""10327934"", ""10327935"", ""10327937"", ""10327938"", ""10327939""]"
8629,2005-09-15,6,6,37.8,88.6,False,"[""Donner""]","[""10327975"", ""10327976"", ""10327977"", ""10327978"", ""10327979"", ""10327980""]"
8630,2005-10-15,6,6,72.2,100.0,False,"[""Donner""]","[""10327984"", ""10327985"", ""10327986"", ""10327987"", ""10327988"", ""10327989""]"
8630,2006-04-15,2,2,19.0,74.0,False,"[""Donner""]","[""10327981"", ""10327982""]"
8643,2005-10-15,6,5,5.5,42.4,True,"[""Donner""]","[""10328004"", ""10328005"", ""10328006"", ""10328007"", ""10328008"", ""10328009""]"
8644,2005-10-15,6,6,76.2,96.2,False,"[""Donner""]","[""10328012"", ""10328013"", ""10328014"", ""10328015"", ""10328016"", ""10328017""]"
8645,2005-09-15,6,6,18.4,60.0,False,"[""Donner""]","[""10328020"", ""10328021"", ""10328022"", ""10328023"", ""10328024"", ""10328025""]"
8649,2005-10-15,2,2,28.2,96.2,False,"[""Donner""]","[""10328031"", ""10328032""]"
8661,2003-05-15,2,2,2.38,7.32,False,"[""Donner""]","[""10328044"", ""10328045""]"
8668,2005-10-15,5,5,0.8,27.8,False,"[""Donner""]","[""10328054"", ""10328055"", ""10328056"", ""10328057"", ""10328058""]"
87,2010-03-06,6,2,0.0,0.5,False,"[""Reef_Check""]","[""10313825"", ""10313830"", ""10313833""]"
87,2016-10-30,4,2,8.75,10.0,False,"[""Reef_Check""]","[""10313822"", ""10313834""]"
87,2017-04-01,4,2,91.0,95.5,False,"[""Reef_Check""]","[""10313820"", ""10313832""]"
8716,2004-03-08,4,2,0.0,0.25,False,"[""Reef_Check""]","[""10315170"", ""10315171""]"
8820,2005-08-15,2,2,1.7,2.2,False,"[""Donner""]","[""10328116"", ""10328117""]"
8820,2005-09-15,2,2,5.5,19.5,True,"[""Donner""]","[""10328118"", ""10328119""]"
8829,2005-08-15,2,2,5.2,9.7,False,"[""Donner""]","[""10328129"", ""10328130""]"
8829,2005-09-15,2,2,79.0,92.0,False,"[""Donner""]","[""10328131"", ""10328132""]"
8829,2005-12-15,2,2,19.0,32.5,False,"[""Donner""]","[""10328133"", ""10328134""]"
8843,2005-08-15,2,2,3.5,8.6,False,"[""Donner""]","[""10328148"", ""10328149""]"
8843,2005-09-15,2,2,76.1,82.3,False,"[""Donner""]","[""10328150"", ""10328151""]"
8843,2005-11-15,2,2,32.0,35.7,False,"[""Donner""]","[""10328152"", ""10328153""]"
8848,2005-08-15,2,2,5.5,80.0,True,"[""Donner""]","[""10328158"", ""10328159""]"
8849,2005-08-15,2,2,43.8,75.0,True,"[""Donner""]","[""10328160"", ""10328161""]"
8854,2005-08-15,2,2,9.5,16.9,False,"[""Donner""]","[""10328166"", ""10328167""]"
8854,2005-09-15,2,2,48.3,72.0,False,"[""Donner""]","[""10328168"", ""10328169""]"
8854,2005-11-15,2,2,5.5,32.3,True,"[""Donner""]","[""10328170"", ""10328171""]"
886,1998-04-15,2,2,53.35,83.1,False,"[""Donner""]","[""10323001"", ""10323002""]"
8997,2003-09-15,2,2,0.52,0.7,False,"[""Donner""]","[""10328320"", ""10328321""]"
9012,2006-09-15,2,2,4.8,4.9,False,"[""Donner""]","[""10328336"", ""10328337""]"
9063,2005-09-15,2,2,5.5,35.0,True,"[""Donner""]","[""10328388"", ""10328389""]"
9106,2005-09-15,2,2,23.8,30.6,False,"[""Donner""]","[""10328435"", ""10328436""]"
9110,2005-09-15,2,2,27.3,66.7,False,"[""Donner""]","[""10328440"", ""10328441""]"
9128,2005-09-15,2,2,75.0,100.0,False,"[""Donner""]","[""10328459"", ""10328460""]"
9130,2005-09-15,3,3,80.0,100.0,False,"[""Donner""]","[""10328462"", ""10328463"", ""10328464""]"
9143,2005-09-15,2,2,47.4,63.6,False,"[""Donner""]","[""10328478"", ""10328479""]"
9147,2005-09-15,2,2,30.5,62.5,True,"[""Donner""]","[""10328483"", ""10328484""]"
9148,2005-09-15,2,2,30.5,62.5,True,"[""Donner""]","[""10328485"", ""10328486""]"
9173,2005-09-15,3,3,66.7,80.0,True,"[""Donner""]","[""10328511"", ""10328512"", ""10328513""]"
9178,2005-09-15,2,2,71.0,86.0,False,"[""Donner""]","[""10328518"", ""10328519""]"
9181,2005-09-15,6,6,57.8,85.9,False,"[""Donner""]","[""10328522"", ""10328523"", ""10328524"", ""10328525"", ""10328526"", ""10328527""]"
9184,2005-09-15,2,2,88.9,100.0,False,"[""Donner""]","[""10328531"", ""10328532""]"
9195,2005-09-15,3,3,33.3,100.0,False,"[""Donner""]","[""10328546"", ""10328547"", ""10328548""]"
9196,2005-09-15,2,2,88.9,100.0,False,"[""Donner""]","[""10328549"", ""10328550""]"
9233,2005-10-15,2,2,9.1,55.6,False,"[""Donner""]","[""10328587"", ""10328588""]"
9266,2005-10-15,2,2,32.0,75.0,True,"[""Donner""]","[""10328621"", ""10328622""]"
9270,2005-10-15,2,2,34.6,57.1,False,"[""Donner""]","[""10328626"", ""10328627""]"
9280,2005-10-15,2,2,77.5,84.1,False,"[""Donner""]","[""10328638"", ""10328639""]"
9339,2005-11-15,2,2,4.0,49.0,False,"[""Donner""]","[""10328700"", ""10328701""]"
9340,2005-11-15,2,2,18.0,40.0,False,"[""Donner""]","[""10328702"", ""10328703""]"
9344,2005-11-15,6,6,33.3,100.0,False,"[""Donner""]","[""10328707"", ""10328708"", ""10328709"", ""10328710"", ""10328711"", ""10328712""]"
9349,2005-11-15,5,5,36.0,73.0,False,"[""Donner""]","[""10328718"", ""10328720"", ""10328721"", ""10328722"", ""10328723""]"
9350,2005-11-15,2,2,58.0,92.0,False,"[""Donner""]","[""10328724"", ""10328725""]"
9363,2005-12-15,2,2,3.8,53.9,False,"[""Donner""]","[""10328738"", ""10328739""]"
9390,2005-12-15,2,2,49.2,52.0,False,"[""Donner""]","[""10328767"", ""10328768""]"
9434,2004-09-11,4,2,0.25,1.25,False,"[""Reef_Check""]","[""10318966"", ""10318967""]"
9437,2003-09-27,4,2,0.0,3.75,False,"[""Reef_Check""]","[""10318992"", ""10318993""]"
9438,2004-09-25,4,2,1.0,1.25,False,"[""Reef_Check""]","[""10318961"", ""10318962""]"
9445,2008-08-31,4,2,0.75,6.25,False,"[""Reef_Check""]","[""10315145"", ""10315146""]"
9448,2008-12-21,4,2,0.5,1.0,False,"[""Reef_Check""]","[""10315159"", ""10315160""]"
9453,2008-03-28,4,2,1.0,13.75,False,"[""Reef_Check""]","[""10315225"", ""10315227""]"
9469,2007-06-10,4,2,0.0,1.25,False,"[""Reef_Check""]","[""10315268"", ""10315271""]"
9530,2004-07-20,12,5,0.0,0.25,False,"[""Reef_Check""]","[""10315888"", ""10315889"", ""10315890"", ""10315891"", ""10315892"", ""10315893""]"
9530,2004-07-21,4,2,0.0,0.5,False,"[""Reef_Check""]","[""10315894"", ""10315895""]"
9530,2004-07-26,12,4,0.0,0.5,False,"[""Reef_Check""]","[""10315896"", ""10315897"", ""10315898"", ""10315899"", ""10315900"", ""10315901""]"
9530,2004-07-27,10,4,0.0,0.5,False,"[""Reef_Check""]","[""10315902"", ""10315903"", ""10315904"", ""10315905"", ""10315906""]"
9537,2004-07-29,16,5,0.0,1.25,False,"[""Reef_Check""]","[""10315912"", ""10315913"", ""10315914"", ""10315915"", ""10315916"", ""10315917"", ""10315918"", ""10315919""]"
9537,2004-07-30,8,4,0.0,0.28,False,"[""Reef_Check""]","[""10315920"", ""10315921"", ""10315922"", ""10315923""]"
9537,2004-07-31,16,3,0.0,0.25,False,"[""Reef_Check""]","[""10315924"", ""10315925"", ""10315926"", ""10315927"", ""10315928"", ""10315929"", ""10315930"", ""10315931""]"
9542,2005-10-15,2,2,2.0,16.2,False,"[""Donner""]","[""10328794"", ""10328795""]"
9542,2005-12-15,2,2,5.5,7.2,True,"[""Donner""]","[""10328797"", ""10328799""]"
9542,2006-01-15,2,2,3.3,5.5,True,"[""Donner""]","[""10328784"", ""10328785""]"
9542,2006-02-15,2,2,4.4,5.6,False,"[""Donner""]","[""10328787"", ""10328788""]"
9542,2006-05-15,3,3,1.0,5.5,True,"[""Donner""]","[""10328789"", ""10328790"", ""10328791""]"
9544,2005-08-15,2,2,0.4,3.3,False,"[""Donner""]","[""10328801"", ""10328802""]"
9556,1999-10-15,2,2,3.95,4.08,False,"[""Donner""]","[""10328817"", ""10328818""]"
9567,2005-12-15,3,3,0.3,20.5,False,"[""Donner""]","[""10328829"", ""10328830"", ""10328831""]"
9568,2005-12-15,3,3,2.1,5.5,True,"[""Donner""]","[""10328832"", ""10328833"", ""10328834""]"
9569,2005-12-15,2,2,0.5,4.6,False,"[""Donner""]","[""10328835"", ""10328836""]"
9571,2005-12-15,3,3,5.1,17.4,False,"[""Donner""]","[""10328839"", ""10328840"", ""10328841""]"
9624,2005-06-26,4,2,0.25,0.5,False,"[""Reef_Check""]","[""10309048"", ""10309049""]"
9731,2005-06-23,4,2,0.0,3.0,False,"[""Reef_Check""]","[""10308999"", ""10309000""]"
9732,2005-06-23,4,2,0.0,1.0,False,"[""Reef_Check""]","[""10309001"", ""10309002""]"
9733,2005-06-25,4,2,0.0,0.25,False,"[""Reef_Check""]","[""10309005"", ""10309006""]"
9734,2005-06-25,4,2,0.0,0.75,False,"[""Reef_Check""]","[""10309003"", ""10309004""]"
9736,2005-06-24,4,2,2.25,2.5,False,"[""Reef_Check""]","[""10308888"", ""10308889""]"
9737,2005-06-24,4,2,0.75,1.5,False,"[""Reef_Check""]","[""10308890"", ""10308891""]"
9744,2004-04-30,4,2,0.25,1.0,False,"[""Reef_Check""]","[""10309189"", ""10309190""]"
9745,2004-04-29,4,2,0.25,0.5,False,"[""Reef_Check""]","[""10309159"", ""10309163""]"
9750,2004-04-10,4,2,0.0,0.5,False,"[""Reef_Check""]","[""10309061"", ""10309062""]"
9750,2005-06-29,4,2,1.75,2.0,False,"[""Reef_Check""]","[""10309063"", ""10309064""]"
9754,2004-05-31,4,2,0.5,1.25,False,"[""Reef_Check""]","[""10308950"", ""10308951""]"
9755,2004-05-27,4,2,0.0,2.0,False,"[""Reef_Check""]","[""10308948"", ""10308949""]"
9757,2004-05-29,4,2,0.0,0.5,False,"[""Reef_Check""]","[""10308924"", ""10308925""]"
9758,2004-05-22,4,2,1.25,2.25,False,"[""Reef_Check""]","[""10308926"", ""10308927""]"
9760,2004-05-23,4,2,1.25,2.25,False,"[""Reef_Check""]","[""10308928"", ""10308929""]"
9762,2004-05-26,4,2,0.0,2.75,False,"[""Reef_Check""]","[""10308935"", ""10308936""]"
9764,2004-05-25,4,2,1.5,2.5,False,"[""Reef_Check""]","[""10308920"", ""10308921""]"
9766,2004-05-25,4,2,0.0,1.5,False,"[""Reef_Check""]","[""10308918"", ""10308919""]"
9785,2008-07-20,4,2,0.0,1.25,False,"[""Reef_Check""]","[""10317750"", ""10317751""]"
9790,2008-07-19,4,2,5.0,10.0,False,"[""Reef_Check""]","[""10317711"", ""10317712""]"
9831,2010-09-15,4,2,17.5,75.0,True,"[""Safaie""]","[""21156"", ""21157"", ""21158"", ""21159""]"
9879,2016-05-05,2,2,83.91,85.95,False,"[""McClanahan""]","[""10290617"", ""10290618""]"
9881,2016-04-30,7,4,60.48,78.14,False,"[""McClanahan""]","[""10290620"", ""10290621"", ""10290622"", ""10290623""]"
9882,2016-04-30,5,4,61.03,80.16,False,"[""McClanahan""]","[""10290624"", ""10290625"", ""10290626"", ""10290627""]"
9883,2016-04-29,4,3,72.08,76.79,False,"[""McClanahan""]","[""10290628"", ""10290629"", ""10290630""]"
9884,2016-04-29,4,3,65.56,81.19,False,"[""McClanahan""]","[""10290631"", ""10290632"", ""10290633""]"
9885,2016-04-29,4,4,68.13,92.73,False,"[""McClanahan""]","[""10290634"", ""10290635"", ""10290636"", ""10290637""]"
9941,2016-05-13,2,2,85.05,93.0,False,"[""McClanahan""]","[""10290475"", ""10290476""]"
9942,2016-05-11,2,2,90.95,94.44,False,"[""McClanahan""]","[""10290479"", ""10290480""]"
9942,2016-05-13,2,2,90.2,91.6,False,"[""McClanahan""]","[""10290477"", ""10290478""]"
9944,2016-05-11,2,2,83.33,92.88,False,"[""McClanahan""]","[""10290482"", ""10290483""]"
9945,2016-04-29,2,2,81.45,87.68,False,"[""McClanahan""]","[""10290484"", ""10290485""]"
9947,2016-05-02,2,2,77.05,83.98,False,"[""McClanahan""]","[""10290487"", ""10290488""]"
9948,2016-05-03,2,2,76.25,82.04,False,"[""McClanahan""]","[""10290489"", ""10290490""]"
9949,2016-05-06,2,2,89.71,93.33,False,"[""McClanahan""]","[""10290491"", ""10290492""]"
9950,2016-05-06,2,2,90.25,92.0,False,"[""McClanahan""]","[""10290494"", ""10290495""]"
9951,2016-05-08,2,2,85.16,91.53,False,"[""McClanahan""]","[""10290496"", ""10290497""]"
9952,2016-05-07,2,2,74.47,81.69,False,"[""McClanahan""]","[""10290498"", ""10290499""]"
999500,2002-06-19,12,2,0.0,5.34,False,"[""AGRRA""]","[""10330673"", ""10330674"", ""10330675"", ""10330676"", ""10330677"", ""10330678"", ""10330679"", ""10330680"", ""10330681"", ""10330682"", ""10330683"", ""10330684""]"
999538,1999-10-06,8,2,2.15,2.38,False,"[""AGRRA""]","[""10329360"", ""10329361"", ""10329362"", ""10329363"", ""10329364"", ""10329365"", ""10329366"", ""10329367""]"
999571,2001-08-21,6,2,0.0,7.63,False,"[""AGRRA""]","[""10330397"", ""10330398"", ""10330399"", ""10330400"", ""10330401"", ""10330402""]"
999599,2001-03-11,8,2,0.0,1.56,False,"[""AGRRA""]","[""10330005"", ""10330006"", ""10330007"", ""10330008"", ""10330009"", ""10330010"", ""10330011"", ""10330012""]"
999786,2002-06-22,5,2,0.0,2.08,False,"[""AGRRA""]","[""10330767"", ""10330768"", ""10330769"", ""10330770"", ""10330777""]"
999829,2001-08-27,6,2,0.76,2.61,False,"[""AGRRA""]","[""10330544"", ""10330545"", ""10330546"", ""10330547"", ""10330548""]"
999838,2002-06-26,4,2,0.0,2.94,False,"[""AGRRA""]","[""10330766"", ""10330795"", ""10330796"", ""10330797""]"
999841,2002-06-27,10,2,0.46,0.57,False,"[""AGRRA""]","[""10330803"", ""10330804"", ""10330805"", ""10330806"", ""10330807"", ""10330808"", ""10330809"", ""10330810"", ""10330811"", ""10330812""]"
999870,2000-08-04,10,2,0.0,0.45,False,"[""AGRRA""]","[""10329833"", ""10329834"", ""10329835"", ""10329836"", ""10329837"", ""10329838"", ""10329839"", ""10329840"", ""10329841"", ""10329842""]"
999873,2003-05-23,11,2,0.52,1.95,False,"[""AGRRA""]","[""10331021"", ""10331022"", ""10331023"", ""10331024"", ""10331025"", ""10331026"", ""10331027"", ""10331028"", ""10331029"", ""10331030"", ""10331031""]"
999912,2000-08-17,10,2,0.0,0.57,False,"[""AGRRA""]","[""10329861"", ""10329862"", ""10329863"", ""10329864"", ""10329865"", ""10329866"", ""10329867"", ""10329868"", ""10329869"", ""10329870""]"
999982,2000-07-13,4,2,0.0,16.81,False,"[""AGRRA""]","[""10329609"", ""10329610"", ""10329611"", ""10329612""]"
